timestamp,latitude,longitude,rainfall_mm,forecast_hours,source,is_forecast,ward_id,data_source_type
2026-08-09T17:22:35.250415+00:00,19.02,72.84,1.41,0,synthetic_sensor,False,1,SYNTHETIC_DEMO_DATA
2026-08-10T17:22:35.250415+00:00,19.02,72.84,1.6,24,synthetic_imd_forecast,True,1,SYNTHETIC_DEMO_DATA
2026-08-11T17:22:35.250415+00:00,19.02,72.84,1.51,48,synthetic_imd_forecast,True,1,SYNTHETIC_DEMO_DATA
2026-08-12T17:22:35.250415+00:00,19.02,72.84,1.45,72,synthetic_imd_forecast,True,1,SYNTHETIC_DEMO_DATA
2026-08-09T17:22:35.250415+00:00,19.07,72.88,0.51,0,synthetic_sensor,False,2,SYNTHETIC_DEMO_DATA
2026-08-10T17:22:35.250415+00:00,19.07,72.88,0.46,24,synthetic_imd_forecast,True,2,SYNTHETIC_DEMO_DATA
2026-08-11T17:22:35.250415+00:00,19.07,72.88,0.44,48,synthetic_imd_forecast,True,2,SYNTHETIC_DEMO_DATA
2026-08-12T17:22:35.250415+00:00,19.07,72.88,0.57,72,synthetic_imd_forecast,True,2,SYNTHETIC_DEMO_DATA
2026-08-09T17:22:35.250415+00:00,19.125,72.855,2.76,0,synthetic_sensor,False,3,SYNTHETIC_DEMO_DATA
2026-08-10T17:22:35.250415+00:00,19.125,72.855,2.93,24,synthetic_imd_forecast,True,3,SYNTHETIC_DEMO_DATA
2026-08-11T17:22:35.250415+00:00,19.125,72.855,2.36,48,synthetic_imd_forecast,True,3,SYNTHETIC_DEMO_DATA
2026-08-12T17:22:35.250415+00:00,19.125,72.855,3.15,72,synthetic_imd_forecast,True,3,SYNTHETIC_DEMO_DATA
2026-08-09T17:22:35.250415+00:00,19.04,72.86,5.36,0,synthetic_sensor,False,4,SYNTHETIC_DEMO_DATA
2026-08-10T17:22:35.250415+00:00,19.04,72.86,4.9,24,synthetic_imd_forecast,True,4,SYNTHETIC_DEMO_DATA
2026-08-11T17:22:35.250415+00:00,19.04,72.86,4.85,48,synthetic_imd_forecast,True,4,SYNTHETIC_DEMO_DATA
2026-08-12T17:22:35.250415+00:00,19.04,72.86,4.85,72,synthetic_imd_forecast,True,4,SYNTHETIC_DEMO_DATA
2026-08-09T18:22:35.250415+00:00,19.02,72.84,1.09,0,synthetic_sensor,False,1,SYNTHETIC_DEMO_DATA
2026-08-10T18:22:35.250415+00:00,19.02,72.84,1.1,24,synthetic_imd_forecast,True,1,SYNTHETIC_DEMO_DATA
2026-08-11T18:22:35.250415+00:00,19.02,72.84,1.07,48,synthetic_imd_forecast,True,1,SYNTHETIC_DEMO_DATA
2026-08-12T18:22:35.250415+00:00,19.02,72.84,1.02,72,synthetic_imd_forecast,True,1,SYNTHETIC_DEMO_DATA
2026-08-09T18:22:35.250415+00:00,19.07,72.88,2.84,0,synthetic_sensor,False,2,SYNTHETIC_DEMO_DATA
2026-08-10T18:22:35.250415+00:00,19.07,72.88,2.53,24,synthetic_imd_forecast,True,2,SYNTHETIC_DEMO_DATA
2026-08-11T18:22:35.250415+00:00,19.07,72.88,2.66,48,synthetic_imd_forecast,True,2,SYNTHETIC_DEMO_DATA
2026-08-12T18:22:35.250415+00:00,19.07,72.88,2.73,72,synthetic_imd_forecast,True,2,SYNTHETIC_DEMO_DATA
2026-08-09T18:22:35.250415+00:00,19.125,72.855,1.83,0,synthetic_sensor,False,3,SYNTHETIC_DEMO_DATA
2026-08-10T18:22:35.250415+00:00,19.125,72.855,1.99,24,synthetic_imd_forecast,True,3,SYNTHETIC_DEMO_DATA
2026-08-11T18:22:35.250415+00:00,19.125,72.855,1.67,48,synthetic_imd_forecast,True,3,SYNTHETIC_DEMO_DATA
2026-08-12T18:22:35.250415+00:00,19.125,72.855,1.84,72,synthetic_imd_forecast,True,3,SYNTHETIC_DEMO_DATA
2026-08-09T18:22:35.250415+00:00,19.04,72.86,2.69,0,synthetic_sensor,False,4,SYNTHETIC_DEMO_DATA
2026-08-10T18:22:35.250415+00:00,19.04,72.86,2.32,24,synthetic_imd_forecast,True,4,SYNTHETIC_DEMO_DATA
2026-08-11T18:22:35.250415+00:00,19.04,72.86,2.78,48,synthetic_imd_forecast,True,4,SYNTHETIC_DEMO_DATA
2026-08-12T18:22:35.250415+00:00,19.04,72.86,2.42,72,synthetic_imd_forecast,True,4,SYNTHETIC_DEMO_DATA
2026-08-09T19:22:35.250415+00:00,19.02,72.84,0.2,0,synthetic_sensor,False,1,SYNTHETIC_DEMO_DATA
2026-08-10T19:22:35.250415+00:00,19.02,72.84,0.23,24,synthetic_imd_forecast,True,1,SYNTHETIC_DEMO_DATA
2026-08-11T19:22:35.250415+00:00,19.02,72.84,0.23,48,synthetic_imd_forecast,True,1,SYNTHETIC_DEMO_DATA
2026-08-12T19:22:35.250415+00:00,19.02,72.84,0.22,72,synthetic_imd_forecast,True,1,SYNTHETIC_DEMO_DATA
2026-08-09T19:22:35.250415+00:00,19.07,72.88,1.09,0,synthetic_sensor,False,2,SYNTHETIC_DEMO_DATA
2026-08-10T19:22:35.250415+00:00,19.07,72.88,0.96,24,synthetic_imd_forecast,True,2,SYNTHETIC_DEMO_DATA
2026-08-11T19:22:35.250415+00:00,19.07,72.88,1.15,48,synthetic_imd_forecast,True,2,SYNTHETIC_DEMO_DATA
2026-08-12T19:22:35.250415+00:00,19.07,72.88,1.07,72,synthetic_imd_forecast,True,2,SYNTHETIC_DEMO_DATA
2026-08-09T19:22:35.250415+00:00,19.125,72.855,0.39,0,synthetic_sensor,False,3,SYNTHETIC_DEMO_DATA
2026-08-10T19:22:35.250415+00:00,19.125,72.855,0.39,24,synthetic_imd_forecast,True,3,SYNTHETIC_DEMO_DATA
2026-08-11T19:22:35.250415+00:00,19.125,72.855,0.34,48,synthetic_imd_forecast,True,3,SYNTHETIC_DEMO_DATA
2026-08-12T19:22:35.250415+00:00,19.125,72.855,0.44,72,synthetic_imd_forecast,True,3,SYNTHETIC_DEMO_DATA
2026-08-09T19:22:35.250415+00:00,19.04,72.86,0.9,0,synthetic_sensor,False,4,SYNTHETIC_DEMO_DATA
2026-08-10T19:22:35.250415+00:00,19.04,72.86,0.94,24,synthetic_imd_forecast,True,4,SYNTHETIC_DEMO_DATA
2026-08-11T19:22:35.250415+00:00,19.04,72.86,0.85,48,synthetic_imd_forecast,True,4,SYNTHETIC_DEMO_DATA
2026-08-12T19:22:35.250415+00:00,19.04,72.86,0.91,72,synthetic_imd_forecast,True,4,SYNTHETIC_DEMO_DATA
2026-08-09T20:22:35.250415+00:00,19.02,72.84,2.37,0,synthetic_sensor,False,1,SYNTHETIC_DEMO_DATA
2026-08-10T20:22:35.250415+00:00,19.02,72.84,2.15,24,synthetic_imd_forecast,True,1,SYNTHETIC_DEMO_DATA
2026-08-11T20:22:35.250415+00:00,19.02,72.84,2.7,48,synthetic_imd_forecast,True,1,SYNTHETIC_DEMO_DATA
2026-08-12T20:22:35.250415+00:00,19.02,72.84,2.57,72,synthetic_imd_forecast,True,1,SYNTHETIC_DEMO_DATA
2026-08-09T20:22:35.250415+00:00,19.07,72.88,8.42,0,synthetic_sensor,False,2,SYNTHETIC_DEMO_DATA
2026-08-10T20:22:35.250415+00:00,19.07,72.88,9.42,24,synthetic_imd_forecast,True,2,SYNTHETIC_DEMO_DATA
2026-08-11T20:22:35.250415+00:00,19.07,72.88,8.67,48,synthetic_imd_forecast,True,2,SYNTHETIC_DEMO_DATA
2026-08-12T20:22:35.250415+00:00,19.07,72.88,9.49,72,synthetic_imd_forecast,True,2,SYNTHETIC_DEMO_DATA
2026-08-09T20:22:35.250415+00:00,19.125,72.855,0.28,0,synthetic_sensor,False,3,SYNTHETIC_DEMO_DATA
2026-08-10T20:22:35.250415+00:00,19.125,72.855,0.25,24,synthetic_imd_forecast,True,3,SYNTHETIC_DEMO_DATA
2026-08-11T20:22:35.250415+00:00,19.125,72.855,0.24,48,synthetic_imd_forecast,True,3,SYNTHETIC_DEMO_DATA
2026-08-12T20:22:35.250415+00:00,19.125,72.855,0.27,72,synthetic_imd_forecast,True,3,SYNTHETIC_DEMO_DATA
2026-08-09T20:22:35.250415+00:00,19.04,72.86,1.48,0,synthetic_sensor,False,4,SYNTHETIC_DEMO_DATA
2026-08-10T20:22:35.250415+00:00,19.04,72.86,1.38,24,synthetic_imd_forecast,True,4,SYNTHETIC_DEMO_DATA
2026-08-11T20:22:35.250415+00:00,19.04,72.86,1.63,48,synthetic_imd_forecast,True,4,SYNTHETIC_DEMO_DATA
2026-08-12T20:22:35.250415+00:00,19.04,72.86,1.42,72,synthetic_imd_forecast,True,4,SYNTHETIC_DEMO_DATA
2026-08-09T21:22:35.250415+00:00,19.02,72.84,0.99,0,synthetic_sensor,False,1,SYNTHETIC_DEMO_DATA
2026-08-10T21:22:35.250415+00:00,19.02,72.84,1.0,24,synthetic_imd_forecast,True,1,SYNTHETIC_DEMO_DATA
2026-08-11T21:22:35.250415+00:00,19.02,72.84,0.88,48,synthetic_imd_forecast,True,1,SYNTHETIC_DEMO_DATA
2026-08-12T21:22:35.250415+00:00,19.02,72.84,1.08,72,synthetic_imd_forecast,True,1,SYNTHETIC_DEMO_DATA
2026-08-09T21:22:35.250415+00:00,19.07,72.88,0.23,0,synthetic_sensor,False,2,SYNTHETIC_DEMO_DATA
2026-08-10T21:22:35.250415+00:00,19.07,72.88,0.26,24,synthetic_imd_forecast,True,2,SYNTHETIC_DEMO_DATA
2026-08-11T21:22:35.250415+00:00,19.07,72.88,0.25,48,synthetic_imd_forecast,True,2,SYNTHETIC_DEMO_DATA
2026-08-12T21:22:35.250415+00:00,19.07,72.88,0.21,72,synthetic_imd_forecast,True,2,SYNTHETIC_DEMO_DATA
2026-08-09T21:22:35.250415+00:00,19.125,72.855,0.02,0,synthetic_sensor,False,3,SYNTHETIC_DEMO_DATA
2026-08-10T21:22:35.250415+00:00,19.125,72.855,0.02,24,synthetic_imd_forecast,True,3,SYNTHETIC_DEMO_DATA
2026-08-11T21:22:35.250415+00:00,19.125,72.855,0.02,48,synthetic_imd_forecast,True,3,SYNTHETIC_DEMO_DATA
2026-08-12T21:22:35.250415+00:00,19.125,72.855,0.02,72,synthetic_imd_forecast,True,3,SYNTHETIC_DEMO_DATA
2026-08-09T21:22:35.250415+00:00,19.04,72.86,4.43,0,synthetic_sensor,False,4,SYNTHETIC_DEMO_DATA
2026-08-10T21:22:35.250415+00:00,19.04,72.86,3.86,24,synthetic_imd_forecast,True,4,SYNTHETIC_DEMO_DATA
2026-08-11T21:22:35.250415+00:00,19.04,72.86,4.24,48,synthetic_imd_forecast,True,4,SYNTHETIC_DEMO_DATA
2026-08-12T21:22:35.250415+00:00,19.04,72.86,3.92,72,synthetic_imd_forecast,True,4,SYNTHETIC_DEMO_DATA
2026-08-09T22:22:35.250415+00:00,19.02,72.84,5.97,0,synthetic_sensor,False,1,SYNTHETIC_DEMO_DATA
2026-08-10T22:22:35.250415+00:00,19.02,72.84,6.19,24,synthetic_imd_forecast,True,1,SYNTHETIC_DEMO_DATA
2026-08-11T22:22:35.250415+00:00,19.02,72.84,5.67,48,synthetic_imd_forecast,True,1,SYNTHETIC_DEMO_DATA
2026-08-12T22:22:35.250415+00:00,19.02,72.84,5.19,72,synthetic_imd_forecast,True,1,SYNTHETIC_DEMO_DATA
2026-08-09T22:22:35.250415+00:00,19.07,72.88,1.12,0,synthetic_sensor,False,2,SYNTHETIC_DEMO_DATA
2026-08-10T22:22:35.250415+00:00,19.07,72.88,1.06,24,synthetic_imd_forecast,True,2,SYNTHETIC_DEMO_DATA
2026-08-11T22:22:35.250415+00:00,19.07,72.88,1.2,48,synthetic_imd_forecast,True,2,SYNTHETIC_DEMO_DATA
2026-08-12T22:22:35.250415+00:00,19.07,72.88,1.17,72,synthetic_imd_forecast,True,2,SYNTHETIC_DEMO_DATA
2026-08-09T22:22:35.250415+00:00,19.125,72.855,6.55,0,synthetic_sensor,False,3,SYNTHETIC_DEMO_DATA
2026-08-10T22:22:35.250415+00:00,19.125,72.855,6.5,24,synthetic_imd_forecast,True,3,SYNTHETIC_DEMO_DATA
2026-08-11T22:22:35.250415+00:00,19.125,72.855,5.8,48,synthetic_imd_forecast,True,3,SYNTHETIC_DEMO_DATA
2026-08-12T22:22:35.250415+00:00,19.125,72.855,6.97,72,synthetic_imd_forecast,True,3,SYNTHETIC_DEMO_DATA
2026-08-09T22:22:35.250415+00:00,19.04,72.86,4.29,0,synthetic_sensor,False,4,SYNTHETIC_DEMO_DATA
2026-08-10T22:22:35.250415+00:00,19.04,72.86,4.37,24,synthetic_imd_forecast,True,4,SYNTHETIC_DEMO_DATA
2026-08-11T22:22:35.250415+00:00,19.04,72.86,4.64,48,synthetic_imd_forecast,True,4,SYNTHETIC_DEMO_DATA
2026-08-12T22:22:35.250415+00:00,19.04,72.86,4.28,72,synthetic_imd_forecast,True,4,SYNTHETIC_DEMO_DATA
2026-08-09T23:22:35.250415+00:00,19.02,72.84,2.22,0,synthetic_sensor,False,1,SYNTHETIC_DEMO_DATA
2026-08-10T23:22:35.250415+00:00,19.02,72.84,2.17,24,synthetic_imd_forecast,True,1,SYNTHETIC_DEMO_DATA
2026-08-11T23:22:35.250415+00:00,19.02,72.84,1.9,48,synthetic_imd_forecast,True,1,SYNTHETIC_DEMO_DATA
2026-08-12T23:22:35.250415+00:00,19.02,72.84,1.96,72,synthetic_imd_forecast,True,1,SYNTHETIC_DEMO_DATA
2026-08-09T23:22:35.250415+00:00,19.07,72.88,0.1,0,synthetic_sensor,False,2,SYNTHETIC_DEMO_DATA
2026-08-10T23:22:35.250415+00:00,19.07,72.88,0.1,24,synthetic_imd_forecast,True,2,SYNTHETIC_DEMO_DATA
2026-08-11T23:22:35.250415+00:00,19.07,72.88,0.09,48,synthetic_imd_forecast,True,2,SYNTHETIC_DEMO_DATA
2026-08-12T23:22:35.250415+00:00,19.07,72.88,0.1,72,synthetic_imd_forecast,True,2,SYNTHETIC_DEMO_DATA
2026-08-09T23:22:35.250415+00:00,19.125,72.855,7.14,0,synthetic_sensor,False,3,SYNTHETIC_DEMO_DATA
2026-08-10T23:22:35.250415+00:00,19.125,72.855,6.6,24,synthetic_imd_forecast,True,3,SYNTHETIC_DEMO_DATA
2026-08-11T23:22:35.250415+00:00,19.125,72.855,6.95,48,synthetic_imd_forecast,True,3,SYNTHETIC_DEMO_DATA
2026-08-12T23:22:35.250415+00:00,19.125,72.855,7.69,72,synthetic_imd_forecast,True,3,SYNTHETIC_DEMO_DATA
2026-08-09T23:22:35.250415+00:00,19.04,72.86,0.78,0,synthetic_sensor,False,4,SYNTHETIC_DEMO_DATA
2026-08-10T23:22:35.250415+00:00,19.04,72.86,0.68,24,synthetic_imd_forecast,True,4,SYNTHETIC_DEMO_DATA
2026-08-11T23:22:35.250415+00:00,19.04,72.86,0.73,48,synthetic_imd_forecast,True,4,SYNTHETIC_DEMO_DATA
2026-08-12T23:22:35.250415+00:00,19.04,72.86,0.7,72,synthetic_imd_forecast,True,4,SYNTHETIC_DEMO_DATA
2026-08-10T00:22:35.250415+00:00,19.02,72.84,7.96,0,synthetic_sensor,False,1,SYNTHETIC_DEMO_DATA
2026-08-11T00:22:35.250415+00:00,19.02,72.84,8.7,24,synthetic_imd_forecast,True,1,SYNTHETIC_DEMO_DATA
2026-08-12T00:22:35.250415+00:00,19.02,72.84,8.28,48,synthetic_imd_forecast,True,1,SYNTHETIC_DEMO_DATA
2026-08-13T00:22:35.250415+00:00,19.02,72.84,8.85,72,synthetic_imd_forecast,True,1,SYNTHETIC_DEMO_DATA
2026-08-10T00:22:35.250415+00:00,19.07,72.88,4.88,0,synthetic_sensor,False,2,SYNTHETIC_DEMO_DATA
2026-08-11T00:22:35.250415+00:00,19.07,72.88,4.42,24,synthetic_imd_forecast,True,2,SYNTHETIC_DEMO_DATA
2026-08-12T00:22:35.250415+00:00,19.07,72.88,5.45,48,synthetic_imd_forecast,True,2,SYNTHETIC_DEMO_DATA
2026-08-13T00:22:35.250415+00:00,19.07,72.88,4.94,72,synthetic_imd_forecast,True,2,SYNTHETIC_DEMO_DATA
2026-08-10T00:22:35.250415+00:00,19.125,72.855,4.94,0,synthetic_sensor,False,3,SYNTHETIC_DEMO_DATA
2026-08-11T00:22:35.250415+00:00,19.125,72.855,5.53,24,synthetic_imd_forecast,True,3,SYNTHETIC_DEMO_DATA
2026-08-12T00:22:35.250415+00:00,19.125,72.855,4.67,48,synthetic_imd_forecast,True,3,SYNTHETIC_DEMO_DATA
2026-08-13T00:22:35.250415+00:00,19.125,72.855,4.36,72,synthetic_imd_forecast,True,3,SYNTHETIC_DEMO_DATA
2026-08-10T00:22:35.250415+00:00,19.04,72.86,0.78,0,synthetic_sensor,False,4,SYNTHETIC_DEMO_DATA
2026-08-11T00:22:35.250415+00:00,19.04,72.86,0.76,24,synthetic_imd_forecast,True,4,SYNTHETIC_DEMO_DATA
2026-08-12T00:22:35.250415+00:00,19.04,72.86,0.85,48,synthetic_imd_forecast,True,4,SYNTHETIC_DEMO_DATA
2026-08-13T00:22:35.250415+00:00,19.04,72.86,0.86,72,synthetic_imd_forecast,True,4,SYNTHETIC_DEMO_DATA
2026-08-10T01:22:35.250415+00:00,19.02,72.84,0.02,0,synthetic_sensor,False,1,SYNTHETIC_DEMO_DATA
2026-08-11T01:22:35.250415+00:00,19.02,72.84,0.02,24,synthetic_imd_forecast,True,1,SYNTHETIC_DEMO_DATA
2026-08-12T01:22:35.250415+00:00,19.02,72.84,0.02,48,synthetic_imd_forecast,True,1,SYNTHETIC_DEMO_DATA
2026-08-13T01:22:35.250415+00:00,19.02,72.84,0.02,72,synthetic_imd_forecast,True,1,SYNTHETIC_DEMO_DATA
2026-08-10T01:22:35.250415+00:00,19.07,72.88,0.38,0,synthetic_sensor,False,2,SYNTHETIC_DEMO_DATA
2026-08-11T01:22:35.250415+00:00,19.07,72.88,0.36,24,synthetic_imd_forecast,True,2,SYNTHETIC_DEMO_DATA
2026-08-12T01:22:35.250415+00:00,19.07,72.88,0.43,48,synthetic_imd_forecast,True,2,SYNTHETIC_DEMO_DATA
2026-08-13T01:22:35.250415+00:00,19.07,72.88,0.36,72,synthetic_imd_forecast,True,2,SYNTHETIC_DEMO_DATA
2026-08-10T01:22:35.250415+00:00,19.125,72.855,2.19,0,synthetic_sensor,False,3,SYNTHETIC_DEMO_DATA
2026-08-11T01:22:35.250415+00:00,19.125,72.855,2.32,24,synthetic_imd_forecast,True,3,SYNTHETIC_DEMO_DATA
2026-08-12T01:22:35.250415+00:00,19.125,72.855,2.1,48,synthetic_imd_forecast,True,3,SYNTHETIC_DEMO_DATA
2026-08-13T01:22:35.250415+00:00,19.125,72.855,2.5,72,synthetic_imd_forecast,True,3,SYNTHETIC_DEMO_DATA
2026-08-10T01:22:35.250415+00:00,19.04,72.86,9.85,0,synthetic_sensor,False,4,SYNTHETIC_DEMO_DATA
2026-08-11T01:22:35.250415+00:00,19.04,72.86,9.12,24,synthetic_imd_forecast,True,4,SYNTHETIC_DEMO_DATA
2026-08-12T01:22:35.250415+00:00,19.04,72.86,9.84,48,synthetic_imd_forecast,True,4,SYNTHETIC_DEMO_DATA
2026-08-13T01:22:35.250415+00:00,19.04,72.86,9.26,72,synthetic_imd_forecast,True,4,SYNTHETIC_DEMO_DATA
2026-08-10T02:22:35.250415+00:00,19.02,72.84,1.01,0,synthetic_sensor,False,1,SYNTHETIC_DEMO_DATA
2026-08-11T02:22:35.250415+00:00,19.02,72.84,0.87,24,synthetic_imd_forecast,True,1,SYNTHETIC_DEMO_DATA
2026-08-12T02:22:35.250415+00:00,19.02,72.84,1.04,48,synthetic_imd_forecast,True,1,SYNTHETIC_DEMO_DATA
2026-08-13T02:22:35.250415+00:00,19.02,72.84,1.01,72,synthetic_imd_forecast,True,1,SYNTHETIC_DEMO_DATA
2026-08-10T02:22:35.250415+00:00,19.07,72.88,0.16,0,synthetic_sensor,False,2,SYNTHETIC_DEMO_DATA
2026-08-11T02:22:35.250415+00:00,19.07,72.88,0.15,24,synthetic_imd_forecast,True,2,SYNTHETIC_DEMO_DATA
2026-08-12T02:22:35.250415+00:00,19.07,72.88,0.18,48,synthetic_imd_forecast,True,2,SYNTHETIC_DEMO_DATA
2026-08-13T02:22:35.250415+00:00,19.07,72.88,0.15,72,synthetic_imd_forecast,True,2,SYNTHETIC_DEMO_DATA
2026-08-10T02:22:35.250415+00:00,19.125,72.855,0.47,0,synthetic_sensor,False,3,SYNTHETIC_DEMO_DATA
2026-08-11T02:22:35.250415+00:00,19.125,72.855,0.47,24,synthetic_imd_forecast,True,3,SYNTHETIC_DEMO_DATA
2026-08-12T02:22:35.250415+00:00,19.125,72.855,0.54,48,synthetic_imd_forecast,True,3,SYNTHETIC_DEMO_DATA
2026-08-13T02:22:35.250415+00:00,19.125,72.855,0.43,72,synthetic_imd_forecast,True,3,SYNTHETIC_DEMO_DATA
2026-08-10T02:22:35.250415+00:00,19.04,72.86,3.35,0,synthetic_sensor,False,4,SYNTHETIC_DEMO_DATA
2026-08-11T02:22:35.250415+00:00,19.04,72.86,3.61,24,synthetic_imd_forecast,True,4,SYNTHETIC_DEMO_DATA
2026-08-12T02:22:35.250415+00:00,19.04,72.86,3.09,48,synthetic_imd_forecast,True,4,SYNTHETIC_DEMO_DATA
2026-08-13T02:22:35.250415+00:00,19.04,72.86,3.58,72,synthetic_imd_forecast,True,4,SYNTHETIC_DEMO_DATA
2026-08-10T03:22:35.250415+00:00,19.02,72.84,1.38,0,synthetic_sensor,False,1,SYNTHETIC_DEMO_DATA
2026-08-11T03:22:35.250415+00:00,19.02,72.84,1.43,24,synthetic_imd_forecast,True,1,SYNTHETIC_DEMO_DATA
2026-08-12T03:22:35.250415+00:00,19.02,72.84,1.44,48,synthetic_imd_forecast,True,1,SYNTHETIC_DEMO_DATA
2026-08-13T03:22:35.250415+00:00,19.02,72.84,1.39,72,synthetic_imd_forecast,True,1,SYNTHETIC_DEMO_DATA
2026-08-10T03:22:35.250415+00:00,19.07,72.88,0.28,0,synthetic_sensor,False,2,SYNTHETIC_DEMO_DATA
2026-08-11T03:22:35.250415+00:00,19.07,72.88,0.31,24,synthetic_imd_forecast,True,2,SYNTHETIC_DEMO_DATA
2026-08-12T03:22:35.250415+00:00,19.07,72.88,0.26,48,synthetic_imd_forecast,True,2,SYNTHETIC_DEMO_DATA
2026-08-13T03:22:35.250415+00:00,19.07,72.88,0.25,72,synthetic_imd_forecast,True,2,SYNTHETIC_DEMO_DATA
2026-08-10T03:22:35.250415+00:00,19.125,72.855,0.12,0,synthetic_sensor,False,3,SYNTHETIC_DEMO_DATA
2026-08-11T03:22:35.250415+00:00,19.125,72.855,0.12,24,synthetic_imd_forecast,True,3,SYNTHETIC_DEMO_DATA
2026-08-12T03:22:35.250415+00:00,19.125,72.855,0.13,48,synthetic_imd_forecast,True,3,SYNTHETIC_DEMO_DATA
2026-08-13T03:22:35.250415+00:00,19.125,72.855,0.1,72,synthetic_imd_forecast,True,3,SYNTHETIC_DEMO_DATA
2026-08-10T03:22:35.250415+00:00,19.04,72.86,2.15,0,synthetic_sensor,False,4,SYNTHETIC_DEMO_DATA
2026-08-11T03:22:35.250415+00:00,19.04,72.86,1.97,24,synthetic_imd_forecast,True,4,SYNTHETIC_DEMO_DATA
2026-08-12T03:22:35.250415+00:00,19.04,72.86,2.24,48,synthetic_imd_forecast,True,4,SYNTHETIC_DEMO_DATA
2026-08-13T03:22:35.250415+00:00,19.04,72.86,1.94,72,synthetic_imd_forecast,True,4,SYNTHETIC_DEMO_DATA
2026-08-10T04:22:35.250415+00:00,19.02,72.84,3.52,0,synthetic_sensor,False,1,SYNTHETIC_DEMO_DATA
2026-08-11T04:22:35.250415+00:00,19.02,72.84,3.4,24,synthetic_imd_forecast,True,1,SYNTHETIC_DEMO_DATA
2026-08-12T04:22:35.250415+00:00,19.02,72.84,3.98,48,synthetic_imd_forecast,True,1,SYNTHETIC_DEMO_DATA
2026-08-13T04:22:35.250415+00:00,19.02,72.84,3.14,72,synthetic_imd_forecast,True,1,SYNTHETIC_DEMO_DATA
2026-08-10T04:22:35.250415+00:00,19.07,72.88,1.25,0,synthetic_sensor,False,2,SYNTHETIC_DEMO_DATA
2026-08-11T04:22:35.250415+00:00,19.07,72.88,1.11,24,synthetic_imd_forecast,True,2,SYNTHETIC_DEMO_DATA
2026-08-12T04:22:35.250415+00:00,19.07,72.88,1.41,48,synthetic_imd_forecast,True,2,SYNTHETIC_DEMO_DATA
2026-08-13T04:22:35.250415+00:00,19.07,72.88,1.39,72,synthetic_imd_forecast,True,2,SYNTHETIC_DEMO_DATA
2026-08-10T04:22:35.250415+00:00,19.125,72.855,0.89,0,synthetic_sensor,False,3,SYNTHETIC_DEMO_DATA
2026-08-11T04:22:35.250415+00:00,19.125,72.855,0.93,24,synthetic_imd_forecast,True,3,SYNTHETIC_DEMO_DATA
2026-08-12T04:22:35.250415+00:00,19.125,72.855,0.97,48,synthetic_imd_forecast,True,3,SYNTHETIC_DEMO_DATA
2026-08-13T04:22:35.250415+00:00,19.125,72.855,0.9,72,synthetic_imd_forecast,True,3,SYNTHETIC_DEMO_DATA
2026-08-10T04:22:35.250415+00:00,19.04,72.86,2.26,0,synthetic_sensor,False,4,SYNTHETIC_DEMO_DATA
2026-08-11T04:22:35.250415+00:00,19.04,72.86,2.08,24,synthetic_imd_forecast,True,4,SYNTHETIC_DEMO_DATA
2026-08-12T04:22:35.250415+00:00,19.04,72.86,1.98,48,synthetic_imd_forecast,True,4,SYNTHETIC_DEMO_DATA
2026-08-13T04:22:35.250415+00:00,19.04,72.86,2.53,72,synthetic_imd_forecast,True,4,SYNTHETIC_DEMO_DATA
2026-08-10T05:22:35.250415+00:00,19.02,72.84,6.92,0,synthetic_sensor,False,1,SYNTHETIC_DEMO_DATA
2026-08-11T05:22:35.250415+00:00,19.02,72.84,7.2,24,synthetic_imd_forecast,True,1,SYNTHETIC_DEMO_DATA
2026-08-12T05:22:35.250415+00:00,19.02,72.84,6.59,48,synthetic_imd_forecast,True,1,SYNTHETIC_DEMO_DATA
2026-08-13T05:22:35.250415+00:00,19.02,72.84,6.61,72,synthetic_imd_forecast,True,1,SYNTHETIC_DEMO_DATA
2026-08-10T05:22:35.250415+00:00,19.07,72.88,3.88,0,synthetic_sensor,False,2,SYNTHETIC_DEMO_DATA
2026-08-11T05:22:35.250415+00:00,19.07,72.88,4.34,24,synthetic_imd_forecast,True,2,SYNTHETIC_DEMO_DATA
2026-08-12T05:22:35.250415+00:00,19.07,72.88,4.33,48,synthetic_imd_forecast,True,2,SYNTHETIC_DEMO_DATA
2026-08-13T05:22:35.250415+00:00,19.07,72.88,4.21,72,synthetic_imd_forecast,True,2,SYNTHETIC_DEMO_DATA
2026-08-10T05:22:35.250415+00:00,19.125,72.855,3.08,0,synthetic_sensor,False,3,SYNTHETIC_DEMO_DATA
2026-08-11T05:22:35.250415+00:00,19.125,72.855,2.7,24,synthetic_imd_forecast,True,3,SYNTHETIC_DEMO_DATA
2026-08-12T05:22:35.250415+00:00,19.125,72.855,2.77,48,synthetic_imd_forecast,True,3,SYNTHETIC_DEMO_DATA
2026-08-13T05:22:35.250415+00:00,19.125,72.855,3.45,72,synthetic_imd_forecast,True,3,SYNTHETIC_DEMO_DATA
2026-08-10T05:22:35.250415+00:00,19.04,72.86,2.8,0,synthetic_sensor,False,4,SYNTHETIC_DEMO_DATA
2026-08-11T05:22:35.250415+00:00,19.04,72.86,2.39,24,synthetic_imd_forecast,True,4,SYNTHETIC_DEMO_DATA
2026-08-12T05:22:35.250415+00:00,19.04,72.86,2.47,48,synthetic_imd_forecast,True,4,SYNTHETIC_DEMO_DATA
2026-08-13T05:22:35.250415+00:00,19.04,72.86,2.94,72,synthetic_imd_forecast,True,4,SYNTHETIC_DEMO_DATA
2026-08-10T06:22:35.250415+00:00,19.02,72.84,0.02,0,synthetic_sensor,False,1,SYNTHETIC_DEMO_DATA
2026-08-11T06:22:35.250415+00:00,19.02,72.84,0.02,24,synthetic_imd_forecast,True,1,SYNTHETIC_DEMO_DATA
2026-08-12T06:22:35.250415+00:00,19.02,72.84,0.02,48,synthetic_imd_forecast,True,1,SYNTHETIC_DEMO_DATA
2026-08-13T06:22:35.250415+00:00,19.02,72.84,0.02,72,synthetic_imd_forecast,True,1,SYNTHETIC_DEMO_DATA
2026-08-10T06:22:35.250415+00:00,19.07,72.88,3.17,0,synthetic_sensor,False,2,SYNTHETIC_DEMO_DATA
2026-08-11T06:22:35.250415+00:00,19.07,72.88,2.91,24,synthetic_imd_forecast,True,2,SYNTHETIC_DEMO_DATA
2026-08-12T06:22:35.250415+00:00,19.07,72.88,3.37,48,synthetic_imd_forecast,True,2,SYNTHETIC_DEMO_DATA
2026-08-13T06:22:35.250415+00:00,19.07,72.88,2.92,72,synthetic_imd_forecast,True,2,SYNTHETIC_DEMO_DATA
2026-08-10T06:22:35.250415+00:00,19.125,72.855,1.18,0,synthetic_sensor,False,3,SYNTHETIC_DEMO_DATA
2026-08-11T06:22:35.250415+00:00,19.125,72.855,1.27,24,synthetic_imd_forecast,True,3,SYNTHETIC_DEMO_DATA
2026-08-12T06:22:35.250415+00:00,19.125,72.855,1.23,48,synthetic_imd_forecast,True,3,SYNTHETIC_DEMO_DATA
2026-08-13T06:22:35.250415+00:00,19.125,72.855,1.3,72,synthetic_imd_forecast,True,3,SYNTHETIC_DEMO_DATA
2026-08-10T06:22:35.250415+00:00,19.04,72.86,3.22,0,synthetic_sensor,False,4,SYNTHETIC_DEMO_DATA
2026-08-11T06:22:35.250415+00:00,19.04,72.86,3.29,24,synthetic_imd_forecast,True,4,SYNTHETIC_DEMO_DATA
2026-08-12T06:22:35.250415+00:00,19.04,72.86,2.83,48,synthetic_imd_forecast,True,4,SYNTHETIC_DEMO_DATA
2026-08-13T06:22:35.250415+00:00,19.04,72.86,3.09,72,synthetic_imd_forecast,True,4,SYNTHETIC_DEMO_DATA
2026-08-10T07:22:35.250415+00:00,19.02,72.84,0.92,0,synthetic_sensor,False,1,SYNTHETIC_DEMO_DATA
2026-08-11T07:22:35.250415+00:00,19.02,72.84,0.85,24,synthetic_imd_forecast,True,1,SYNTHETIC_DEMO_DATA
2026-08-12T07:22:35.250415+00:00,19.02,72.84,1.05,48,synthetic_imd_forecast,True,1,SYNTHETIC_DEMO_DATA
2026-08-13T07:22:35.250415+00:00,19.02,72.84,0.89,72,synthetic_imd_forecast,True,1,SYNTHETIC_DEMO_DATA
2026-08-10T07:22:35.250415+00:00,19.07,72.88,6.68,0,synthetic_sensor,False,2,SYNTHETIC_DEMO_DATA
2026-08-11T07:22:35.250415+00:00,19.07,72.88,6.94,24,synthetic_imd_forecast,True,2,SYNTHETIC_DEMO_DATA
2026-08-12T07:22:35.250415+00:00,19.07,72.88,7.27,48,synthetic_imd_forecast,True,2,SYNTHETIC_DEMO_DATA
2026-08-13T07:22:35.250415+00:00,19.07,72.88,6.69,72,synthetic_imd_forecast,True,2,SYNTHETIC_DEMO_DATA
2026-08-10T07:22:35.250415+00:00,19.125,72.855,2.58,0,synthetic_sensor,False,3,SYNTHETIC_DEMO_DATA
2026-08-11T07:22:35.250415+00:00,19.125,72.855,2.57,24,synthetic_imd_forecast,True,3,SYNTHETIC_DEMO_DATA
2026-08-12T07:22:35.250415+00:00,19.125,72.855,2.34,48,synthetic_imd_forecast,True,3,SYNTHETIC_DEMO_DATA
2026-08-13T07:22:35.250415+00:00,19.125,72.855,2.75,72,synthetic_imd_forecast,True,3,SYNTHETIC_DEMO_DATA
2026-08-10T07:22:35.250415+00:00,19.04,72.86,0.99,0,synthetic_sensor,False,4,SYNTHETIC_DEMO_DATA
2026-08-11T07:22:35.250415+00:00,19.04,72.86,0.85,24,synthetic_imd_forecast,True,4,SYNTHETIC_DEMO_DATA
2026-08-12T07:22:35.250415+00:00,19.04,72.86,1.03,48,synthetic_imd_forecast,True,4,SYNTHETIC_DEMO_DATA
2026-08-13T07:22:35.250415+00:00,19.04,72.86,0.89,72,synthetic_imd_forecast,True,4,SYNTHETIC_DEMO_DATA
2026-08-10T08:22:35.250415+00:00,19.02,72.84,8.46,0,synthetic_sensor,False,1,SYNTHETIC_DEMO_DATA
2026-08-11T08:22:35.250415+00:00,19.02,72.84,9.61,24,synthetic_imd_forecast,True,1,SYNTHETIC_DEMO_DATA
2026-08-12T08:22:35.250415+00:00,19.02,72.84,9.51,48,synthetic_imd_forecast,True,1,SYNTHETIC_DEMO_DATA
2026-08-13T08:22:35.250415+00:00,19.02,72.84,8.13,72,synthetic_imd_forecast,True,1,SYNTHETIC_DEMO_DATA
2026-08-10T08:22:35.250415+00:00,19.07,72.88,0.05,0,synthetic_sensor,False,2,SYNTHETIC_DEMO_DATA
2026-08-11T08:22:35.250415+00:00,19.07,72.88,0.06,24,synthetic_imd_forecast,True,2,SYNTHETIC_DEMO_DATA
2026-08-12T08:22:35.250415+00:00,19.07,72.88,0.05,48,synthetic_imd_forecast,True,2,SYNTHETIC_DEMO_DATA
2026-08-13T08:22:35.250415+00:00,19.07,72.88,0.06,72,synthetic_imd_forecast,True,2,SYNTHETIC_DEMO_DATA
2026-08-10T08:22:35.250415+00:00,19.125,72.855,9.94,0,synthetic_sensor,False,3,SYNTHETIC_DEMO_DATA
2026-08-11T08:22:35.250415+00:00,19.125,72.855,10.99,24,synthetic_imd_forecast,True,3,SYNTHETIC_DEMO_DATA
2026-08-12T08:22:35.250415+00:00,19.125,72.855,9.33,48,synthetic_imd_forecast,True,3,SYNTHETIC_DEMO_DATA
2026-08-13T08:22:35.250415+00:00,19.125,72.855,9.6,72,synthetic_imd_forecast,True,3,SYNTHETIC_DEMO_DATA
2026-08-10T08:22:35.250415+00:00,19.04,72.86,5.71,0,synthetic_sensor,False,4,SYNTHETIC_DEMO_DATA
2026-08-11T08:22:35.250415+00:00,19.04,72.86,5.4,24,synthetic_imd_forecast,True,4,SYNTHETIC_DEMO_DATA
2026-08-12T08:22:35.250415+00:00,19.04,72.86,5.14,48,synthetic_imd_forecast,True,4,SYNTHETIC_DEMO_DATA
2026-08-13T08:22:35.250415+00:00,19.04,72.86,5.81,72,synthetic_imd_forecast,True,4,SYNTHETIC_DEMO_DATA
2026-08-10T09:22:35.250415+00:00,19.02,72.84,8.25,0,synthetic_sensor,False,1,SYNTHETIC_DEMO_DATA
2026-08-11T09:22:35.250415+00:00,19.02,72.84,8.74,24,synthetic_imd_forecast,True,1,SYNTHETIC_DEMO_DATA
2026-08-12T09:22:35.250415+00:00,19.02,72.84,8.42,48,synthetic_imd_forecast,True,1,SYNTHETIC_DEMO_DATA
2026-08-13T09:22:35.250415+00:00,19.02,72.84,7.25,72,synthetic_imd_forecast,True,1,SYNTHETIC_DEMO_DATA
2026-08-10T09:22:35.250415+00:00,19.07,72.88,2.86,0,synthetic_sensor,False,2,SYNTHETIC_DEMO_DATA
2026-08-11T09:22:35.250415+00:00,19.07,72.88,3.28,24,synthetic_imd_forecast,True,2,SYNTHETIC_DEMO_DATA
2026-08-12T09:22:35.250415+00:00,19.07,72.88,2.55,48,synthetic_imd_forecast,True,2,SYNTHETIC_DEMO_DATA
2026-08-13T09:22:35.250415+00:00,19.07,72.88,2.88,72,synthetic_imd_forecast,True,2,SYNTHETIC_DEMO_DATA
2026-08-10T09:22:35.250415+00:00,19.125,72.855,6.3,0,synthetic_sensor,False,3,SYNTHETIC_DEMO_DATA
2026-08-11T09:22:35.250415+00:00,19.125,72.855,6.76,24,synthetic_imd_forecast,True,3,SYNTHETIC_DEMO_DATA
2026-08-12T09:22:35.250415+00:00,19.125,72.855,6.67,48,synthetic_imd_forecast,True,3,SYNTHETIC_DEMO_DATA
2026-08-13T09:22:35.250415+00:00,19.125,72.855,6.68,72,synthetic_imd_forecast,True,3,SYNTHETIC_DEMO_DATA
2026-08-10T09:22:35.250415+00:00,19.04,72.86,1.34,0,synthetic_sensor,False,4,SYNTHETIC_DEMO_DATA
2026-08-11T09:22:35.250415+00:00,19.04,72.86,1.26,24,synthetic_imd_forecast,True,4,SYNTHETIC_DEMO_DATA
2026-08-12T09:22:35.250415+00:00,19.04,72.86,1.46,48,synthetic_imd_forecast,True,4,SYNTHETIC_DEMO_DATA
2026-08-13T09:22:35.250415+00:00,19.04,72.86,1.46,72,synthetic_imd_forecast,True,4,SYNTHETIC_DEMO_DATA
2026-08-10T10:22:35.250415+00:00,19.02,72.84,6.05,0,synthetic_sensor,False,1,SYNTHETIC_DEMO_DATA
2026-08-11T10:22:35.250415+00:00,19.02,72.84,6.8,24,synthetic_imd_forecast,True,1,SYNTHETIC_DEMO_DATA
2026-08-12T10:22:35.250415+00:00,19.02,72.84,6.07,48,synthetic_imd_forecast,True,1,SYNTHETIC_DEMO_DATA
2026-08-13T10:22:35.250415+00:00,19.02,72.84,6.05,72,synthetic_imd_forecast,True,1,SYNTHETIC_DEMO_DATA
2026-08-10T10:22:35.250415+00:00,19.07,72.88,4.8,0,synthetic_sensor,False,2,SYNTHETIC_DEMO_DATA
2026-08-11T10:22:35.250415+00:00,19.07,72.88,5.02,24,synthetic_imd_forecast,True,2,SYNTHETIC_DEMO_DATA
2026-08-12T10:22:35.250415+00:00,19.07,72.88,5.09,48,synthetic_imd_forecast,True,2,SYNTHETIC_DEMO_DATA
2026-08-13T10:22:35.250415+00:00,19.07,72.88,5.23,72,synthetic_imd_forecast,True,2,SYNTHETIC_DEMO_DATA
2026-08-10T10:22:35.250415+00:00,19.125,72.855,6.62,0,synthetic_sensor,False,3,SYNTHETIC_DEMO_DATA
2026-08-11T10:22:35.250415+00:00,19.125,72.855,6.3,24,synthetic_imd_forecast,True,3,SYNTHETIC_DEMO_DATA
2026-08-12T10:22:35.250415+00:00,19.125,72.855,6.37,48,synthetic_imd_forecast,True,3,SYNTHETIC_DEMO_DATA
2026-08-13T10:22:35.250415+00:00,19.125,72.855,5.81,72,synthetic_imd_forecast,True,3,SYNTHETIC_DEMO_DATA
2026-08-10T10:22:35.250415+00:00,19.04,72.86,2.59,0,synthetic_sensor,False,4,SYNTHETIC_DEMO_DATA
2026-08-11T10:22:35.250415+00:00,19.04,72.86,2.23,24,synthetic_imd_forecast,True,4,SYNTHETIC_DEMO_DATA
2026-08-12T10:22:35.250415+00:00,19.04,72.86,2.56,48,synthetic_imd_forecast,True,4,SYNTHETIC_DEMO_DATA
2026-08-13T10:22:35.250415+00:00,19.04,72.86,2.62,72,synthetic_imd_forecast,True,4,SYNTHETIC_DEMO_DATA
2026-08-10T11:22:35.250415+00:00,19.02,72.84,1.01,0,synthetic_sensor,False,1,SYNTHETIC_DEMO_DATA
2026-08-11T11:22:35.250415+00:00,19.02,72.84,1.04,24,synthetic_imd_forecast,True,1,SYNTHETIC_DEMO_DATA
2026-08-12T11:22:35.250415+00:00,19.02,72.84,0.87,48,synthetic_imd_forecast,True,1,SYNTHETIC_DEMO_DATA
2026-08-13T11:22:35.250415+00:00,19.02,72.84,0.87,72,synthetic_imd_forecast,True,1,SYNTHETIC_DEMO_DATA
2026-08-10T11:22:35.250415+00:00,19.07,72.88,5.19,0,synthetic_sensor,False,2,SYNTHETIC_DEMO_DATA
2026-08-11T11:22:35.250415+00:00,19.07,72.88,4.97,24,synthetic_imd_forecast,True,2,SYNTHETIC_DEMO_DATA
2026-08-12T11:22:35.250415+00:00,19.07,72.88,4.61,48,synthetic_imd_forecast,True,2,SYNTHETIC_DEMO_DATA
2026-08-13T11:22:35.250415+00:00,19.07,72.88,5.22,72,synthetic_imd_forecast,True,2,SYNTHETIC_DEMO_DATA
2026-08-10T11:22:35.250415+00:00,19.125,72.855,4.41,0,synthetic_sensor,False,3,SYNTHETIC_DEMO_DATA
2026-08-11T11:22:35.250415+00:00,19.125,72.855,4.03,24,synthetic_imd_forecast,True,3,SYNTHETIC_DEMO_DATA
2026-08-12T11:22:35.250415+00:00,19.125,72.855,4.57,48,synthetic_imd_forecast,True,3,SYNTHETIC_DEMO_DATA
2026-08-13T11:22:35.250415+00:00,19.125,72.855,3.86,72,synthetic_imd_forecast,True,3,SYNTHETIC_DEMO_DATA
2026-08-10T11:22:35.250415+00:00,19.04,72.86,0.16,0,synthetic_sensor,False,4,SYNTHETIC_DEMO_DATA
2026-08-11T11:22:35.250415+00:00,19.04,72.86,0.16,24,synthetic_imd_forecast,True,4,SYNTHETIC_DEMO_DATA
2026-08-12T11:22:35.250415+00:00,19.04,72.86,0.16,48,synthetic_imd_forecast,True,4,SYNTHETIC_DEMO_DATA
2026-08-13T11:22:35.250415+00:00,19.04,72.86,0.17,72,synthetic_imd_forecast,True,4,SYNTHETIC_DEMO_DATA
2026-08-10T12:22:35.250415+00:00,19.02,72.84,3.88,0,synthetic_sensor,False,1,SYNTHETIC_DEMO_DATA
2026-08-11T12:22:35.250415+00:00,19.02,72.84,4.43,24,synthetic_imd_forecast,True,1,SYNTHETIC_DEMO_DATA
2026-08-12T12:22:35.250415+00:00,19.02,72.84,3.9,48,synthetic_imd_forecast,True,1,SYNTHETIC_DEMO_DATA
2026-08-13T12:22:35.250415+00:00,19.02,72.84,3.67,72,synthetic_imd_forecast,True,1,SYNTHETIC_DEMO_DATA
2026-08-10T12:22:35.250415+00:00,19.07,72.88,4.76,0,synthetic_sensor,False,2,SYNTHETIC_DEMO_DATA
2026-08-11T12:22:35.250415+00:00,19.07,72.88,4.43,24,synthetic_imd_forecast,True,2,SYNTHETIC_DEMO_DATA
2026-08-12T12:22:35.250415+00:00,19.07,72.88,4.67,48,synthetic_imd_forecast,True,2,SYNTHETIC_DEMO_DATA
2026-08-13T12:22:35.250415+00:00,19.07,72.88,4.16,72,synthetic_imd_forecast,True,2,SYNTHETIC_DEMO_DATA
2026-08-10T12:22:35.250415+00:00,19.125,72.855,0.08,0,synthetic_sensor,False,3,SYNTHETIC_DEMO_DATA
2026-08-11T12:22:35.250415+00:00,19.125,72.855,0.09,24,synthetic_imd_forecast,True,3,SYNTHETIC_DEMO_DATA
2026-08-12T12:22:35.250415+00:00,19.125,72.855,0.09,48,synthetic_imd_forecast,True,3,SYNTHETIC_DEMO_DATA
2026-08-13T12:22:35.250415+00:00,19.125,72.855,0.08,72,synthetic_imd_forecast,True,3,SYNTHETIC_DEMO_DATA
2026-08-10T12:22:35.250415+00:00,19.04,72.86,1.58,0,synthetic_sensor,False,4,SYNTHETIC_DEMO_DATA
2026-08-11T12:22:35.250415+00:00,19.04,72.86,1.43,24,synthetic_imd_forecast,True,4,SYNTHETIC_DEMO_DATA
2026-08-12T12:22:35.250415+00:00,19.04,72.86,1.42,48,synthetic_imd_forecast,True,4,SYNTHETIC_DEMO_DATA
2026-08-13T12:22:35.250415+00:00,19.04,72.86,1.46,72,synthetic_imd_forecast,True,4,SYNTHETIC_DEMO_DATA
2026-08-10T13:22:35.250415+00:00,19.02,72.84,2.39,0,synthetic_sensor,False,1,SYNTHETIC_DEMO_DATA
2026-08-11T13:22:35.250415+00:00,19.02,72.84,2.54,24,synthetic_imd_forecast,True,1,SYNTHETIC_DEMO_DATA
2026-08-12T13:22:35.250415+00:00,19.02,72.84,2.5,48,synthetic_imd_forecast,True,1,SYNTHETIC_DEMO_DATA
2026-08-13T13:22:35.250415+00:00,19.02,72.84,2.23,72,synthetic_imd_forecast,True,1,SYNTHETIC_DEMO_DATA
2026-08-10T13:22:35.250415+00:00,19.07,72.88,9.29,0,synthetic_sensor,False,2,SYNTHETIC_DEMO_DATA
2026-08-11T13:22:35.250415+00:00,19.07,72.88,9.95,24,synthetic_imd_forecast,True,2,SYNTHETIC_DEMO_DATA
2026-08-12T13:22:35.250415+00:00,19.07,72.88,9.44,48,synthetic_imd_forecast,True,2,SYNTHETIC_DEMO_DATA
2026-08-13T13:22:35.250415+00:00,19.07,72.88,9.6,72,synthetic_imd_forecast,True,2,SYNTHETIC_DEMO_DATA
2026-08-10T13:22:35.250415+00:00,19.125,72.855,1.63,0,synthetic_sensor,False,3,SYNTHETIC_DEMO_DATA
2026-08-11T13:22:35.250415+00:00,19.125,72.855,1.51,24,synthetic_imd_forecast,True,3,SYNTHETIC_DEMO_DATA
2026-08-12T13:22:35.250415+00:00,19.125,72.855,1.56,48,synthetic_imd_forecast,True,3,SYNTHETIC_DEMO_DATA
2026-08-13T13:22:35.250415+00:00,19.125,72.855,1.76,72,synthetic_imd_forecast,True,3,SYNTHETIC_DEMO_DATA
2026-08-10T13:22:35.250415+00:00,19.04,72.86,0.04,0,synthetic_sensor,False,4,SYNTHETIC_DEMO_DATA
2026-08-11T13:22:35.250415+00:00,19.04,72.86,0.04,24,synthetic_imd_forecast,True,4,SYNTHETIC_DEMO_DATA
2026-08-12T13:22:35.250415+00:00,19.04,72.86,0.03,48,synthetic_imd_forecast,True,4,SYNTHETIC_DEMO_DATA
2026-08-13T13:22:35.250415+00:00,19.04,72.86,0.03,72,synthetic_imd_forecast,True,4,SYNTHETIC_DEMO_DATA
2026-08-10T14:22:35.250415+00:00,19.02,72.84,5.8,0,synthetic_sensor,False,1,SYNTHETIC_DEMO_DATA
2026-08-11T14:22:35.250415+00:00,19.02,72.84,6.15,24,synthetic_imd_forecast,True,1,SYNTHETIC_DEMO_DATA
2026-08-12T14:22:35.250415+00:00,19.02,72.84,5.76,48,synthetic_imd_forecast,True,1,SYNTHETIC_DEMO_DATA
2026-08-13T14:22:35.250415+00:00,19.02,72.84,5.1,72,synthetic_imd_forecast,True,1,SYNTHETIC_DEMO_DATA
2026-08-10T14:22:35.250415+00:00,19.07,72.88,2.03,0,synthetic_sensor,False,2,SYNTHETIC_DEMO_DATA
2026-08-11T14:22:35.250415+00:00,19.07,72.88,2.01,24,synthetic_imd_forecast,True,2,SYNTHETIC_DEMO_DATA
2026-08-12T14:22:35.250415+00:00,19.07,72.88,1.83,48,synthetic_imd_forecast,True,2,SYNTHETIC_DEMO_DATA
2026-08-13T14:22:35.250415+00:00,19.07,72.88,1.99,72,synthetic_imd_forecast,True,2,SYNTHETIC_DEMO_DATA
2026-08-10T14:22:35.250415+00:00,19.125,72.855,1.53,0,synthetic_sensor,False,3,SYNTHETIC_DEMO_DATA
2026-08-11T14:22:35.250415+00:00,19.125,72.855,1.58,24,synthetic_imd_forecast,True,3,SYNTHETIC_DEMO_DATA
2026-08-12T14:22:35.250415+00:00,19.125,72.855,1.59,48,synthetic_imd_forecast,True,3,SYNTHETIC_DEMO_DATA
2026-08-13T14:22:35.250415+00:00,19.125,72.855,1.32,72,synthetic_imd_forecast,True,3,SYNTHETIC_DEMO_DATA
2026-08-10T14:22:35.250415+00:00,19.04,72.86,1.41,0,synthetic_sensor,False,4,SYNTHETIC_DEMO_DATA
2026-08-11T14:22:35.250415+00:00,19.04,72.86,1.46,24,synthetic_imd_forecast,True,4,SYNTHETIC_DEMO_DATA
2026-08-12T14:22:35.250415+00:00,19.04,72.86,1.41,48,synthetic_imd_forecast,True,4,SYNTHETIC_DEMO_DATA
2026-08-13T14:22:35.250415+00:00,19.04,72.86,1.56,72,synthetic_imd_forecast,True,4,SYNTHETIC_DEMO_DATA
2026-08-10T15:22:35.250415+00:00,19.02,72.84,3.22,0,synthetic_sensor,False,1,SYNTHETIC_DEMO_DATA
2026-08-11T15:22:35.250415+00:00,19.02,72.84,2.89,24,synthetic_imd_forecast,True,1,SYNTHETIC_DEMO_DATA
2026-08-12T15:22:35.250415+00:00,19.02,72.84,2.81,48,synthetic_imd_forecast,True,1,SYNTHETIC_DEMO_DATA
2026-08-13T15:22:35.250415+00:00,19.02,72.84,3.36,72,synthetic_imd_forecast,True,1,SYNTHETIC_DEMO_DATA
2026-08-10T15:22:35.250415+00:00,19.07,72.88,0.08,0,synthetic_sensor,False,2,SYNTHETIC_DEMO_DATA
2026-08-11T15:22:35.250415+00:00,19.07,72.88,0.08,24,synthetic_imd_forecast,True,2,SYNTHETIC_DEMO_DATA
2026-08-12T15:22:35.250415+00:00,19.07,72.88,0.09,48,synthetic_imd_forecast,True,2,SYNTHETIC_DEMO_DATA
2026-08-13T15:22:35.250415+00:00,19.07,72.88,0.08,72,synthetic_imd_forecast,True,2,SYNTHETIC_DEMO_DATA
2026-08-10T15:22:35.250415+00:00,19.125,72.855,1.47,0,synthetic_sensor,False,3,SYNTHETIC_DEMO_DATA
2026-08-11T15:22:35.250415+00:00,19.125,72.855,1.53,24,synthetic_imd_forecast,True,3,SYNTHETIC_DEMO_DATA
2026-08-12T15:22:35.250415+00:00,19.125,72.855,1.45,48,synthetic_imd_forecast,True,3,SYNTHETIC_DEMO_DATA
2026-08-13T15:22:35.250415+00:00,19.125,72.855,1.49,72,synthetic_imd_forecast,True,3,SYNTHETIC_DEMO_DATA
2026-08-10T15:22:35.250415+00:00,19.04,72.86,8.51,0,synthetic_sensor,False,4,SYNTHETIC_DEMO_DATA
2026-08-11T15:22:35.250415+00:00,19.04,72.86,8.22,24,synthetic_imd_forecast,True,4,SYNTHETIC_DEMO_DATA
2026-08-12T15:22:35.250415+00:00,19.04,72.86,9.69,48,synthetic_imd_forecast,True,4,SYNTHETIC_DEMO_DATA
2026-08-13T15:22:35.250415+00:00,19.04,72.86,9.54,72,synthetic_imd_forecast,True,4,SYNTHETIC_DEMO_DATA
2026-08-10T16:22:35.250415+00:00,19.02,72.84,0.65,0,synthetic_sensor,False,1,SYNTHETIC_DEMO_DATA
2026-08-11T16:22:35.250415+00:00,19.02,72.84,0.57,24,synthetic_imd_forecast,True,1,SYNTHETIC_DEMO_DATA
2026-08-12T16:22:35.250415+00:00,19.02,72.84,0.57,48,synthetic_imd_forecast,True,1,SYNTHETIC_DEMO_DATA
2026-08-13T16:22:35.250415+00:00,19.02,72.84,0.56,72,synthetic_imd_forecast,True,1,SYNTHETIC_DEMO_DATA
2026-08-10T16:22:35.250415+00:00,19.07,72.88,0.3,0,synthetic_sensor,False,2,SYNTHETIC_DEMO_DATA
2026-08-11T16:22:35.250415+00:00,19.07,72.88,0.32,24,synthetic_imd_forecast,True,2,SYNTHETIC_DEMO_DATA
2026-08-12T16:22:35.250415+00:00,19.07,72.88,0.26,48,synthetic_imd_forecast,True,2,SYNTHETIC_DEMO_DATA
2026-08-13T16:22:35.250415+00:00,19.07,72.88,0.28,72,synthetic_imd_forecast,True,2,SYNTHETIC_DEMO_DATA
2026-08-10T16:22:35.250415+00:00,19.125,72.855,5.59,0,synthetic_sensor,False,3,SYNTHETIC_DEMO_DATA
2026-08-11T16:22:35.250415+00:00,19.125,72.855,4.79,24,synthetic_imd_forecast,True,3,SYNTHETIC_DEMO_DATA
2026-08-12T16:22:35.250415+00:00,19.125,72.855,6.12,48,synthetic_imd_forecast,True,3,SYNTHETIC_DEMO_DATA
2026-08-13T16:22:35.250415+00:00,19.125,72.855,5.22,72,synthetic_imd_forecast,True,3,SYNTHETIC_DEMO_DATA
2026-08-10T16:22:35.250415+00:00,19.04,72.86,0.38,0,synthetic_sensor,False,4,SYNTHETIC_DEMO_DATA
2026-08-11T16:22:35.250415+00:00,19.04,72.86,0.4,24,synthetic_imd_forecast,True,4,SYNTHETIC_DEMO_DATA
2026-08-12T16:22:35.250415+00:00,19.04,72.86,0.39,48,synthetic_imd_forecast,True,4,SYNTHETIC_DEMO_DATA
2026-08-13T16:22:35.250415+00:00,19.04,72.86,0.42,72,synthetic_imd_forecast,True,4,SYNTHETIC_DEMO_DATA
2026-08-10T17:22:35.250415+00:00,19.02,72.84,3.98,0,synthetic_sensor,False,1,SYNTHETIC_DEMO_DATA
2026-08-11T17:22:35.250415+00:00,19.02,72.84,4.34,24,synthetic_imd_forecast,True,1,SYNTHETIC_DEMO_DATA
2026-08-12T17:22:35.250415+00:00,19.02,72.84,3.72,48,synthetic_imd_forecast,True,1,SYNTHETIC_DEMO_DATA
2026-08-13T17:22:35.250415+00:00,19.02,72.84,3.59,72,synthetic_imd_forecast,True,1,SYNTHETIC_DEMO_DATA
2026-08-10T17:22:35.250415+00:00,19.07,72.88,4.17,0,synthetic_sensor,False,2,SYNTHETIC_DEMO_DATA
2026-08-11T17:22:35.250415+00:00,19.07,72.88,4.55,24,synthetic_imd_forecast,True,2,SYNTHETIC_DEMO_DATA
2026-08-12T17:22:35.250415+00:00,19.07,72.88,4.78,48,synthetic_imd_forecast,True,2,SYNTHETIC_DEMO_DATA
2026-08-13T17:22:35.250415+00:00,19.07,72.88,4.06,72,synthetic_imd_forecast,True,2,SYNTHETIC_DEMO_DATA
2026-08-10T17:22:35.250415+00:00,19.125,72.855,1.4,0,synthetic_sensor,False,3,SYNTHETIC_DEMO_DATA
2026-08-11T17:22:35.250415+00:00,19.125,72.855,1.52,24,synthetic_imd_forecast,True,3,SYNTHETIC_DEMO_DATA
2026-08-12T17:22:35.250415+00:00,19.125,72.855,1.33,48,synthetic_imd_forecast,True,3,SYNTHETIC_DEMO_DATA
2026-08-13T17:22:35.250415+00:00,19.125,72.855,1.58,72,synthetic_imd_forecast,True,3,SYNTHETIC_DEMO_DATA
2026-08-10T17:22:35.250415+00:00,19.04,72.86,5.86,0,synthetic_sensor,False,4,SYNTHETIC_DEMO_DATA
2026-08-11T17:22:35.250415+00:00,19.04,72.86,5.74,24,synthetic_imd_forecast,True,4,SYNTHETIC_DEMO_DATA
2026-08-12T17:22:35.250415+00:00,19.04,72.86,6.3,48,synthetic_imd_forecast,True,4,SYNTHETIC_DEMO_DATA
2026-08-13T17:22:35.250415+00:00,19.04,72.86,6.31,72,synthetic_imd_forecast,True,4,SYNTHETIC_DEMO_DATA
2026-08-10T18:22:35.250415+00:00,19.02,72.84,0.33,0,synthetic_sensor,False,1,SYNTHETIC_DEMO_DATA
2026-08-11T18:22:35.250415+00:00,19.02,72.84,0.37,24,synthetic_imd_forecast,True,1,SYNTHETIC_DEMO_DATA
2026-08-12T18:22:35.250415+00:00,19.02,72.84,0.33,48,synthetic_imd_forecast,True,1,SYNTHETIC_DEMO_DATA
2026-08-13T18:22:35.250415+00:00,19.02,72.84,0.36,72,synthetic_imd_forecast,True,1,SYNTHETIC_DEMO_DATA
2026-08-10T18:22:35.250415+00:00,19.07,72.88,1.16,0,synthetic_sensor,False,2,SYNTHETIC_DEMO_DATA
2026-08-11T18:22:35.250415+00:00,19.07,72.88,1.3,24,synthetic_imd_forecast,True,2,SYNTHETIC_DEMO_DATA
2026-08-12T18:22:35.250415+00:00,19.07,72.88,1.12,48,synthetic_imd_forecast,True,2,SYNTHETIC_DEMO_DATA
2026-08-13T18:22:35.250415+00:00,19.07,72.88,0.99,72,synthetic_imd_forecast,True,2,SYNTHETIC_DEMO_DATA
2026-08-10T18:22:35.250415+00:00,19.125,72.855,7.07,0,synthetic_sensor,False,3,SYNTHETIC_DEMO_DATA
2026-08-11T18:22:35.250415+00:00,19.125,72.855,6.2,24,synthetic_imd_forecast,True,3,SYNTHETIC_DEMO_DATA
2026-08-12T18:22:35.250415+00:00,19.125,72.855,6.69,48,synthetic_imd_forecast,True,3,SYNTHETIC_DEMO_DATA
2026-08-13T18:22:35.250415+00:00,19.125,72.855,8.02,72,synthetic_imd_forecast,True,3,SYNTHETIC_DEMO_DATA
2026-08-10T18:22:35.250415+00:00,19.04,72.86,9.02,0,synthetic_sensor,False,4,SYNTHETIC_DEMO_DATA
2026-08-11T18:22:35.250415+00:00,19.04,72.86,9.22,24,synthetic_imd_forecast,True,4,SYNTHETIC_DEMO_DATA
2026-08-12T18:22:35.250415+00:00,19.04,72.86,9.38,48,synthetic_imd_forecast,True,4,SYNTHETIC_DEMO_DATA
2026-08-13T18:22:35.250415+00:00,19.04,72.86,8.88,72,synthetic_imd_forecast,True,4,SYNTHETIC_DEMO_DATA
2026-08-10T19:22:35.250415+00:00,19.02,72.84,1.04,0,synthetic_sensor,False,1,SYNTHETIC_DEMO_DATA
2026-08-11T19:22:35.250415+00:00,19.02,72.84,0.99,24,synthetic_imd_forecast,True,1,SYNTHETIC_DEMO_DATA
2026-08-12T19:22:35.250415+00:00,19.02,72.84,1.09,48,synthetic_imd_forecast,True,1,SYNTHETIC_DEMO_DATA
2026-08-13T19:22:35.250415+00:00,19.02,72.84,1.12,72,synthetic_imd_forecast,True,1,SYNTHETIC_DEMO_DATA
2026-08-10T19:22:35.250415+00:00,19.07,72.88,4.7,0,synthetic_sensor,False,2,SYNTHETIC_DEMO_DATA
2026-08-11T19:22:35.250415+00:00,19.07,72.88,5.11,24,synthetic_imd_forecast,True,2,SYNTHETIC_DEMO_DATA
2026-08-12T19:22:35.250415+00:00,19.07,72.88,4.12,48,synthetic_imd_forecast,True,2,SYNTHETIC_DEMO_DATA
2026-08-13T19:22:35.250415+00:00,19.07,72.88,4.69,72,synthetic_imd_forecast,True,2,SYNTHETIC_DEMO_DATA
2026-08-10T19:22:35.250415+00:00,19.125,72.855,0.18,0,synthetic_sensor,False,3,SYNTHETIC_DEMO_DATA
2026-08-11T19:22:35.250415+00:00,19.125,72.855,0.18,24,synthetic_imd_forecast,True,3,SYNTHETIC_DEMO_DATA
2026-08-12T19:22:35.250415+00:00,19.125,72.855,0.18,48,synthetic_imd_forecast,True,3,SYNTHETIC_DEMO_DATA
2026-08-13T19:22:35.250415+00:00,19.125,72.855,0.2,72,synthetic_imd_forecast,True,3,SYNTHETIC_DEMO_DATA
2026-08-10T19:22:35.250415+00:00,19.04,72.86,1.3,0,synthetic_sensor,False,4,SYNTHETIC_DEMO_DATA
2026-08-11T19:22:35.250415+00:00,19.04,72.86,1.15,24,synthetic_imd_forecast,True,4,SYNTHETIC_DEMO_DATA
2026-08-12T19:22:35.250415+00:00,19.04,72.86,1.16,48,synthetic_imd_forecast,True,4,SYNTHETIC_DEMO_DATA
2026-08-13T19:22:35.250415+00:00,19.04,72.86,1.4,72,synthetic_imd_forecast,True,4,SYNTHETIC_DEMO_DATA
2026-08-10T20:22:35.250415+00:00,19.02,72.84,2.89,0,synthetic_sensor,False,1,SYNTHETIC_DEMO_DATA
2026-08-11T20:22:35.250415+00:00,19.02,72.84,2.54,24,synthetic_imd_forecast,True,1,SYNTHETIC_DEMO_DATA
2026-08-12T20:22:35.250415+00:00,19.02,72.84,2.53,48,synthetic_imd_forecast,True,1,SYNTHETIC_DEMO_DATA
2026-08-13T20:22:35.250415+00:00,19.02,72.84,3.06,72,synthetic_imd_forecast,True,1,SYNTHETIC_DEMO_DATA
2026-08-10T20:22:35.250415+00:00,19.07,72.88,0.23,0,synthetic_sensor,False,2,SYNTHETIC_DEMO_DATA
2026-08-11T20:22:35.250415+00:00,19.07,72.88,0.25,24,synthetic_imd_forecast,True,2,SYNTHETIC_DEMO_DATA
2026-08-12T20:22:35.250415+00:00,19.07,72.88,0.24,48,synthetic_imd_forecast,True,2,SYNTHETIC_DEMO_DATA
2026-08-13T20:22:35.250415+00:00,19.07,72.88,0.2,72,synthetic_imd_forecast,True,2,SYNTHETIC_DEMO_DATA
2026-08-10T20:22:35.250415+00:00,19.125,72.855,0.27,0,synthetic_sensor,False,3,SYNTHETIC_DEMO_DATA
2026-08-11T20:22:35.250415+00:00,19.125,72.855,0.31,24,synthetic_imd_forecast,True,3,SYNTHETIC_DEMO_DATA
2026-08-12T20:22:35.250415+00:00,19.125,72.855,0.26,48,synthetic_imd_forecast,True,3,SYNTHETIC_DEMO_DATA
2026-08-13T20:22:35.250415+00:00,19.125,72.855,0.26,72,synthetic_imd_forecast,True,3,SYNTHETIC_DEMO_DATA
2026-08-10T20:22:35.250415+00:00,19.04,72.86,5.03,0,synthetic_sensor,False,4,SYNTHETIC_DEMO_DATA
2026-08-11T20:22:35.250415+00:00,19.04,72.86,5.7,24,synthetic_imd_forecast,True,4,SYNTHETIC_DEMO_DATA
2026-08-12T20:22:35.250415+00:00,19.04,72.86,5.76,48,synthetic_imd_forecast,True,4,SYNTHETIC_DEMO_DATA
2026-08-13T20:22:35.250415+00:00,19.04,72.86,5.41,72,synthetic_imd_forecast,True,4,SYNTHETIC_DEMO_DATA
2026-08-10T21:22:35.250415+00:00,19.02,72.84,1.42,0,synthetic_sensor,False,1,SYNTHETIC_DEMO_DATA
2026-08-11T21:22:35.250415+00:00,19.02,72.84,1.24,24,synthetic_imd_forecast,True,1,SYNTHETIC_DEMO_DATA
2026-08-12T21:22:35.250415+00:00,19.02,72.84,1.54,48,synthetic_imd_forecast,True,1,SYNTHETIC_DEMO_DATA
2026-08-13T21:22:35.250415+00:00,19.02,72.84,1.44,72,synthetic_imd_forecast,True,1,SYNTHETIC_DEMO_DATA
2026-08-10T21:22:35.250415+00:00,19.07,72.88,1.66,0,synthetic_sensor,False,2,SYNTHETIC_DEMO_DATA
2026-08-11T21:22:35.250415+00:00,19.07,72.88,1.86,24,synthetic_imd_forecast,True,2,SYNTHETIC_DEMO_DATA
2026-08-12T21:22:35.250415+00:00,19.07,72.88,1.47,48,synthetic_imd_forecast,True,2,SYNTHETIC_DEMO_DATA
2026-08-13T21:22:35.250415+00:00,19.07,72.88,1.66,72,synthetic_imd_forecast,True,2,SYNTHETIC_DEMO_DATA
2026-08-10T21:22:35.250415+00:00,19.125,72.855,0.03,0,synthetic_sensor,False,3,SYNTHETIC_DEMO_DATA
2026-08-11T21:22:35.250415+00:00,19.125,72.855,0.03,24,synthetic_imd_forecast,True,3,SYNTHETIC_DEMO_DATA
2026-08-12T21:22:35.250415+00:00,19.125,72.855,0.03,48,synthetic_imd_forecast,True,3,SYNTHETIC_DEMO_DATA
2026-08-13T21:22:35.250415+00:00,19.125,72.855,0.03,72,synthetic_imd_forecast,True,3,SYNTHETIC_DEMO_DATA
2026-08-10T21:22:35.250415+00:00,19.04,72.86,0.38,0,synthetic_sensor,False,4,SYNTHETIC_DEMO_DATA
2026-08-11T21:22:35.250415+00:00,19.04,72.86,0.4,24,synthetic_imd_forecast,True,4,SYNTHETIC_DEMO_DATA
2026-08-12T21:22:35.250415+00:00,19.04,72.86,0.41,48,synthetic_imd_forecast,True,4,SYNTHETIC_DEMO_DATA
2026-08-13T21:22:35.250415+00:00,19.04,72.86,0.39,72,synthetic_imd_forecast,True,4,SYNTHETIC_DEMO_DATA
2026-08-10T22:22:35.250415+00:00,19.02,72.84,9.82,0,synthetic_sensor,False,1,SYNTHETIC_DEMO_DATA
2026-08-11T22:22:35.250415+00:00,19.02,72.84,9.45,24,synthetic_imd_forecast,True,1,SYNTHETIC_DEMO_DATA
2026-08-12T22:22:35.250415+00:00,19.02,72.84,9.19,48,synthetic_imd_forecast,True,1,SYNTHETIC_DEMO_DATA
2026-08-13T22:22:35.250415+00:00,19.02,72.84,10.91,72,synthetic_imd_forecast,True,1,SYNTHETIC_DEMO_DATA
2026-08-10T22:22:35.250415+00:00,19.07,72.88,0.76,0,synthetic_sensor,False,2,SYNTHETIC_DEMO_DATA
2026-08-11T22:22:35.250415+00:00,19.07,72.88,0.87,24,synthetic_imd_forecast,True,2,SYNTHETIC_DEMO_DATA
2026-08-12T22:22:35.250415+00:00,19.07,72.88,0.65,48,synthetic_imd_forecast,True,2,SYNTHETIC_DEMO_DATA
2026-08-13T22:22:35.250415+00:00,19.07,72.88,0.87,72,synthetic_imd_forecast,True,2,SYNTHETIC_DEMO_DATA
2026-08-10T22:22:35.250415+00:00,19.125,72.855,0.13,0,synthetic_sensor,False,3,SYNTHETIC_DEMO_DATA
2026-08-11T22:22:35.250415+00:00,19.125,72.855,0.15,24,synthetic_imd_forecast,True,3,SYNTHETIC_DEMO_DATA
2026-08-12T22:22:35.250415+00:00,19.125,72.855,0.13,48,synthetic_imd_forecast,True,3,SYNTHETIC_DEMO_DATA
2026-08-13T22:22:35.250415+00:00,19.125,72.855,0.15,72,synthetic_imd_forecast,True,3,SYNTHETIC_DEMO_DATA
2026-08-10T22:22:35.250415+00:00,19.04,72.86,0.23,0,synthetic_sensor,False,4,SYNTHETIC_DEMO_DATA
2026-08-11T22:22:35.250415+00:00,19.04,72.86,0.23,24,synthetic_imd_forecast,True,4,SYNTHETIC_DEMO_DATA
2026-08-12T22:22:35.250415+00:00,19.04,72.86,0.26,48,synthetic_imd_forecast,True,4,SYNTHETIC_DEMO_DATA
2026-08-13T22:22:35.250415+00:00,19.04,72.86,0.23,72,synthetic_imd_forecast,True,4,SYNTHETIC_DEMO_DATA
2026-08-10T23:22:35.250415+00:00,19.02,72.84,2.98,0,synthetic_sensor,False,1,SYNTHETIC_DEMO_DATA
2026-08-11T23:22:35.250415+00:00,19.02,72.84,3.15,24,synthetic_imd_forecast,True,1,SYNTHETIC_DEMO_DATA
2026-08-12T23:22:35.250415+00:00,19.02,72.84,2.94,48,synthetic_imd_forecast,True,1,SYNTHETIC_DEMO_DATA
2026-08-13T23:22:35.250415+00:00,19.02,72.84,3.09,72,synthetic_imd_forecast,True,1,SYNTHETIC_DEMO_DATA
2026-08-10T23:22:35.250415+00:00,19.07,72.88,2.63,0,synthetic_sensor,False,2,SYNTHETIC_DEMO_DATA
2026-08-11T23:22:35.250415+00:00,19.07,72.88,2.95,24,synthetic_imd_forecast,True,2,SYNTHETIC_DEMO_DATA
2026-08-12T23:22:35.250415+00:00,19.07,72.88,2.27,48,synthetic_imd_forecast,True,2,SYNTHETIC_DEMO_DATA
2026-08-13T23:22:35.250415+00:00,19.07,72.88,2.46,72,synthetic_imd_forecast,True,2,SYNTHETIC_DEMO_DATA
2026-08-10T23:22:35.250415+00:00,19.125,72.855,9.01,0,synthetic_sensor,False,3,SYNTHETIC_DEMO_DATA
2026-08-11T23:22:35.250415+00:00,19.125,72.855,10.06,24,synthetic_imd_forecast,True,3,SYNTHETIC_DEMO_DATA
2026-08-12T23:22:35.250415+00:00,19.125,72.855,8.89,48,synthetic_imd_forecast,True,3,SYNTHETIC_DEMO_DATA
2026-08-13T23:22:35.250415+00:00,19.125,72.855,9.33,72,synthetic_imd_forecast,True,3,SYNTHETIC_DEMO_DATA
2026-08-10T23:22:35.250415+00:00,19.04,72.86,0.97,0,synthetic_sensor,False,4,SYNTHETIC_DEMO_DATA
2026-08-11T23:22:35.250415+00:00,19.04,72.86,0.88,24,synthetic_imd_forecast,True,4,SYNTHETIC_DEMO_DATA
2026-08-12T23:22:35.250415+00:00,19.04,72.86,0.96,48,synthetic_imd_forecast,True,4,SYNTHETIC_DEMO_DATA
2026-08-13T23:22:35.250415+00:00,19.04,72.86,0.93,72,synthetic_imd_forecast,True,4,SYNTHETIC_DEMO_DATA
2026-08-11T00:22:35.250415+00:00,19.02,72.84,2.63,0,synthetic_sensor,False,1,SYNTHETIC_DEMO_DATA
2026-08-12T00:22:35.250415+00:00,19.02,72.84,2.3,24,synthetic_imd_forecast,True,1,SYNTHETIC_DEMO_DATA
2026-08-13T00:22:35.250415+00:00,19.02,72.84,3.0,48,synthetic_imd_forecast,True,1,SYNTHETIC_DEMO_DATA
2026-08-14T00:22:35.250415+00:00,19.02,72.84,3.01,72,synthetic_imd_forecast,True,1,SYNTHETIC_DEMO_DATA
2026-08-11T00:22:35.250415+00:00,19.07,72.88,3.59,0,synthetic_sensor,False,2,SYNTHETIC_DEMO_DATA
2026-08-12T00:22:35.250415+00:00,19.07,72.88,3.63,24,synthetic_imd_forecast,True,2,SYNTHETIC_DEMO_DATA
2026-08-13T00:22:35.250415+00:00,19.07,72.88,3.38,48,synthetic_imd_forecast,True,2,SYNTHETIC_DEMO_DATA
2026-08-14T00:22:35.250415+00:00,19.07,72.88,3.93,72,synthetic_imd_forecast,True,2,SYNTHETIC_DEMO_DATA
2026-08-11T00:22:35.250415+00:00,19.125,72.855,3.46,0,synthetic_sensor,False,3,SYNTHETIC_DEMO_DATA
2026-08-12T00:22:35.250415+00:00,19.125,72.855,3.11,24,synthetic_imd_forecast,True,3,SYNTHETIC_DEMO_DATA
2026-08-13T00:22:35.250415+00:00,19.125,72.855,3.89,48,synthetic_imd_forecast,True,3,SYNTHETIC_DEMO_DATA
2026-08-14T00:22:35.250415+00:00,19.125,72.855,3.79,72,synthetic_imd_forecast,True,3,SYNTHETIC_DEMO_DATA
2026-08-11T00:22:35.250415+00:00,19.04,72.86,8.98,0,synthetic_sensor,False,4,SYNTHETIC_DEMO_DATA
2026-08-12T00:22:35.250415+00:00,19.04,72.86,9.59,24,synthetic_imd_forecast,True,4,SYNTHETIC_DEMO_DATA
2026-08-13T00:22:35.250415+00:00,19.04,72.86,9.29,48,synthetic_imd_forecast,True,4,SYNTHETIC_DEMO_DATA
2026-08-14T00:22:35.250415+00:00,19.04,72.86,8.76,72,synthetic_imd_forecast,True,4,SYNTHETIC_DEMO_DATA
2026-08-11T01:22:35.250415+00:00,19.02,72.84,8.1,0,synthetic_sensor,False,1,SYNTHETIC_DEMO_DATA
2026-08-12T01:22:35.250415+00:00,19.02,72.84,8.99,24,synthetic_imd_forecast,True,1,SYNTHETIC_DEMO_DATA
2026-08-13T01:22:35.250415+00:00,19.02,72.84,6.99,48,synthetic_imd_forecast,True,1,SYNTHETIC_DEMO_DATA
2026-08-14T01:22:35.250415+00:00,19.02,72.84,6.95,72,synthetic_imd_forecast,True,1,SYNTHETIC_DEMO_DATA
2026-08-11T01:22:35.250415+00:00,19.07,72.88,1.42,0,synthetic_sensor,False,2,SYNTHETIC_DEMO_DATA
2026-08-12T01:22:35.250415+00:00,19.07,72.88,1.55,24,synthetic_imd_forecast,True,2,SYNTHETIC_DEMO_DATA
2026-08-13T01:22:35.250415+00:00,19.07,72.88,1.63,48,synthetic_imd_forecast,True,2,SYNTHETIC_DEMO_DATA
2026-08-14T01:22:35.250415+00:00,19.07,72.88,1.27,72,synthetic_imd_forecast,True,2,SYNTHETIC_DEMO_DATA
2026-08-11T01:22:35.250415+00:00,19.125,72.855,2.71,0,synthetic_sensor,False,3,SYNTHETIC_DEMO_DATA
2026-08-12T01:22:35.250415+00:00,19.125,72.855,2.61,24,synthetic_imd_forecast,True,3,SYNTHETIC_DEMO_DATA
2026-08-13T01:22:35.250415+00:00,19.125,72.855,3.09,48,synthetic_imd_forecast,True,3,SYNTHETIC_DEMO_DATA
2026-08-14T01:22:35.250415+00:00,19.125,72.855,2.99,72,synthetic_imd_forecast,True,3,SYNTHETIC_DEMO_DATA
2026-08-11T01:22:35.250415+00:00,19.04,72.86,5.47,0,synthetic_sensor,False,4,SYNTHETIC_DEMO_DATA
2026-08-12T01:22:35.250415+00:00,19.04,72.86,5.42,24,synthetic_imd_forecast,True,4,SYNTHETIC_DEMO_DATA
2026-08-13T01:22:35.250415+00:00,19.04,72.86,5.33,48,synthetic_imd_forecast,True,4,SYNTHETIC_DEMO_DATA
2026-08-14T01:22:35.250415+00:00,19.04,72.86,5.1,72,synthetic_imd_forecast,True,4,SYNTHETIC_DEMO_DATA
2026-08-11T02:22:35.250415+00:00,19.02,72.84,0.17,0,synthetic_sensor,False,1,SYNTHETIC_DEMO_DATA
2026-08-12T02:22:35.250415+00:00,19.02,72.84,0.19,24,synthetic_imd_forecast,True,1,SYNTHETIC_DEMO_DATA
2026-08-13T02:22:35.250415+00:00,19.02,72.84,0.19,48,synthetic_imd_forecast,True,1,SYNTHETIC_DEMO_DATA
2026-08-14T02:22:35.250415+00:00,19.02,72.84,0.2,72,synthetic_imd_forecast,True,1,SYNTHETIC_DEMO_DATA
2026-08-11T02:22:35.250415+00:00,19.07,72.88,17.08,0,synthetic_sensor,False,2,SYNTHETIC_DEMO_DATA
2026-08-12T02:22:35.250415+00:00,19.07,72.88,17.36,24,synthetic_imd_forecast,True,2,SYNTHETIC_DEMO_DATA
2026-08-13T02:22:35.250415+00:00,19.07,72.88,18.46,48,synthetic_imd_forecast,True,2,SYNTHETIC_DEMO_DATA
2026-08-14T02:22:35.250415+00:00,19.07,72.88,19.36,72,synthetic_imd_forecast,True,2,SYNTHETIC_DEMO_DATA
2026-08-11T02:22:35.250415+00:00,19.125,72.855,5.68,0,synthetic_sensor,False,3,SYNTHETIC_DEMO_DATA
2026-08-12T02:22:35.250415+00:00,19.125,72.855,5.25,24,synthetic_imd_forecast,True,3,SYNTHETIC_DEMO_DATA
2026-08-13T02:22:35.250415+00:00,19.125,72.855,5.6,48,synthetic_imd_forecast,True,3,SYNTHETIC_DEMO_DATA
2026-08-14T02:22:35.250415+00:00,19.125,72.855,5.05,72,synthetic_imd_forecast,True,3,SYNTHETIC_DEMO_DATA
2026-08-11T02:22:35.250415+00:00,19.04,72.86,9.24,0,synthetic_sensor,False,4,SYNTHETIC_DEMO_DATA
2026-08-12T02:22:35.250415+00:00,19.04,72.86,9.53,24,synthetic_imd_forecast,True,4,SYNTHETIC_DEMO_DATA
2026-08-13T02:22:35.250415+00:00,19.04,72.86,8.49,48,synthetic_imd_forecast,True,4,SYNTHETIC_DEMO_DATA
2026-08-14T02:22:35.250415+00:00,19.04,72.86,9.72,72,synthetic_imd_forecast,True,4,SYNTHETIC_DEMO_DATA
2026-08-11T03:22:35.250415+00:00,19.02,72.84,2.89,0,synthetic_sensor,False,1,SYNTHETIC_DEMO_DATA
2026-08-12T03:22:35.250415+00:00,19.02,72.84,2.77,24,synthetic_imd_forecast,True,1,SYNTHETIC_DEMO_DATA
2026-08-13T03:22:35.250415+00:00,19.02,72.84,2.55,48,synthetic_imd_forecast,True,1,SYNTHETIC_DEMO_DATA
2026-08-14T03:22:35.250415+00:00,19.02,72.84,3.04,72,synthetic_imd_forecast,True,1,SYNTHETIC_DEMO_DATA
2026-08-11T03:22:35.250415+00:00,19.07,72.88,2.2,0,synthetic_sensor,False,2,SYNTHETIC_DEMO_DATA
2026-08-12T03:22:35.250415+00:00,19.07,72.88,2.38,24,synthetic_imd_forecast,True,2,SYNTHETIC_DEMO_DATA
2026-08-13T03:22:35.250415+00:00,19.07,72.88,2.21,48,synthetic_imd_forecast,True,2,SYNTHETIC_DEMO_DATA
2026-08-14T03:22:35.250415+00:00,19.07,72.88,2.43,72,synthetic_imd_forecast,True,2,SYNTHETIC_DEMO_DATA
2026-08-11T03:22:35.250415+00:00,19.125,72.855,2.41,0,synthetic_sensor,False,3,SYNTHETIC_DEMO_DATA
2026-08-12T03:22:35.250415+00:00,19.125,72.855,2.45,24,synthetic_imd_forecast,True,3,SYNTHETIC_DEMO_DATA
2026-08-13T03:22:35.250415+00:00,19.125,72.855,2.68,48,synthetic_imd_forecast,True,3,SYNTHETIC_DEMO_DATA
2026-08-14T03:22:35.250415+00:00,19.125,72.855,2.34,72,synthetic_imd_forecast,True,3,SYNTHETIC_DEMO_DATA
2026-08-11T03:22:35.250415+00:00,19.04,72.86,0.43,0,synthetic_sensor,False,4,SYNTHETIC_DEMO_DATA
2026-08-12T03:22:35.250415+00:00,19.04,72.86,0.37,24,synthetic_imd_forecast,True,4,SYNTHETIC_DEMO_DATA
2026-08-13T03:22:35.250415+00:00,19.04,72.86,0.46,48,synthetic_imd_forecast,True,4,SYNTHETIC_DEMO_DATA
2026-08-14T03:22:35.250415+00:00,19.04,72.86,0.45,72,synthetic_imd_forecast,True,4,SYNTHETIC_DEMO_DATA
2026-08-11T04:22:35.250415+00:00,19.02,72.84,3.65,0,synthetic_sensor,False,1,SYNTHETIC_DEMO_DATA
2026-08-12T04:22:35.250415+00:00,19.02,72.84,3.34,24,synthetic_imd_forecast,True,1,SYNTHETIC_DEMO_DATA
2026-08-13T04:22:35.250415+00:00,19.02,72.84,3.25,48,synthetic_imd_forecast,True,1,SYNTHETIC_DEMO_DATA
2026-08-14T04:22:35.250415+00:00,19.02,72.84,3.12,72,synthetic_imd_forecast,True,1,SYNTHETIC_DEMO_DATA
2026-08-11T04:22:35.250415+00:00,19.07,72.88,1.3,0,synthetic_sensor,False,2,SYNTHETIC_DEMO_DATA
2026-08-12T04:22:35.250415+00:00,19.07,72.88,1.34,24,synthetic_imd_forecast,True,2,SYNTHETIC_DEMO_DATA
2026-08-13T04:22:35.250415+00:00,19.07,72.88,1.26,48,synthetic_imd_forecast,True,2,SYNTHETIC_DEMO_DATA
2026-08-14T04:22:35.250415+00:00,19.07,72.88,1.28,72,synthetic_imd_forecast,True,2,SYNTHETIC_DEMO_DATA
2026-08-11T04:22:35.250415+00:00,19.125,72.855,7.04,0,synthetic_sensor,False,3,SYNTHETIC_DEMO_DATA
2026-08-12T04:22:35.250415+00:00,19.125,72.855,6.72,24,synthetic_imd_forecast,True,3,SYNTHETIC_DEMO_DATA
2026-08-13T04:22:35.250415+00:00,19.125,72.855,7.07,48,synthetic_imd_forecast,True,3,SYNTHETIC_DEMO_DATA
2026-08-14T04:22:35.250415+00:00,19.125,72.855,7.64,72,synthetic_imd_forecast,True,3,SYNTHETIC_DEMO_DATA
2026-08-11T04:22:35.250415+00:00,19.04,72.86,1.52,0,synthetic_sensor,False,4,SYNTHETIC_DEMO_DATA
2026-08-12T04:22:35.250415+00:00,19.04,72.86,1.58,24,synthetic_imd_forecast,True,4,SYNTHETIC_DEMO_DATA
2026-08-13T04:22:35.250415+00:00,19.04,72.86,1.69,48,synthetic_imd_forecast,True,4,SYNTHETIC_DEMO_DATA
2026-08-14T04:22:35.250415+00:00,19.04,72.86,1.72,72,synthetic_imd_forecast,True,4,SYNTHETIC_DEMO_DATA
2026-08-11T05:22:35.250415+00:00,19.02,72.84,0.48,0,synthetic_sensor,False,1,SYNTHETIC_DEMO_DATA
2026-08-12T05:22:35.250415+00:00,19.02,72.84,0.54,24,synthetic_imd_forecast,True,1,SYNTHETIC_DEMO_DATA
2026-08-13T05:22:35.250415+00:00,19.02,72.84,0.48,48,synthetic_imd_forecast,True,1,SYNTHETIC_DEMO_DATA
2026-08-14T05:22:35.250415+00:00,19.02,72.84,0.45,72,synthetic_imd_forecast,True,1,SYNTHETIC_DEMO_DATA
2026-08-11T05:22:35.250415+00:00,19.07,72.88,1.84,0,synthetic_sensor,False,2,SYNTHETIC_DEMO_DATA
2026-08-12T05:22:35.250415+00:00,19.07,72.88,2.1,24,synthetic_imd_forecast,True,2,SYNTHETIC_DEMO_DATA
2026-08-13T05:22:35.250415+00:00,19.07,72.88,1.84,48,synthetic_imd_forecast,True,2,SYNTHETIC_DEMO_DATA
2026-08-14T05:22:35.250415+00:00,19.07,72.88,1.75,72,synthetic_imd_forecast,True,2,SYNTHETIC_DEMO_DATA
2026-08-11T05:22:35.250415+00:00,19.125,72.855,3.01,0,synthetic_sensor,False,3,SYNTHETIC_DEMO_DATA
2026-08-12T05:22:35.250415+00:00,19.125,72.855,2.78,24,synthetic_imd_forecast,True,3,SYNTHETIC_DEMO_DATA
2026-08-13T05:22:35.250415+00:00,19.125,72.855,2.63,48,synthetic_imd_forecast,True,3,SYNTHETIC_DEMO_DATA
2026-08-14T05:22:35.250415+00:00,19.125,72.855,2.67,72,synthetic_imd_forecast,True,3,SYNTHETIC_DEMO_DATA
2026-08-11T05:22:35.250415+00:00,19.04,72.86,0.41,0,synthetic_sensor,False,4,SYNTHETIC_DEMO_DATA
2026-08-12T05:22:35.250415+00:00,19.04,72.86,0.37,24,synthetic_imd_forecast,True,4,SYNTHETIC_DEMO_DATA
2026-08-13T05:22:35.250415+00:00,19.04,72.86,0.37,48,synthetic_imd_forecast,True,4,SYNTHETIC_DEMO_DATA
2026-08-14T05:22:35.250415+00:00,19.04,72.86,0.43,72,synthetic_imd_forecast,True,4,SYNTHETIC_DEMO_DATA
2026-08-11T06:22:35.250415+00:00,19.02,72.84,0.6,0,synthetic_sensor,False,1,SYNTHETIC_DEMO_DATA
2026-08-12T06:22:35.250415+00:00,19.02,72.84,0.57,24,synthetic_imd_forecast,True,1,SYNTHETIC_DEMO_DATA
2026-08-13T06:22:35.250415+00:00,19.02,72.84,0.67,48,synthetic_imd_forecast,True,1,SYNTHETIC_DEMO_DATA
2026-08-14T06:22:35.250415+00:00,19.02,72.84,0.6,72,synthetic_imd_forecast,True,1,SYNTHETIC_DEMO_DATA
2026-08-11T06:22:35.250415+00:00,19.07,72.88,3.3,0,synthetic_sensor,False,2,SYNTHETIC_DEMO_DATA
2026-08-12T06:22:35.250415+00:00,19.07,72.88,2.98,24,synthetic_imd_forecast,True,2,SYNTHETIC_DEMO_DATA
2026-08-13T06:22:35.250415+00:00,19.07,72.88,3.0,48,synthetic_imd_forecast,True,2,SYNTHETIC_DEMO_DATA
2026-08-14T06:22:35.250415+00:00,19.07,72.88,2.85,72,synthetic_imd_forecast,True,2,SYNTHETIC_DEMO_DATA
2026-08-11T06:22:35.250415+00:00,19.125,72.855,0.56,0,synthetic_sensor,False,3,SYNTHETIC_DEMO_DATA
2026-08-12T06:22:35.250415+00:00,19.125,72.855,0.52,24,synthetic_imd_forecast,True,3,SYNTHETIC_DEMO_DATA
2026-08-13T06:22:35.250415+00:00,19.125,72.855,0.51,48,synthetic_imd_forecast,True,3,SYNTHETIC_DEMO_DATA
2026-08-14T06:22:35.250415+00:00,19.125,72.855,0.49,72,synthetic_imd_forecast,True,3,SYNTHETIC_DEMO_DATA
2026-08-11T06:22:35.250415+00:00,19.04,72.86,0.39,0,synthetic_sensor,False,4,SYNTHETIC_DEMO_DATA
2026-08-12T06:22:35.250415+00:00,19.04,72.86,0.39,24,synthetic_imd_forecast,True,4,SYNTHETIC_DEMO_DATA
2026-08-13T06:22:35.250415+00:00,19.04,72.86,0.36,48,synthetic_imd_forecast,True,4,SYNTHETIC_DEMO_DATA
2026-08-14T06:22:35.250415+00:00,19.04,72.86,0.37,72,synthetic_imd_forecast,True,4,SYNTHETIC_DEMO_DATA
2026-08-11T07:22:35.250415+00:00,19.02,72.84,2.1,0,synthetic_sensor,False,1,SYNTHETIC_DEMO_DATA
2026-08-12T07:22:35.250415+00:00,19.02,72.84,2.22,24,synthetic_imd_forecast,True,1,SYNTHETIC_DEMO_DATA
2026-08-13T07:22:35.250415+00:00,19.02,72.84,1.81,48,synthetic_imd_forecast,True,1,SYNTHETIC_DEMO_DATA
2026-08-14T07:22:35.250415+00:00,19.02,72.84,2.29,72,synthetic_imd_forecast,True,1,SYNTHETIC_DEMO_DATA
2026-08-11T07:22:35.250415+00:00,19.07,72.88,2.97,0,synthetic_sensor,False,2,SYNTHETIC_DEMO_DATA
2026-08-12T07:22:35.250415+00:00,19.07,72.88,2.6,24,synthetic_imd_forecast,True,2,SYNTHETIC_DEMO_DATA
2026-08-13T07:22:35.250415+00:00,19.07,72.88,3.3,48,synthetic_imd_forecast,True,2,SYNTHETIC_DEMO_DATA
2026-08-14T07:22:35.250415+00:00,19.07,72.88,3.34,72,synthetic_imd_forecast,True,2,SYNTHETIC_DEMO_DATA
2026-08-11T07:22:35.250415+00:00,19.125,72.855,0.19,0,synthetic_sensor,False,3,SYNTHETIC_DEMO_DATA
2026-08-12T07:22:35.250415+00:00,19.125,72.855,0.18,24,synthetic_imd_forecast,True,3,SYNTHETIC_DEMO_DATA
2026-08-13T07:22:35.250415+00:00,19.125,72.855,0.21,48,synthetic_imd_forecast,True,3,SYNTHETIC_DEMO_DATA
2026-08-14T07:22:35.250415+00:00,19.125,72.855,0.2,72,synthetic_imd_forecast,True,3,SYNTHETIC_DEMO_DATA
2026-08-11T07:22:35.250415+00:00,19.04,72.86,0.61,0,synthetic_sensor,False,4,SYNTHETIC_DEMO_DATA
2026-08-12T07:22:35.250415+00:00,19.04,72.86,0.56,24,synthetic_imd_forecast,True,4,SYNTHETIC_DEMO_DATA
2026-08-13T07:22:35.250415+00:00,19.04,72.86,0.59,48,synthetic_imd_forecast,True,4,SYNTHETIC_DEMO_DATA
2026-08-14T07:22:35.250415+00:00,19.04,72.86,0.61,72,synthetic_imd_forecast,True,4,SYNTHETIC_DEMO_DATA
2026-08-11T08:22:35.250415+00:00,19.02,72.84,2.89,0,synthetic_sensor,False,1,SYNTHETIC_DEMO_DATA
2026-08-12T08:22:35.250415+00:00,19.02,72.84,2.78,24,synthetic_imd_forecast,True,1,SYNTHETIC_DEMO_DATA
2026-08-13T08:22:35.250415+00:00,19.02,72.84,2.86,48,synthetic_imd_forecast,True,1,SYNTHETIC_DEMO_DATA
2026-08-14T08:22:35.250415+00:00,19.02,72.84,3.1,72,synthetic_imd_forecast,True,1,SYNTHETIC_DEMO_DATA
2026-08-11T08:22:35.250415+00:00,19.07,72.88,0.11,0,synthetic_sensor,False,2,SYNTHETIC_DEMO_DATA
2026-08-12T08:22:35.250415+00:00,19.07,72.88,0.1,24,synthetic_imd_forecast,True,2,SYNTHETIC_DEMO_DATA
2026-08-13T08:22:35.250415+00:00,19.07,72.88,0.12,48,synthetic_imd_forecast,True,2,SYNTHETIC_DEMO_DATA
2026-08-14T08:22:35.250415+00:00,19.07,72.88,0.12,72,synthetic_imd_forecast,True,2,SYNTHETIC_DEMO_DATA
2026-08-11T08:22:35.250415+00:00,19.125,72.855,2.15,0,synthetic_sensor,False,3,SYNTHETIC_DEMO_DATA
2026-08-12T08:22:35.250415+00:00,19.125,72.855,2.17,24,synthetic_imd_forecast,True,3,SYNTHETIC_DEMO_DATA
2026-08-13T08:22:35.250415+00:00,19.125,72.855,1.9,48,synthetic_imd_forecast,True,3,SYNTHETIC_DEMO_DATA
2026-08-14T08:22:35.250415+00:00,19.125,72.855,2.12,72,synthetic_imd_forecast,True,3,SYNTHETIC_DEMO_DATA
2026-08-11T08:22:35.250415+00:00,19.04,72.86,2.28,0,synthetic_sensor,False,4,SYNTHETIC_DEMO_DATA
2026-08-12T08:22:35.250415+00:00,19.04,72.86,2.1,24,synthetic_imd_forecast,True,4,SYNTHETIC_DEMO_DATA
2026-08-13T08:22:35.250415+00:00,19.04,72.86,2.12,48,synthetic_imd_forecast,True,4,SYNTHETIC_DEMO_DATA
2026-08-14T08:22:35.250415+00:00,19.04,72.86,2.2,72,synthetic_imd_forecast,True,4,SYNTHETIC_DEMO_DATA
2026-08-11T09:22:35.250415+00:00,19.02,72.84,0.06,0,synthetic_sensor,False,1,SYNTHETIC_DEMO_DATA
2026-08-12T09:22:35.250415+00:00,19.02,72.84,0.06,24,synthetic_imd_forecast,True,1,SYNTHETIC_DEMO_DATA
2026-08-13T09:22:35.250415+00:00,19.02,72.84,0.05,48,synthetic_imd_forecast,True,1,SYNTHETIC_DEMO_DATA
2026-08-14T09:22:35.250415+00:00,19.02,72.84,0.06,72,synthetic_imd_forecast,True,1,SYNTHETIC_DEMO_DATA
2026-08-11T09:22:35.250415+00:00,19.07,72.88,0.38,0,synthetic_sensor,False,2,SYNTHETIC_DEMO_DATA
2026-08-12T09:22:35.250415+00:00,19.07,72.88,0.42,24,synthetic_imd_forecast,True,2,SYNTHETIC_DEMO_DATA
2026-08-13T09:22:35.250415+00:00,19.07,72.88,0.39,48,synthetic_imd_forecast,True,2,SYNTHETIC_DEMO_DATA
2026-08-14T09:22:35.250415+00:00,19.07,72.88,0.4,72,synthetic_imd_forecast,True,2,SYNTHETIC_DEMO_DATA
2026-08-11T09:22:35.250415+00:00,19.125,72.855,4.67,0,synthetic_sensor,False,3,SYNTHETIC_DEMO_DATA
2026-08-12T09:22:35.250415+00:00,19.125,72.855,4.67,24,synthetic_imd_forecast,True,3,SYNTHETIC_DEMO_DATA
2026-08-13T09:22:35.250415+00:00,19.125,72.855,4.09,48,synthetic_imd_forecast,True,3,SYNTHETIC_DEMO_DATA
2026-08-14T09:22:35.250415+00:00,19.125,72.855,4.72,72,synthetic_imd_forecast,True,3,SYNTHETIC_DEMO_DATA
2026-08-11T09:22:35.250415+00:00,19.04,72.86,2.65,0,synthetic_sensor,False,4,SYNTHETIC_DEMO_DATA
2026-08-12T09:22:35.250415+00:00,19.04,72.86,2.85,24,synthetic_imd_forecast,True,4,SYNTHETIC_DEMO_DATA
2026-08-13T09:22:35.250415+00:00,19.04,72.86,2.6,48,synthetic_imd_forecast,True,4,SYNTHETIC_DEMO_DATA
2026-08-14T09:22:35.250415+00:00,19.04,72.86,2.35,72,synthetic_imd_forecast,True,4,SYNTHETIC_DEMO_DATA
2026-08-11T10:22:35.250415+00:00,19.02,72.84,1.0,0,synthetic_sensor,False,1,SYNTHETIC_DEMO_DATA
2026-08-12T10:22:35.250415+00:00,19.02,72.84,0.96,24,synthetic_imd_forecast,True,1,SYNTHETIC_DEMO_DATA
2026-08-13T10:22:35.250415+00:00,19.02,72.84,1.04,48,synthetic_imd_forecast,True,1,SYNTHETIC_DEMO_DATA
2026-08-14T10:22:35.250415+00:00,19.02,72.84,1.02,72,synthetic_imd_forecast,True,1,SYNTHETIC_DEMO_DATA
2026-08-11T10:22:35.250415+00:00,19.07,72.88,1.32,0,synthetic_sensor,False,2,SYNTHETIC_DEMO_DATA
2026-08-12T10:22:35.250415+00:00,19.07,72.88,1.51,24,synthetic_imd_forecast,True,2,SYNTHETIC_DEMO_DATA
2026-08-13T10:22:35.250415+00:00,19.07,72.88,1.36,48,synthetic_imd_forecast,True,2,SYNTHETIC_DEMO_DATA
2026-08-14T10:22:35.250415+00:00,19.07,72.88,1.22,72,synthetic_imd_forecast,True,2,SYNTHETIC_DEMO_DATA
2026-08-11T10:22:35.250415+00:00,19.125,72.855,0.32,0,synthetic_sensor,False,3,SYNTHETIC_DEMO_DATA
2026-08-12T10:22:35.250415+00:00,19.125,72.855,0.29,24,synthetic_imd_forecast,True,3,SYNTHETIC_DEMO_DATA
2026-08-13T10:22:35.250415+00:00,19.125,72.855,0.3,48,synthetic_imd_forecast,True,3,SYNTHETIC_DEMO_DATA
2026-08-14T10:22:35.250415+00:00,19.125,72.855,0.29,72,synthetic_imd_forecast,True,3,SYNTHETIC_DEMO_DATA
2026-08-11T10:22:35.250415+00:00,19.04,72.86,0.62,0,synthetic_sensor,False,4,SYNTHETIC_DEMO_DATA
2026-08-12T10:22:35.250415+00:00,19.04,72.86,0.58,24,synthetic_imd_forecast,True,4,SYNTHETIC_DEMO_DATA
2026-08-13T10:22:35.250415+00:00,19.04,72.86,0.56,48,synthetic_imd_forecast,True,4,SYNTHETIC_DEMO_DATA
2026-08-14T10:22:35.250415+00:00,19.04,72.86,0.69,72,synthetic_imd_forecast,True,4,SYNTHETIC_DEMO_DATA
2026-08-11T11:22:35.250415+00:00,19.02,72.84,0.25,0,synthetic_sensor,False,1,SYNTHETIC_DEMO_DATA
2026-08-12T11:22:35.250415+00:00,19.02,72.84,0.25,24,synthetic_imd_forecast,True,1,SYNTHETIC_DEMO_DATA
2026-08-13T11:22:35.250415+00:00,19.02,72.84,0.24,48,synthetic_imd_forecast,True,1,SYNTHETIC_DEMO_DATA
2026-08-14T11:22:35.250415+00:00,19.02,72.84,0.29,72,synthetic_imd_forecast,True,1,SYNTHETIC_DEMO_DATA
2026-08-11T11:22:35.250415+00:00,19.07,72.88,0.36,0,synthetic_sensor,False,2,SYNTHETIC_DEMO_DATA
2026-08-12T11:22:35.250415+00:00,19.07,72.88,0.35,24,synthetic_imd_forecast,True,2,SYNTHETIC_DEMO_DATA
2026-08-13T11:22:35.250415+00:00,19.07,72.88,0.41,48,synthetic_imd_forecast,True,2,SYNTHETIC_DEMO_DATA
2026-08-14T11:22:35.250415+00:00,19.07,72.88,0.4,72,synthetic_imd_forecast,True,2,SYNTHETIC_DEMO_DATA
2026-08-11T11:22:35.250415+00:00,19.125,72.855,5.1,0,synthetic_sensor,False,3,SYNTHETIC_DEMO_DATA
2026-08-12T11:22:35.250415+00:00,19.125,72.855,4.73,24,synthetic_imd_forecast,True,3,SYNTHETIC_DEMO_DATA
2026-08-13T11:22:35.250415+00:00,19.125,72.855,4.6,48,synthetic_imd_forecast,True,3,SYNTHETIC_DEMO_DATA
2026-08-14T11:22:35.250415+00:00,19.125,72.855,5.36,72,synthetic_imd_forecast,True,3,SYNTHETIC_DEMO_DATA
2026-08-11T11:22:35.250415+00:00,19.04,72.86,7.95,0,synthetic_sensor,False,4,SYNTHETIC_DEMO_DATA
2026-08-12T11:22:35.250415+00:00,19.04,72.86,8.09,24,synthetic_imd_forecast,True,4,SYNTHETIC_DEMO_DATA
2026-08-13T11:22:35.250415+00:00,19.04,72.86,8.12,48,synthetic_imd_forecast,True,4,SYNTHETIC_DEMO_DATA
2026-08-14T11:22:35.250415+00:00,19.04,72.86,7.43,72,synthetic_imd_forecast,True,4,SYNTHETIC_DEMO_DATA
2026-08-11T12:22:35.250415+00:00,19.02,72.84,4.4,0,synthetic_sensor,False,1,SYNTHETIC_DEMO_DATA
2026-08-12T12:22:35.250415+00:00,19.02,72.84,3.99,24,synthetic_imd_forecast,True,1,SYNTHETIC_DEMO_DATA
2026-08-13T12:22:35.250415+00:00,19.02,72.84,4.17,48,synthetic_imd_forecast,True,1,SYNTHETIC_DEMO_DATA
2026-08-14T12:22:35.250415+00:00,19.02,72.84,4.3,72,synthetic_imd_forecast,True,1,SYNTHETIC_DEMO_DATA
2026-08-11T12:22:35.250415+00:00,19.07,72.88,2.13,0,synthetic_sensor,False,2,SYNTHETIC_DEMO_DATA
2026-08-12T12:22:35.250415+00:00,19.07,72.88,1.97,24,synthetic_imd_forecast,True,2,SYNTHETIC_DEMO_DATA
2026-08-13T12:22:35.250415+00:00,19.07,72.88,1.88,48,synthetic_imd_forecast,True,2,SYNTHETIC_DEMO_DATA
2026-08-14T12:22:35.250415+00:00,19.07,72.88,2.2,72,synthetic_imd_forecast,True,2,SYNTHETIC_DEMO_DATA
2026-08-11T12:22:35.250415+00:00,19.125,72.855,1.02,0,synthetic_sensor,False,3,SYNTHETIC_DEMO_DATA
2026-08-12T12:22:35.250415+00:00,19.125,72.855,1.04,24,synthetic_imd_forecast,True,3,SYNTHETIC_DEMO_DATA
2026-08-13T12:22:35.250415+00:00,19.125,72.855,0.91,48,synthetic_imd_forecast,True,3,SYNTHETIC_DEMO_DATA
2026-08-14T12:22:35.250415+00:00,19.125,72.855,1.01,72,synthetic_imd_forecast,True,3,SYNTHETIC_DEMO_DATA
2026-08-11T12:22:35.250415+00:00,19.04,72.86,2.28,0,synthetic_sensor,False,4,SYNTHETIC_DEMO_DATA
2026-08-12T12:22:35.250415+00:00,19.04,72.86,1.97,24,synthetic_imd_forecast,True,4,SYNTHETIC_DEMO_DATA
2026-08-13T12:22:35.250415+00:00,19.04,72.86,2.17,48,synthetic_imd_forecast,True,4,SYNTHETIC_DEMO_DATA
2026-08-14T12:22:35.250415+00:00,19.04,72.86,2.03,72,synthetic_imd_forecast,True,4,SYNTHETIC_DEMO_DATA
2026-08-11T13:22:35.250415+00:00,19.02,72.84,0.2,0,synthetic_sensor,False,1,SYNTHETIC_DEMO_DATA
2026-08-12T13:22:35.250415+00:00,19.02,72.84,0.23,24,synthetic_imd_forecast,True,1,SYNTHETIC_DEMO_DATA
2026-08-13T13:22:35.250415+00:00,19.02,72.84,0.19,48,synthetic_imd_forecast,True,1,SYNTHETIC_DEMO_DATA
2026-08-14T13:22:35.250415+00:00,19.02,72.84,0.22,72,synthetic_imd_forecast,True,1,SYNTHETIC_DEMO_DATA
2026-08-11T13:22:35.250415+00:00,19.07,72.88,0.88,0,synthetic_sensor,False,2,SYNTHETIC_DEMO_DATA
2026-08-12T13:22:35.250415+00:00,19.07,72.88,0.93,24,synthetic_imd_forecast,True,2,SYNTHETIC_DEMO_DATA
2026-08-13T13:22:35.250415+00:00,19.07,72.88,0.95,48,synthetic_imd_forecast,True,2,SYNTHETIC_DEMO_DATA
2026-08-14T13:22:35.250415+00:00,19.07,72.88,0.91,72,synthetic_imd_forecast,True,2,SYNTHETIC_DEMO_DATA
2026-08-11T13:22:35.250415+00:00,19.125,72.855,1.91,0,synthetic_sensor,False,3,SYNTHETIC_DEMO_DATA
2026-08-12T13:22:35.250415+00:00,19.125,72.855,1.86,24,synthetic_imd_forecast,True,3,SYNTHETIC_DEMO_DATA
2026-08-13T13:22:35.250415+00:00,19.125,72.855,1.82,48,synthetic_imd_forecast,True,3,SYNTHETIC_DEMO_DATA
2026-08-14T13:22:35.250415+00:00,19.125,72.855,2.16,72,synthetic_imd_forecast,True,3,SYNTHETIC_DEMO_DATA
2026-08-11T13:22:35.250415+00:00,19.04,72.86,5.33,0,synthetic_sensor,False,4,SYNTHETIC_DEMO_DATA
2026-08-12T13:22:35.250415+00:00,19.04,72.86,6.07,24,synthetic_imd_forecast,True,4,SYNTHETIC_DEMO_DATA
2026-08-13T13:22:35.250415+00:00,19.04,72.86,4.73,48,synthetic_imd_forecast,True,4,SYNTHETIC_DEMO_DATA
2026-08-14T13:22:35.250415+00:00,19.04,72.86,5.7,72,synthetic_imd_forecast,True,4,SYNTHETIC_DEMO_DATA
2026-08-11T14:22:35.250415+00:00,19.02,72.84,8.36,0,synthetic_sensor,False,1,SYNTHETIC_DEMO_DATA
2026-08-12T14:22:35.250415+00:00,19.02,72.84,7.56,24,synthetic_imd_forecast,True,1,SYNTHETIC_DEMO_DATA
2026-08-13T14:22:35.250415+00:00,19.02,72.84,7.27,48,synthetic_imd_forecast,True,1,SYNTHETIC_DEMO_DATA
2026-08-14T14:22:35.250415+00:00,19.02,72.84,8.96,72,synthetic_imd_forecast,True,1,SYNTHETIC_DEMO_DATA
2026-08-11T14:22:35.250415+00:00,19.07,72.88,2.56,0,synthetic_sensor,False,2,SYNTHETIC_DEMO_DATA
2026-08-12T14:22:35.250415+00:00,19.07,72.88,2.82,24,synthetic_imd_forecast,True,2,SYNTHETIC_DEMO_DATA
2026-08-13T14:22:35.250415+00:00,19.07,72.88,2.28,48,synthetic_imd_forecast,True,2,SYNTHETIC_DEMO_DATA
2026-08-14T14:22:35.250415+00:00,19.07,72.88,2.79,72,synthetic_imd_forecast,True,2,SYNTHETIC_DEMO_DATA
2026-08-11T14:22:35.250415+00:00,19.125,72.855,0.68,0,synthetic_sensor,False,3,SYNTHETIC_DEMO_DATA
2026-08-12T14:22:35.250415+00:00,19.125,72.855,0.61,24,synthetic_imd_forecast,True,3,SYNTHETIC_DEMO_DATA
2026-08-13T14:22:35.250415+00:00,19.125,72.855,0.61,48,synthetic_imd_forecast,True,3,SYNTHETIC_DEMO_DATA
2026-08-14T14:22:35.250415+00:00,19.125,72.855,0.74,72,synthetic_imd_forecast,True,3,SYNTHETIC_DEMO_DATA
2026-08-11T14:22:35.250415+00:00,19.04,72.86,3.28,0,synthetic_sensor,False,4,SYNTHETIC_DEMO_DATA
2026-08-12T14:22:35.250415+00:00,19.04,72.86,3.3,24,synthetic_imd_forecast,True,4,SYNTHETIC_DEMO_DATA
2026-08-13T14:22:35.250415+00:00,19.04,72.86,3.14,48,synthetic_imd_forecast,True,4,SYNTHETIC_DEMO_DATA
2026-08-14T14:22:35.250415+00:00,19.04,72.86,3.65,72,synthetic_imd_forecast,True,4,SYNTHETIC_DEMO_DATA
2026-08-11T15:22:35.250415+00:00,19.02,72.84,1.49,0,synthetic_sensor,False,1,SYNTHETIC_DEMO_DATA
2026-08-12T15:22:35.250415+00:00,19.02,72.84,1.63,24,synthetic_imd_forecast,True,1,SYNTHETIC_DEMO_DATA
2026-08-13T15:22:35.250415+00:00,19.02,72.84,1.46,48,synthetic_imd_forecast,True,1,SYNTHETIC_DEMO_DATA
2026-08-14T15:22:35.250415+00:00,19.02,72.84,1.43,72,synthetic_imd_forecast,True,1,SYNTHETIC_DEMO_DATA
2026-08-11T15:22:35.250415+00:00,19.07,72.88,1.86,0,synthetic_sensor,False,2,SYNTHETIC_DEMO_DATA
2026-08-12T15:22:35.250415+00:00,19.07,72.88,1.75,24,synthetic_imd_forecast,True,2,SYNTHETIC_DEMO_DATA
2026-08-13T15:22:35.250415+00:00,19.07,72.88,2.0,48,synthetic_imd_forecast,True,2,SYNTHETIC_DEMO_DATA
2026-08-14T15:22:35.250415+00:00,19.07,72.88,1.86,72,synthetic_imd_forecast,True,2,SYNTHETIC_DEMO_DATA
2026-08-11T15:22:35.250415+00:00,19.125,72.855,0.79,0,synthetic_sensor,False,3,SYNTHETIC_DEMO_DATA
2026-08-12T15:22:35.250415+00:00,19.125,72.855,0.88,24,synthetic_imd_forecast,True,3,SYNTHETIC_DEMO_DATA
2026-08-13T15:22:35.250415+00:00,19.125,72.855,0.76,48,synthetic_imd_forecast,True,3,SYNTHETIC_DEMO_DATA
2026-08-14T15:22:35.250415+00:00,19.125,72.855,0.8,72,synthetic_imd_forecast,True,3,SYNTHETIC_DEMO_DATA
2026-08-11T15:22:35.250415+00:00,19.04,72.86,7.11,0,synthetic_sensor,False,4,SYNTHETIC_DEMO_DATA
2026-08-12T15:22:35.250415+00:00,19.04,72.86,7.37,24,synthetic_imd_forecast,True,4,SYNTHETIC_DEMO_DATA
2026-08-13T15:22:35.250415+00:00,19.04,72.86,6.29,48,synthetic_imd_forecast,True,4,SYNTHETIC_DEMO_DATA
2026-08-14T15:22:35.250415+00:00,19.04,72.86,8.05,72,synthetic_imd_forecast,True,4,SYNTHETIC_DEMO_DATA
2026-08-11T16:22:35.250415+00:00,19.02,72.84,2.96,0,synthetic_sensor,False,1,SYNTHETIC_DEMO_DATA
2026-08-12T16:22:35.250415+00:00,19.02,72.84,2.81,24,synthetic_imd_forecast,True,1,SYNTHETIC_DEMO_DATA
2026-08-13T16:22:35.250415+00:00,19.02,72.84,2.64,48,synthetic_imd_forecast,True,1,SYNTHETIC_DEMO_DATA
2026-08-14T16:22:35.250415+00:00,19.02,72.84,3.22,72,synthetic_imd_forecast,True,1,SYNTHETIC_DEMO_DATA
2026-08-11T16:22:35.250415+00:00,19.07,72.88,2.9,0,synthetic_sensor,False,2,SYNTHETIC_DEMO_DATA
2026-08-12T16:22:35.250415+00:00,19.07,72.88,2.93,24,synthetic_imd_forecast,True,2,SYNTHETIC_DEMO_DATA
2026-08-13T16:22:35.250415+00:00,19.07,72.88,3.24,48,synthetic_imd_forecast,True,2,SYNTHETIC_DEMO_DATA
2026-08-14T16:22:35.250415+00:00,19.07,72.88,3.15,72,synthetic_imd_forecast,True,2,SYNTHETIC_DEMO_DATA
2026-08-11T16:22:35.250415+00:00,19.125,72.855,0.49,0,synthetic_sensor,False,3,SYNTHETIC_DEMO_DATA
2026-08-12T16:22:35.250415+00:00,19.125,72.855,0.46,24,synthetic_imd_forecast,True,3,SYNTHETIC_DEMO_DATA
2026-08-13T16:22:35.250415+00:00,19.125,72.855,0.45,48,synthetic_imd_forecast,True,3,SYNTHETIC_DEMO_DATA
2026-08-14T16:22:35.250415+00:00,19.125,72.855,0.53,72,synthetic_imd_forecast,True,3,SYNTHETIC_DEMO_DATA
2026-08-11T16:22:35.250415+00:00,19.04,72.86,0.1,0,synthetic_sensor,False,4,SYNTHETIC_DEMO_DATA
2026-08-12T16:22:35.250415+00:00,19.04,72.86,0.1,24,synthetic_imd_forecast,True,4,SYNTHETIC_DEMO_DATA
2026-08-13T16:22:35.250415+00:00,19.04,72.86,0.11,48,synthetic_imd_forecast,True,4,SYNTHETIC_DEMO_DATA
2026-08-14T16:22:35.250415+00:00,19.04,72.86,0.11,72,synthetic_imd_forecast,True,4,SYNTHETIC_DEMO_DATA
2026-08-11T17:22:35.250415+00:00,19.02,72.84,1.26,0,synthetic_sensor,False,1,SYNTHETIC_DEMO_DATA
2026-08-12T17:22:35.250415+00:00,19.02,72.84,1.38,24,synthetic_imd_forecast,True,1,SYNTHETIC_DEMO_DATA
2026-08-13T17:22:35.250415+00:00,19.02,72.84,1.11,48,synthetic_imd_forecast,True,1,SYNTHETIC_DEMO_DATA
2026-08-14T17:22:35.250415+00:00,19.02,72.84,1.39,72,synthetic_imd_forecast,True,1,SYNTHETIC_DEMO_DATA
2026-08-11T17:22:35.250415+00:00,19.07,72.88,0.41,0,synthetic_sensor,False,2,SYNTHETIC_DEMO_DATA
2026-08-12T17:22:35.250415+00:00,19.07,72.88,0.4,24,synthetic_imd_forecast,True,2,SYNTHETIC_DEMO_DATA
2026-08-13T17:22:35.250415+00:00,19.07,72.88,0.45,48,synthetic_imd_forecast,True,2,SYNTHETIC_DEMO_DATA
2026-08-14T17:22:35.250415+00:00,19.07,72.88,0.37,72,synthetic_imd_forecast,True,2,SYNTHETIC_DEMO_DATA
2026-08-11T17:22:35.250415+00:00,19.125,72.855,0.78,0,synthetic_sensor,False,3,SYNTHETIC_DEMO_DATA
2026-08-12T17:22:35.250415+00:00,19.125,72.855,0.83,24,synthetic_imd_forecast,True,3,SYNTHETIC_DEMO_DATA
2026-08-13T17:22:35.250415+00:00,19.125,72.855,0.83,48,synthetic_imd_forecast,True,3,SYNTHETIC_DEMO_DATA
2026-08-14T17:22:35.250415+00:00,19.125,72.855,0.81,72,synthetic_imd_forecast,True,3,SYNTHETIC_DEMO_DATA
2026-08-11T17:22:35.250415+00:00,19.04,72.86,3.55,0,synthetic_sensor,False,4,SYNTHETIC_DEMO_DATA
2026-08-12T17:22:35.250415+00:00,19.04,72.86,3.6,24,synthetic_imd_forecast,True,4,SYNTHETIC_DEMO_DATA
2026-08-13T17:22:35.250415+00:00,19.04,72.86,3.29,48,synthetic_imd_forecast,True,4,SYNTHETIC_DEMO_DATA
2026-08-14T17:22:35.250415+00:00,19.04,72.86,3.39,72,synthetic_imd_forecast,True,4,SYNTHETIC_DEMO_DATA
2026-08-11T18:22:35.250415+00:00,19.02,72.84,0.6,0,synthetic_sensor,False,1,SYNTHETIC_DEMO_DATA
2026-08-12T18:22:35.250415+00:00,19.02,72.84,0.67,24,synthetic_imd_forecast,True,1,SYNTHETIC_DEMO_DATA
2026-08-13T18:22:35.250415+00:00,19.02,72.84,0.62,48,synthetic_imd_forecast,True,1,SYNTHETIC_DEMO_DATA
2026-08-14T18:22:35.250415+00:00,19.02,72.84,0.58,72,synthetic_imd_forecast,True,1,SYNTHETIC_DEMO_DATA
2026-08-11T18:22:35.250415+00:00,19.07,72.88,1.86,0,synthetic_sensor,False,2,SYNTHETIC_DEMO_DATA
2026-08-12T18:22:35.250415+00:00,19.07,72.88,2.11,24,synthetic_imd_forecast,True,2,SYNTHETIC_DEMO_DATA
2026-08-13T18:22:35.250415+00:00,19.07,72.88,1.67,48,synthetic_imd_forecast,True,2,SYNTHETIC_DEMO_DATA
2026-08-14T18:22:35.250415+00:00,19.07,72.88,1.91,72,synthetic_imd_forecast,True,2,SYNTHETIC_DEMO_DATA
2026-08-11T18:22:35.250415+00:00,19.125,72.855,2.11,0,synthetic_sensor,False,3,SYNTHETIC_DEMO_DATA
2026-08-12T18:22:35.250415+00:00,19.125,72.855,2.18,24,synthetic_imd_forecast,True,3,SYNTHETIC_DEMO_DATA
2026-08-13T18:22:35.250415+00:00,19.125,72.855,1.8,48,synthetic_imd_forecast,True,3,SYNTHETIC_DEMO_DATA
2026-08-14T18:22:35.250415+00:00,19.125,72.855,2.35,72,synthetic_imd_forecast,True,3,SYNTHETIC_DEMO_DATA
2026-08-11T18:22:35.250415+00:00,19.04,72.86,8.07,0,synthetic_sensor,False,4,SYNTHETIC_DEMO_DATA
2026-08-12T18:22:35.250415+00:00,19.04,72.86,8.23,24,synthetic_imd_forecast,True,4,SYNTHETIC_DEMO_DATA
2026-08-13T18:22:35.250415+00:00,19.04,72.86,8.55,48,synthetic_imd_forecast,True,4,SYNTHETIC_DEMO_DATA
2026-08-14T18:22:35.250415+00:00,19.04,72.86,9.09,72,synthetic_imd_forecast,True,4,SYNTHETIC_DEMO_DATA
2026-08-11T19:22:35.250415+00:00,19.02,72.84,3.69,0,synthetic_sensor,False,1,SYNTHETIC_DEMO_DATA
2026-08-12T19:22:35.250415+00:00,19.02,72.84,3.31,24,synthetic_imd_forecast,True,1,SYNTHETIC_DEMO_DATA
2026-08-13T19:22:35.250415+00:00,19.02,72.84,3.77,48,synthetic_imd_forecast,True,1,SYNTHETIC_DEMO_DATA
2026-08-14T19:22:35.250415+00:00,19.02,72.84,3.81,72,synthetic_imd_forecast,True,1,SYNTHETIC_DEMO_DATA
2026-08-11T19:22:35.250415+00:00,19.07,72.88,1.66,0,synthetic_sensor,False,2,SYNTHETIC_DEMO_DATA
2026-08-12T19:22:35.250415+00:00,19.07,72.88,1.78,24,synthetic_imd_forecast,True,2,SYNTHETIC_DEMO_DATA
2026-08-13T19:22:35.250415+00:00,19.07,72.88,1.88,48,synthetic_imd_forecast,True,2,SYNTHETIC_DEMO_DATA
2026-08-14T19:22:35.250415+00:00,19.07,72.88,1.87,72,synthetic_imd_forecast,True,2,SYNTHETIC_DEMO_DATA
2026-08-11T19:22:35.250415+00:00,19.125,72.855,1.8,0,synthetic_sensor,False,3,SYNTHETIC_DEMO_DATA
2026-08-12T19:22:35.250415+00:00,19.125,72.855,1.59,24,synthetic_imd_forecast,True,3,SYNTHETIC_DEMO_DATA
2026-08-13T19:22:35.250415+00:00,19.125,72.855,2.06,48,synthetic_imd_forecast,True,3,SYNTHETIC_DEMO_DATA
2026-08-14T19:22:35.250415+00:00,19.125,72.855,1.98,72,synthetic_imd_forecast,True,3,SYNTHETIC_DEMO_DATA
2026-08-11T19:22:35.250415+00:00,19.04,72.86,0.4,0,synthetic_sensor,False,4,SYNTHETIC_DEMO_DATA
2026-08-12T19:22:35.250415+00:00,19.04,72.86,0.45,24,synthetic_imd_forecast,True,4,SYNTHETIC_DEMO_DATA
2026-08-13T19:22:35.250415+00:00,19.04,72.86,0.44,48,synthetic_imd_forecast,True,4,SYNTHETIC_DEMO_DATA
2026-08-14T19:22:35.250415+00:00,19.04,72.86,0.4,72,synthetic_imd_forecast,True,4,SYNTHETIC_DEMO_DATA
2026-08-11T20:22:35.250415+00:00,19.02,72.84,2.68,0,synthetic_sensor,False,1,SYNTHETIC_DEMO_DATA
2026-08-12T20:22:35.250415+00:00,19.02,72.84,2.6,24,synthetic_imd_forecast,True,1,SYNTHETIC_DEMO_DATA
2026-08-13T20:22:35.250415+00:00,19.02,72.84,2.32,48,synthetic_imd_forecast,True,1,SYNTHETIC_DEMO_DATA
2026-08-14T20:22:35.250415+00:00,19.02,72.84,2.55,72,synthetic_imd_forecast,True,1,SYNTHETIC_DEMO_DATA
2026-08-11T20:22:35.250415+00:00,19.07,72.88,4.87,0,synthetic_sensor,False,2,SYNTHETIC_DEMO_DATA
2026-08-12T20:22:35.250415+00:00,19.07,72.88,4.15,24,synthetic_imd_forecast,True,2,SYNTHETIC_DEMO_DATA
2026-08-13T20:22:35.250415+00:00,19.07,72.88,4.63,48,synthetic_imd_forecast,True,2,SYNTHETIC_DEMO_DATA
2026-08-14T20:22:35.250415+00:00,19.07,72.88,4.72,72,synthetic_imd_forecast,True,2,SYNTHETIC_DEMO_DATA
2026-08-11T20:22:35.250415+00:00,19.125,72.855,2.31,0,synthetic_sensor,False,3,SYNTHETIC_DEMO_DATA
2026-08-12T20:22:35.250415+00:00,19.125,72.855,2.6,24,synthetic_imd_forecast,True,3,SYNTHETIC_DEMO_DATA
2026-08-13T20:22:35.250415+00:00,19.125,72.855,2.2,48,synthetic_imd_forecast,True,3,SYNTHETIC_DEMO_DATA
2026-08-14T20:22:35.250415+00:00,19.125,72.855,2.2,72,synthetic_imd_forecast,True,3,SYNTHETIC_DEMO_DATA
2026-08-11T20:22:35.250415+00:00,19.04,72.86,4.01,0,synthetic_sensor,False,4,SYNTHETIC_DEMO_DATA
2026-08-12T20:22:35.250415+00:00,19.04,72.86,3.95,24,synthetic_imd_forecast,True,4,SYNTHETIC_DEMO_DATA
2026-08-13T20:22:35.250415+00:00,19.04,72.86,3.68,48,synthetic_imd_forecast,True,4,SYNTHETIC_DEMO_DATA
2026-08-14T20:22:35.250415+00:00,19.04,72.86,3.95,72,synthetic_imd_forecast,True,4,SYNTHETIC_DEMO_DATA
2026-08-11T21:22:35.250415+00:00,19.02,72.84,0.46,0,synthetic_sensor,False,1,SYNTHETIC_DEMO_DATA
2026-08-12T21:22:35.250415+00:00,19.02,72.84,0.42,24,synthetic_imd_forecast,True,1,SYNTHETIC_DEMO_DATA
2026-08-13T21:22:35.250415+00:00,19.02,72.84,0.46,48,synthetic_imd_forecast,True,1,SYNTHETIC_DEMO_DATA
2026-08-14T21:22:35.250415+00:00,19.02,72.84,0.45,72,synthetic_imd_forecast,True,1,SYNTHETIC_DEMO_DATA
2026-08-11T21:22:35.250415+00:00,19.07,72.88,7.39,0,synthetic_sensor,False,2,SYNTHETIC_DEMO_DATA
2026-08-12T21:22:35.250415+00:00,19.07,72.88,7.08,24,synthetic_imd_forecast,True,2,SYNTHETIC_DEMO_DATA
2026-08-13T21:22:35.250415+00:00,19.07,72.88,7.57,48,synthetic_imd_forecast,True,2,SYNTHETIC_DEMO_DATA
2026-08-14T21:22:35.250415+00:00,19.07,72.88,7.68,72,synthetic_imd_forecast,True,2,SYNTHETIC_DEMO_DATA
2026-08-11T21:22:35.250415+00:00,19.125,72.855,0.04,0,synthetic_sensor,False,3,SYNTHETIC_DEMO_DATA
2026-08-12T21:22:35.250415+00:00,19.125,72.855,0.04,24,synthetic_imd_forecast,True,3,SYNTHETIC_DEMO_DATA
2026-08-13T21:22:35.250415+00:00,19.125,72.855,0.04,48,synthetic_imd_forecast,True,3,SYNTHETIC_DEMO_DATA
2026-08-14T21:22:35.250415+00:00,19.125,72.855,0.05,72,synthetic_imd_forecast,True,3,SYNTHETIC_DEMO_DATA
2026-08-11T21:22:35.250415+00:00,19.04,72.86,0.48,0,synthetic_sensor,False,4,SYNTHETIC_DEMO_DATA
2026-08-12T21:22:35.250415+00:00,19.04,72.86,0.47,24,synthetic_imd_forecast,True,4,SYNTHETIC_DEMO_DATA
2026-08-13T21:22:35.250415+00:00,19.04,72.86,0.42,48,synthetic_imd_forecast,True,4,SYNTHETIC_DEMO_DATA
2026-08-14T21:22:35.250415+00:00,19.04,72.86,0.55,72,synthetic_imd_forecast,True,4,SYNTHETIC_DEMO_DATA
2026-08-11T22:22:35.250415+00:00,19.02,72.84,2.09,0,synthetic_sensor,False,1,SYNTHETIC_DEMO_DATA
2026-08-12T22:22:35.250415+00:00,19.02,72.84,2.15,24,synthetic_imd_forecast,True,1,SYNTHETIC_DEMO_DATA
2026-08-13T22:22:35.250415+00:00,19.02,72.84,1.82,48,synthetic_imd_forecast,True,1,SYNTHETIC_DEMO_DATA
2026-08-14T22:22:35.250415+00:00,19.02,72.84,2.25,72,synthetic_imd_forecast,True,1,SYNTHETIC_DEMO_DATA
2026-08-11T22:22:35.250415+00:00,19.07,72.88,0.71,0,synthetic_sensor,False,2,SYNTHETIC_DEMO_DATA
2026-08-12T22:22:35.250415+00:00,19.07,72.88,0.79,24,synthetic_imd_forecast,True,2,SYNTHETIC_DEMO_DATA
2026-08-13T22:22:35.250415+00:00,19.07,72.88,0.65,48,synthetic_imd_forecast,True,2,SYNTHETIC_DEMO_DATA
2026-08-14T22:22:35.250415+00:00,19.07,72.88,0.64,72,synthetic_imd_forecast,True,2,SYNTHETIC_DEMO_DATA
2026-08-11T22:22:35.250415+00:00,19.125,72.855,0.11,0,synthetic_sensor,False,3,SYNTHETIC_DEMO_DATA
2026-08-12T22:22:35.250415+00:00,19.125,72.855,0.11,24,synthetic_imd_forecast,True,3,SYNTHETIC_DEMO_DATA
2026-08-13T22:22:35.250415+00:00,19.125,72.855,0.11,48,synthetic_imd_forecast,True,3,SYNTHETIC_DEMO_DATA
2026-08-14T22:22:35.250415+00:00,19.125,72.855,0.1,72,synthetic_imd_forecast,True,3,SYNTHETIC_DEMO_DATA
2026-08-11T22:22:35.250415+00:00,19.04,72.86,4.48,0,synthetic_sensor,False,4,SYNTHETIC_DEMO_DATA
2026-08-12T22:22:35.250415+00:00,19.04,72.86,4.42,24,synthetic_imd_forecast,True,4,SYNTHETIC_DEMO_DATA
2026-08-13T22:22:35.250415+00:00,19.04,72.86,4.51,48,synthetic_imd_forecast,True,4,SYNTHETIC_DEMO_DATA
2026-08-14T22:22:35.250415+00:00,19.04,72.86,4.4,72,synthetic_imd_forecast,True,4,SYNTHETIC_DEMO_DATA
2026-08-11T23:22:35.250415+00:00,19.02,72.84,1.54,0,synthetic_sensor,False,1,SYNTHETIC_DEMO_DATA
2026-08-12T23:22:35.250415+00:00,19.02,72.84,1.57,24,synthetic_imd_forecast,True,1,SYNTHETIC_DEMO_DATA
2026-08-13T23:22:35.250415+00:00,19.02,72.84,1.38,48,synthetic_imd_forecast,True,1,SYNTHETIC_DEMO_DATA
2026-08-14T23:22:35.250415+00:00,19.02,72.84,1.39,72,synthetic_imd_forecast,True,1,SYNTHETIC_DEMO_DATA
2026-08-11T23:22:35.250415+00:00,19.07,72.88,5.94,0,synthetic_sensor,False,2,SYNTHETIC_DEMO_DATA
2026-08-12T23:22:35.250415+00:00,19.07,72.88,6.73,24,synthetic_imd_forecast,True,2,SYNTHETIC_DEMO_DATA
2026-08-13T23:22:35.250415+00:00,19.07,72.88,5.71,48,synthetic_imd_forecast,True,2,SYNTHETIC_DEMO_DATA
2026-08-14T23:22:35.250415+00:00,19.07,72.88,5.53,72,synthetic_imd_forecast,True,2,SYNTHETIC_DEMO_DATA
2026-08-11T23:22:35.250415+00:00,19.125,72.855,3.1,0,synthetic_sensor,False,3,SYNTHETIC_DEMO_DATA
2026-08-12T23:22:35.250415+00:00,19.125,72.855,3.02,24,synthetic_imd_forecast,True,3,SYNTHETIC_DEMO_DATA
2026-08-13T23:22:35.250415+00:00,19.125,72.855,2.66,48,synthetic_imd_forecast,True,3,SYNTHETIC_DEMO_DATA
2026-08-14T23:22:35.250415+00:00,19.125,72.855,2.78,72,synthetic_imd_forecast,True,3,SYNTHETIC_DEMO_DATA
2026-08-11T23:22:35.250415+00:00,19.04,72.86,3.78,0,synthetic_sensor,False,4,SYNTHETIC_DEMO_DATA
2026-08-12T23:22:35.250415+00:00,19.04,72.86,3.96,24,synthetic_imd_forecast,True,4,SYNTHETIC_DEMO_DATA
2026-08-13T23:22:35.250415+00:00,19.04,72.86,3.24,48,synthetic_imd_forecast,True,4,SYNTHETIC_DEMO_DATA
2026-08-14T23:22:35.250415+00:00,19.04,72.86,3.46,72,synthetic_imd_forecast,True,4,SYNTHETIC_DEMO_DATA
2026-08-12T00:22:35.250415+00:00,19.02,72.84,0.79,0,synthetic_sensor,False,1,SYNTHETIC_DEMO_DATA
2026-08-13T00:22:35.250415+00:00,19.02,72.84,0.83,24,synthetic_imd_forecast,True,1,SYNTHETIC_DEMO_DATA
2026-08-14T00:22:35.250415+00:00,19.02,72.84,0.68,48,synthetic_imd_forecast,True,1,SYNTHETIC_DEMO_DATA
2026-08-15T00:22:35.250415+00:00,19.02,72.84,0.7,72,synthetic_imd_forecast,True,1,SYNTHETIC_DEMO_DATA
2026-08-12T00:22:35.250415+00:00,19.07,72.88,4.83,0,synthetic_sensor,False,2,SYNTHETIC_DEMO_DATA
2026-08-13T00:22:35.250415+00:00,19.07,72.88,4.36,24,synthetic_imd_forecast,True,2,SYNTHETIC_DEMO_DATA
2026-08-14T00:22:35.250415+00:00,19.07,72.88,5.05,48,synthetic_imd_forecast,True,2,SYNTHETIC_DEMO_DATA
2026-08-15T00:22:35.250415+00:00,19.07,72.88,4.45,72,synthetic_imd_forecast,True,2,SYNTHETIC_DEMO_DATA
2026-08-12T00:22:35.250415+00:00,19.125,72.855,0.31,0,synthetic_sensor,False,3,SYNTHETIC_DEMO_DATA
2026-08-13T00:22:35.250415+00:00,19.125,72.855,0.29,24,synthetic_imd_forecast,True,3,SYNTHETIC_DEMO_DATA
2026-08-14T00:22:35.250415+00:00,19.125,72.855,0.33,48,synthetic_imd_forecast,True,3,SYNTHETIC_DEMO_DATA
2026-08-15T00:22:35.250415+00:00,19.125,72.855,0.34,72,synthetic_imd_forecast,True,3,SYNTHETIC_DEMO_DATA
2026-08-12T00:22:35.250415+00:00,19.04,72.86,5.32,0,synthetic_sensor,False,4,SYNTHETIC_DEMO_DATA
2026-08-13T00:22:35.250415+00:00,19.04,72.86,5.16,24,synthetic_imd_forecast,True,4,SYNTHETIC_DEMO_DATA
2026-08-14T00:22:35.250415+00:00,19.04,72.86,5.59,48,synthetic_imd_forecast,True,4,SYNTHETIC_DEMO_DATA
2026-08-15T00:22:35.250415+00:00,19.04,72.86,4.85,72,synthetic_imd_forecast,True,4,SYNTHETIC_DEMO_DATA
2026-08-12T01:22:35.250415+00:00,19.02,72.84,1.04,0,synthetic_sensor,False,1,SYNTHETIC_DEMO_DATA
2026-08-13T01:22:35.250415+00:00,19.02,72.84,1.16,24,synthetic_imd_forecast,True,1,SYNTHETIC_DEMO_DATA
2026-08-14T01:22:35.250415+00:00,19.02,72.84,0.89,48,synthetic_imd_forecast,True,1,SYNTHETIC_DEMO_DATA
2026-08-15T01:22:35.250415+00:00,19.02,72.84,0.91,72,synthetic_imd_forecast,True,1,SYNTHETIC_DEMO_DATA
2026-08-12T01:22:35.250415+00:00,19.07,72.88,0.7,0,synthetic_sensor,False,2,SYNTHETIC_DEMO_DATA
2026-08-13T01:22:35.250415+00:00,19.07,72.88,0.6,24,synthetic_imd_forecast,True,2,SYNTHETIC_DEMO_DATA
2026-08-14T01:22:35.250415+00:00,19.07,72.88,0.63,48,synthetic_imd_forecast,True,2,SYNTHETIC_DEMO_DATA
2026-08-15T01:22:35.250415+00:00,19.07,72.88,0.72,72,synthetic_imd_forecast,True,2,SYNTHETIC_DEMO_DATA
2026-08-12T01:22:35.250415+00:00,19.125,72.855,1.64,0,synthetic_sensor,False,3,SYNTHETIC_DEMO_DATA
2026-08-13T01:22:35.250415+00:00,19.125,72.855,1.83,24,synthetic_imd_forecast,True,3,SYNTHETIC_DEMO_DATA
2026-08-14T01:22:35.250415+00:00,19.125,72.855,1.8,48,synthetic_imd_forecast,True,3,SYNTHETIC_DEMO_DATA
2026-08-15T01:22:35.250415+00:00,19.125,72.855,1.56,72,synthetic_imd_forecast,True,3,SYNTHETIC_DEMO_DATA
2026-08-12T01:22:35.250415+00:00,19.04,72.86,0.9,0,synthetic_sensor,False,4,SYNTHETIC_DEMO_DATA
2026-08-13T01:22:35.250415+00:00,19.04,72.86,0.87,24,synthetic_imd_forecast,True,4,SYNTHETIC_DEMO_DATA
2026-08-14T01:22:35.250415+00:00,19.04,72.86,0.92,48,synthetic_imd_forecast,True,4,SYNTHETIC_DEMO_DATA
2026-08-15T01:22:35.250415+00:00,19.04,72.86,0.84,72,synthetic_imd_forecast,True,4,SYNTHETIC_DEMO_DATA
2026-08-12T02:22:35.250415+00:00,19.02,72.84,2.94,0,synthetic_sensor,False,1,SYNTHETIC_DEMO_DATA
2026-08-13T02:22:35.250415+00:00,19.02,72.84,2.86,24,synthetic_imd_forecast,True,1,SYNTHETIC_DEMO_DATA
2026-08-14T02:22:35.250415+00:00,19.02,72.84,2.99,48,synthetic_imd_forecast,True,1,SYNTHETIC_DEMO_DATA
2026-08-15T02:22:35.250415+00:00,19.02,72.84,2.88,72,synthetic_imd_forecast,True,1,SYNTHETIC_DEMO_DATA
2026-08-12T02:22:35.250415+00:00,19.07,72.88,1.05,0,synthetic_sensor,False,2,SYNTHETIC_DEMO_DATA
2026-08-13T02:22:35.250415+00:00,19.07,72.88,1.19,24,synthetic_imd_forecast,True,2,SYNTHETIC_DEMO_DATA
2026-08-14T02:22:35.250415+00:00,19.07,72.88,1.13,48,synthetic_imd_forecast,True,2,SYNTHETIC_DEMO_DATA
2026-08-15T02:22:35.250415+00:00,19.07,72.88,0.94,72,synthetic_imd_forecast,True,2,SYNTHETIC_DEMO_DATA
2026-08-12T02:22:35.250415+00:00,19.125,72.855,6.09,0,synthetic_sensor,False,3,SYNTHETIC_DEMO_DATA
2026-08-13T02:22:35.250415+00:00,19.125,72.855,6.07,24,synthetic_imd_forecast,True,3,SYNTHETIC_DEMO_DATA
2026-08-14T02:22:35.250415+00:00,19.125,72.855,6.81,48,synthetic_imd_forecast,True,3,SYNTHETIC_DEMO_DATA
2026-08-15T02:22:35.250415+00:00,19.125,72.855,6.64,72,synthetic_imd_forecast,True,3,SYNTHETIC_DEMO_DATA
2026-08-12T02:22:35.250415+00:00,19.04,72.86,1.66,0,synthetic_sensor,False,4,SYNTHETIC_DEMO_DATA
2026-08-13T02:22:35.250415+00:00,19.04,72.86,1.42,24,synthetic_imd_forecast,True,4,SYNTHETIC_DEMO_DATA
2026-08-14T02:22:35.250415+00:00,19.04,72.86,1.54,48,synthetic_imd_forecast,True,4,SYNTHETIC_DEMO_DATA
2026-08-15T02:22:35.250415+00:00,19.04,72.86,1.68,72,synthetic_imd_forecast,True,4,SYNTHETIC_DEMO_DATA
2026-08-12T03:22:35.250415+00:00,19.02,72.84,3.01,0,synthetic_sensor,False,1,SYNTHETIC_DEMO_DATA
2026-08-13T03:22:35.250415+00:00,19.02,72.84,2.79,24,synthetic_imd_forecast,True,1,SYNTHETIC_DEMO_DATA
2026-08-14T03:22:35.250415+00:00,19.02,72.84,2.68,48,synthetic_imd_forecast,True,1,SYNTHETIC_DEMO_DATA
2026-08-15T03:22:35.250415+00:00,19.02,72.84,3.31,72,synthetic_imd_forecast,True,1,SYNTHETIC_DEMO_DATA
2026-08-12T03:22:35.250415+00:00,19.07,72.88,12.48,0,synthetic_sensor,False,2,SYNTHETIC_DEMO_DATA
2026-08-13T03:22:35.250415+00:00,19.07,72.88,12.58,24,synthetic_imd_forecast,True,2,SYNTHETIC_DEMO_DATA
2026-08-14T03:22:35.250415+00:00,19.07,72.88,11.25,48,synthetic_imd_forecast,True,2,SYNTHETIC_DEMO_DATA
2026-08-15T03:22:35.250415+00:00,19.07,72.88,11.63,72,synthetic_imd_forecast,True,2,SYNTHETIC_DEMO_DATA
2026-08-12T03:22:35.250415+00:00,19.125,72.855,0.06,0,synthetic_sensor,False,3,SYNTHETIC_DEMO_DATA
2026-08-13T03:22:35.250415+00:00,19.125,72.855,0.07,24,synthetic_imd_forecast,True,3,SYNTHETIC_DEMO_DATA
2026-08-14T03:22:35.250415+00:00,19.125,72.855,0.05,48,synthetic_imd_forecast,True,3,SYNTHETIC_DEMO_DATA
2026-08-15T03:22:35.250415+00:00,19.125,72.855,0.06,72,synthetic_imd_forecast,True,3,SYNTHETIC_DEMO_DATA
2026-08-12T03:22:35.250415+00:00,19.04,72.86,0.96,0,synthetic_sensor,False,4,SYNTHETIC_DEMO_DATA
2026-08-13T03:22:35.250415+00:00,19.04,72.86,0.98,24,synthetic_imd_forecast,True,4,SYNTHETIC_DEMO_DATA
2026-08-14T03:22:35.250415+00:00,19.04,72.86,1.0,48,synthetic_imd_forecast,True,4,SYNTHETIC_DEMO_DATA
2026-08-15T03:22:35.250415+00:00,19.04,72.86,1.05,72,synthetic_imd_forecast,True,4,SYNTHETIC_DEMO_DATA
2026-08-12T04:22:35.250415+00:00,19.02,72.84,0.69,0,synthetic_sensor,False,1,SYNTHETIC_DEMO_DATA
2026-08-13T04:22:35.250415+00:00,19.02,72.84,0.59,24,synthetic_imd_forecast,True,1,SYNTHETIC_DEMO_DATA
2026-08-14T04:22:35.250415+00:00,19.02,72.84,0.61,48,synthetic_imd_forecast,True,1,SYNTHETIC_DEMO_DATA
2026-08-15T04:22:35.250415+00:00,19.02,72.84,0.77,72,synthetic_imd_forecast,True,1,SYNTHETIC_DEMO_DATA
2026-08-12T04:22:35.250415+00:00,19.07,72.88,6.21,0,synthetic_sensor,False,2,SYNTHETIC_DEMO_DATA
2026-08-13T04:22:35.250415+00:00,19.07,72.88,6.39,24,synthetic_imd_forecast,True,2,SYNTHETIC_DEMO_DATA
2026-08-14T04:22:35.250415+00:00,19.07,72.88,6.4,48,synthetic_imd_forecast,True,2,SYNTHETIC_DEMO_DATA
2026-08-15T04:22:35.250415+00:00,19.07,72.88,6.52,72,synthetic_imd_forecast,True,2,SYNTHETIC_DEMO_DATA
2026-08-12T04:22:35.250415+00:00,19.125,72.855,0.58,0,synthetic_sensor,False,3,SYNTHETIC_DEMO_DATA
2026-08-13T04:22:35.250415+00:00,19.125,72.855,0.65,24,synthetic_imd_forecast,True,3,SYNTHETIC_DEMO_DATA
2026-08-14T04:22:35.250415+00:00,19.125,72.855,0.57,48,synthetic_imd_forecast,True,3,SYNTHETIC_DEMO_DATA
2026-08-15T04:22:35.250415+00:00,19.125,72.855,0.56,72,synthetic_imd_forecast,True,3,SYNTHETIC_DEMO_DATA
2026-08-12T04:22:35.250415+00:00,19.04,72.86,2.2,0,synthetic_sensor,False,4,SYNTHETIC_DEMO_DATA
2026-08-13T04:22:35.250415+00:00,19.04,72.86,1.9,24,synthetic_imd_forecast,True,4,SYNTHETIC_DEMO_DATA
2026-08-14T04:22:35.250415+00:00,19.04,72.86,1.98,48,synthetic_imd_forecast,True,4,SYNTHETIC_DEMO_DATA
2026-08-15T04:22:35.250415+00:00,19.04,72.86,2.36,72,synthetic_imd_forecast,True,4,SYNTHETIC_DEMO_DATA
2026-08-12T05:22:35.250415+00:00,19.02,72.84,0.26,0,synthetic_sensor,False,1,SYNTHETIC_DEMO_DATA
2026-08-13T05:22:35.250415+00:00,19.02,72.84,0.27,24,synthetic_imd_forecast,True,1,SYNTHETIC_DEMO_DATA
2026-08-14T05:22:35.250415+00:00,19.02,72.84,0.24,48,synthetic_imd_forecast,True,1,SYNTHETIC_DEMO_DATA
2026-08-15T05:22:35.250415+00:00,19.02,72.84,0.25,72,synthetic_imd_forecast,True,1,SYNTHETIC_DEMO_DATA
2026-08-12T05:22:35.250415+00:00,19.07,72.88,1.02,0,synthetic_sensor,False,2,SYNTHETIC_DEMO_DATA
2026-08-13T05:22:35.250415+00:00,19.07,72.88,0.98,24,synthetic_imd_forecast,True,2,SYNTHETIC_DEMO_DATA
2026-08-14T05:22:35.250415+00:00,19.07,72.88,1.09,48,synthetic_imd_forecast,True,2,SYNTHETIC_DEMO_DATA
2026-08-15T05:22:35.250415+00:00,19.07,72.88,0.96,72,synthetic_imd_forecast,True,2,SYNTHETIC_DEMO_DATA
2026-08-12T05:22:35.250415+00:00,19.125,72.855,2.51,0,synthetic_sensor,False,3,SYNTHETIC_DEMO_DATA
2026-08-13T05:22:35.250415+00:00,19.125,72.855,2.49,24,synthetic_imd_forecast,True,3,SYNTHETIC_DEMO_DATA
2026-08-14T05:22:35.250415+00:00,19.125,72.855,2.63,48,synthetic_imd_forecast,True,3,SYNTHETIC_DEMO_DATA
2026-08-15T05:22:35.250415+00:00,19.125,72.855,2.84,72,synthetic_imd_forecast,True,3,SYNTHETIC_DEMO_DATA
2026-08-12T05:22:35.250415+00:00,19.04,72.86,3.96,0,synthetic_sensor,False,4,SYNTHETIC_DEMO_DATA
2026-08-13T05:22:35.250415+00:00,19.04,72.86,3.62,24,synthetic_imd_forecast,True,4,SYNTHETIC_DEMO_DATA
2026-08-14T05:22:35.250415+00:00,19.04,72.86,3.4,48,synthetic_imd_forecast,True,4,SYNTHETIC_DEMO_DATA
2026-08-15T05:22:35.250415+00:00,19.04,72.86,3.68,72,synthetic_imd_forecast,True,4,SYNTHETIC_DEMO_DATA
2026-08-12T06:22:35.250415+00:00,19.02,72.84,2.71,0,synthetic_sensor,False,1,SYNTHETIC_DEMO_DATA
2026-08-13T06:22:35.250415+00:00,19.02,72.84,2.35,24,synthetic_imd_forecast,True,1,SYNTHETIC_DEMO_DATA
2026-08-14T06:22:35.250415+00:00,19.02,72.84,2.71,48,synthetic_imd_forecast,True,1,SYNTHETIC_DEMO_DATA
2026-08-15T06:22:35.250415+00:00,19.02,72.84,2.79,72,synthetic_imd_forecast,True,1,SYNTHETIC_DEMO_DATA
2026-08-12T06:22:35.250415+00:00,19.07,72.88,1.22,0,synthetic_sensor,False,2,SYNTHETIC_DEMO_DATA
2026-08-13T06:22:35.250415+00:00,19.07,72.88,1.32,24,synthetic_imd_forecast,True,2,SYNTHETIC_DEMO_DATA
2026-08-14T06:22:35.250415+00:00,19.07,72.88,1.08,48,synthetic_imd_forecast,True,2,SYNTHETIC_DEMO_DATA
2026-08-15T06:22:35.250415+00:00,19.07,72.88,1.06,72,synthetic_imd_forecast,True,2,SYNTHETIC_DEMO_DATA
2026-08-12T06:22:35.250415+00:00,19.125,72.855,3.91,0,synthetic_sensor,False,3,SYNTHETIC_DEMO_DATA
2026-08-13T06:22:35.250415+00:00,19.125,72.855,3.9,24,synthetic_imd_forecast,True,3,SYNTHETIC_DEMO_DATA
2026-08-14T06:22:35.250415+00:00,19.125,72.855,4.13,48,synthetic_imd_forecast,True,3,SYNTHETIC_DEMO_DATA
2026-08-15T06:22:35.250415+00:00,19.125,72.855,3.83,72,synthetic_imd_forecast,True,3,SYNTHETIC_DEMO_DATA
2026-08-12T06:22:35.250415+00:00,19.04,72.86,0.85,0,synthetic_sensor,False,4,SYNTHETIC_DEMO_DATA
2026-08-13T06:22:35.250415+00:00,19.04,72.86,0.93,24,synthetic_imd_forecast,True,4,SYNTHETIC_DEMO_DATA
2026-08-14T06:22:35.250415+00:00,19.04,72.86,0.93,48,synthetic_imd_forecast,True,4,SYNTHETIC_DEMO_DATA
2026-08-15T06:22:35.250415+00:00,19.04,72.86,0.9,72,synthetic_imd_forecast,True,4,SYNTHETIC_DEMO_DATA
2026-08-12T07:22:35.250415+00:00,19.02,72.84,0.95,0,synthetic_sensor,False,1,SYNTHETIC_DEMO_DATA
2026-08-13T07:22:35.250415+00:00,19.02,72.84,0.98,24,synthetic_imd_forecast,True,1,SYNTHETIC_DEMO_DATA
2026-08-14T07:22:35.250415+00:00,19.02,72.84,0.91,48,synthetic_imd_forecast,True,1,SYNTHETIC_DEMO_DATA
2026-08-15T07:22:35.250415+00:00,19.02,72.84,0.83,72,synthetic_imd_forecast,True,1,SYNTHETIC_DEMO_DATA
2026-08-12T07:22:35.250415+00:00,19.07,72.88,7.48,0,synthetic_sensor,False,2,SYNTHETIC_DEMO_DATA
2026-08-13T07:22:35.250415+00:00,19.07,72.88,6.67,24,synthetic_imd_forecast,True,2,SYNTHETIC_DEMO_DATA
2026-08-14T07:22:35.250415+00:00,19.07,72.88,8.49,48,synthetic_imd_forecast,True,2,SYNTHETIC_DEMO_DATA
2026-08-15T07:22:35.250415+00:00,19.07,72.88,7.36,72,synthetic_imd_forecast,True,2,SYNTHETIC_DEMO_DATA
2026-08-12T07:22:35.250415+00:00,19.125,72.855,0.61,0,synthetic_sensor,False,3,SYNTHETIC_DEMO_DATA
2026-08-13T07:22:35.250415+00:00,19.125,72.855,0.62,24,synthetic_imd_forecast,True,3,SYNTHETIC_DEMO_DATA
2026-08-14T07:22:35.250415+00:00,19.125,72.855,0.68,48,synthetic_imd_forecast,True,3,SYNTHETIC_DEMO_DATA
2026-08-15T07:22:35.250415+00:00,19.125,72.855,0.65,72,synthetic_imd_forecast,True,3,SYNTHETIC_DEMO_DATA
2026-08-12T07:22:35.250415+00:00,19.04,72.86,4.93,0,synthetic_sensor,False,4,SYNTHETIC_DEMO_DATA
2026-08-13T07:22:35.250415+00:00,19.04,72.86,5.16,24,synthetic_imd_forecast,True,4,SYNTHETIC_DEMO_DATA
2026-08-14T07:22:35.250415+00:00,19.04,72.86,5.21,48,synthetic_imd_forecast,True,4,SYNTHETIC_DEMO_DATA
2026-08-15T07:22:35.250415+00:00,19.04,72.86,5.45,72,synthetic_imd_forecast,True,4,SYNTHETIC_DEMO_DATA
2026-08-12T08:22:35.250415+00:00,19.02,72.84,0.86,0,synthetic_sensor,False,1,SYNTHETIC_DEMO_DATA
2026-08-13T08:22:35.250415+00:00,19.02,72.84,0.86,24,synthetic_imd_forecast,True,1,SYNTHETIC_DEMO_DATA
2026-08-14T08:22:35.250415+00:00,19.02,72.84,0.79,48,synthetic_imd_forecast,True,1,SYNTHETIC_DEMO_DATA
2026-08-15T08:22:35.250415+00:00,19.02,72.84,0.99,72,synthetic_imd_forecast,True,1,SYNTHETIC_DEMO_DATA
2026-08-12T08:22:35.250415+00:00,19.07,72.88,8.65,0,synthetic_sensor,False,2,SYNTHETIC_DEMO_DATA
2026-08-13T08:22:35.250415+00:00,19.07,72.88,7.45,24,synthetic_imd_forecast,True,2,SYNTHETIC_DEMO_DATA
2026-08-14T08:22:35.250415+00:00,19.07,72.88,9.18,48,synthetic_imd_forecast,True,2,SYNTHETIC_DEMO_DATA
2026-08-15T08:22:35.250415+00:00,19.07,72.88,9.75,72,synthetic_imd_forecast,True,2,SYNTHETIC_DEMO_DATA
2026-08-12T08:22:35.250415+00:00,19.125,72.855,0.6,0,synthetic_sensor,False,3,SYNTHETIC_DEMO_DATA
2026-08-13T08:22:35.250415+00:00,19.125,72.855,0.61,24,synthetic_imd_forecast,True,3,SYNTHETIC_DEMO_DATA
2026-08-14T08:22:35.250415+00:00,19.125,72.855,0.67,48,synthetic_imd_forecast,True,3,SYNTHETIC_DEMO_DATA
2026-08-15T08:22:35.250415+00:00,19.125,72.855,0.52,72,synthetic_imd_forecast,True,3,SYNTHETIC_DEMO_DATA
2026-08-12T08:22:35.250415+00:00,19.04,72.86,3.59,0,synthetic_sensor,False,4,SYNTHETIC_DEMO_DATA
2026-08-13T08:22:35.250415+00:00,19.04,72.86,3.37,24,synthetic_imd_forecast,True,4,SYNTHETIC_DEMO_DATA
2026-08-14T08:22:35.250415+00:00,19.04,72.86,4.05,48,synthetic_imd_forecast,True,4,SYNTHETIC_DEMO_DATA
2026-08-15T08:22:35.250415+00:00,19.04,72.86,4.1,72,synthetic_imd_forecast,True,4,SYNTHETIC_DEMO_DATA
2026-08-12T09:22:35.250415+00:00,19.02,72.84,8.66,0,synthetic_sensor,False,1,SYNTHETIC_DEMO_DATA
2026-08-13T09:22:35.250415+00:00,19.02,72.84,8.59,24,synthetic_imd_forecast,True,1,SYNTHETIC_DEMO_DATA
2026-08-14T09:22:35.250415+00:00,19.02,72.84,9.6,48,synthetic_imd_forecast,True,1,SYNTHETIC_DEMO_DATA
2026-08-15T09:22:35.250415+00:00,19.02,72.84,9.56,72,synthetic_imd_forecast,True,1,SYNTHETIC_DEMO_DATA
2026-08-12T09:22:35.250415+00:00,19.07,72.88,1.15,0,synthetic_sensor,False,2,SYNTHETIC_DEMO_DATA
2026-08-13T09:22:35.250415+00:00,19.07,72.88,1.26,24,synthetic_imd_forecast,True,2,SYNTHETIC_DEMO_DATA
2026-08-14T09:22:35.250415+00:00,19.07,72.88,0.99,48,synthetic_imd_forecast,True,2,SYNTHETIC_DEMO_DATA
2026-08-15T09:22:35.250415+00:00,19.07,72.88,1.18,72,synthetic_imd_forecast,True,2,SYNTHETIC_DEMO_DATA
2026-08-12T09:22:35.250415+00:00,19.125,72.855,0.78,0,synthetic_sensor,False,3,SYNTHETIC_DEMO_DATA
2026-08-13T09:22:35.250415+00:00,19.125,72.855,0.69,24,synthetic_imd_forecast,True,3,SYNTHETIC_DEMO_DATA
2026-08-14T09:22:35.250415+00:00,19.125,72.855,0.68,48,synthetic_imd_forecast,True,3,SYNTHETIC_DEMO_DATA
2026-08-15T09:22:35.250415+00:00,19.125,72.855,0.83,72,synthetic_imd_forecast,True,3,SYNTHETIC_DEMO_DATA
2026-08-12T09:22:35.250415+00:00,19.04,72.86,1.25,0,synthetic_sensor,False,4,SYNTHETIC_DEMO_DATA
2026-08-13T09:22:35.250415+00:00,19.04,72.86,1.33,24,synthetic_imd_forecast,True,4,SYNTHETIC_DEMO_DATA
2026-08-14T09:22:35.250415+00:00,19.04,72.86,1.09,48,synthetic_imd_forecast,True,4,SYNTHETIC_DEMO_DATA
2026-08-15T09:22:35.250415+00:00,19.04,72.86,1.18,72,synthetic_imd_forecast,True,4,SYNTHETIC_DEMO_DATA
2026-08-12T10:22:35.250415+00:00,19.02,72.84,2.33,0,synthetic_sensor,False,1,SYNTHETIC_DEMO_DATA
2026-08-13T10:22:35.250415+00:00,19.02,72.84,2.53,24,synthetic_imd_forecast,True,1,SYNTHETIC_DEMO_DATA
2026-08-14T10:22:35.250415+00:00,19.02,72.84,2.2,48,synthetic_imd_forecast,True,1,SYNTHETIC_DEMO_DATA
2026-08-15T10:22:35.250415+00:00,19.02,72.84,2.42,72,synthetic_imd_forecast,True,1,SYNTHETIC_DEMO_DATA
2026-08-12T10:22:35.250415+00:00,19.07,72.88,6.51,0,synthetic_sensor,False,2,SYNTHETIC_DEMO_DATA
2026-08-13T10:22:35.250415+00:00,19.07,72.88,6.74,24,synthetic_imd_forecast,True,2,SYNTHETIC_DEMO_DATA
2026-08-14T10:22:35.250415+00:00,19.07,72.88,5.99,48,synthetic_imd_forecast,True,2,SYNTHETIC_DEMO_DATA
2026-08-15T10:22:35.250415+00:00,19.07,72.88,5.58,72,synthetic_imd_forecast,True,2,SYNTHETIC_DEMO_DATA
2026-08-12T10:22:35.250415+00:00,19.125,72.855,6.12,0,synthetic_sensor,False,3,SYNTHETIC_DEMO_DATA
2026-08-13T10:22:35.250415+00:00,19.125,72.855,5.24,24,synthetic_imd_forecast,True,3,SYNTHETIC_DEMO_DATA
2026-08-14T10:22:35.250415+00:00,19.125,72.855,6.81,48,synthetic_imd_forecast,True,3,SYNTHETIC_DEMO_DATA
2026-08-15T10:22:35.250415+00:00,19.125,72.855,6.17,72,synthetic_imd_forecast,True,3,SYNTHETIC_DEMO_DATA
2026-08-12T10:22:35.250415+00:00,19.04,72.86,8.39,0,synthetic_sensor,False,4,SYNTHETIC_DEMO_DATA
2026-08-13T10:22:35.250415+00:00,19.04,72.86,9.14,24,synthetic_imd_forecast,True,4,SYNTHETIC_DEMO_DATA
2026-08-14T10:22:35.250415+00:00,19.04,72.86,9.64,48,synthetic_imd_forecast,True,4,SYNTHETIC_DEMO_DATA
2026-08-15T10:22:35.250415+00:00,19.04,72.86,8.01,72,synthetic_imd_forecast,True,4,SYNTHETIC_DEMO_DATA
2026-08-12T11:22:35.250415+00:00,19.02,72.84,4.37,0,synthetic_sensor,False,1,SYNTHETIC_DEMO_DATA
2026-08-13T11:22:35.250415+00:00,19.02,72.84,4.24,24,synthetic_imd_forecast,True,1,SYNTHETIC_DEMO_DATA
2026-08-14T11:22:35.250415+00:00,19.02,72.84,4.34,48,synthetic_imd_forecast,True,1,SYNTHETIC_DEMO_DATA
2026-08-15T11:22:35.250415+00:00,19.02,72.84,4.54,72,synthetic_imd_forecast,True,1,SYNTHETIC_DEMO_DATA
2026-08-12T11:22:35.250415+00:00,19.07,72.88,6.21,0,synthetic_sensor,False,2,SYNTHETIC_DEMO_DATA
2026-08-13T11:22:35.250415+00:00,19.07,72.88,7.11,24,synthetic_imd_forecast,True,2,SYNTHETIC_DEMO_DATA
2026-08-14T11:22:35.250415+00:00,19.07,72.88,6.71,48,synthetic_imd_forecast,True,2,SYNTHETIC_DEMO_DATA
2026-08-15T11:22:35.250415+00:00,19.07,72.88,6.06,72,synthetic_imd_forecast,True,2,SYNTHETIC_DEMO_DATA
2026-08-12T11:22:35.250415+00:00,19.125,72.855,1.64,0,synthetic_sensor,False,3,SYNTHETIC_DEMO_DATA
2026-08-13T11:22:35.250415+00:00,19.125,72.855,1.76,24,synthetic_imd_forecast,True,3,SYNTHETIC_DEMO_DATA
2026-08-14T11:22:35.250415+00:00,19.125,72.855,1.51,48,synthetic_imd_forecast,True,3,SYNTHETIC_DEMO_DATA
2026-08-15T11:22:35.250415+00:00,19.125,72.855,1.45,72,synthetic_imd_forecast,True,3,SYNTHETIC_DEMO_DATA
2026-08-12T11:22:35.250415+00:00,19.04,72.86,1.31,0,synthetic_sensor,False,4,SYNTHETIC_DEMO_DATA
2026-08-13T11:22:35.250415+00:00,19.04,72.86,1.23,24,synthetic_imd_forecast,True,4,SYNTHETIC_DEMO_DATA
2026-08-14T11:22:35.250415+00:00,19.04,72.86,1.23,48,synthetic_imd_forecast,True,4,SYNTHETIC_DEMO_DATA
2026-08-15T11:22:35.250415+00:00,19.04,72.86,1.21,72,synthetic_imd_forecast,True,4,SYNTHETIC_DEMO_DATA
2026-08-12T12:22:35.250415+00:00,19.02,72.84,0.13,0,synthetic_sensor,False,1,SYNTHETIC_DEMO_DATA
2026-08-13T12:22:35.250415+00:00,19.02,72.84,0.11,24,synthetic_imd_forecast,True,1,SYNTHETIC_DEMO_DATA
2026-08-14T12:22:35.250415+00:00,19.02,72.84,0.15,48,synthetic_imd_forecast,True,1,SYNTHETIC_DEMO_DATA
2026-08-15T12:22:35.250415+00:00,19.02,72.84,0.13,72,synthetic_imd_forecast,True,1,SYNTHETIC_DEMO_DATA
2026-08-12T12:22:35.250415+00:00,19.07,72.88,1.46,0,synthetic_sensor,False,2,SYNTHETIC_DEMO_DATA
2026-08-13T12:22:35.250415+00:00,19.07,72.88,1.54,24,synthetic_imd_forecast,True,2,SYNTHETIC_DEMO_DATA
2026-08-14T12:22:35.250415+00:00,19.07,72.88,1.34,48,synthetic_imd_forecast,True,2,SYNTHETIC_DEMO_DATA
2026-08-15T12:22:35.250415+00:00,19.07,72.88,1.66,72,synthetic_imd_forecast,True,2,SYNTHETIC_DEMO_DATA
2026-08-12T12:22:35.250415+00:00,19.125,72.855,4.63,0,synthetic_sensor,False,3,SYNTHETIC_DEMO_DATA
2026-08-13T12:22:35.250415+00:00,19.125,72.855,4.06,24,synthetic_imd_forecast,True,3,SYNTHETIC_DEMO_DATA
2026-08-14T12:22:35.250415+00:00,19.125,72.855,4.52,48,synthetic_imd_forecast,True,3,SYNTHETIC_DEMO_DATA
2026-08-15T12:22:35.250415+00:00,19.125,72.855,5.16,72,synthetic_imd_forecast,True,3,SYNTHETIC_DEMO_DATA
2026-08-12T12:22:35.250415+00:00,19.04,72.86,8.69,0,synthetic_sensor,False,4,SYNTHETIC_DEMO_DATA
2026-08-13T12:22:35.250415+00:00,19.04,72.86,8.61,24,synthetic_imd_forecast,True,4,SYNTHETIC_DEMO_DATA
2026-08-14T12:22:35.250415+00:00,19.04,72.86,8.99,48,synthetic_imd_forecast,True,4,SYNTHETIC_DEMO_DATA
2026-08-15T12:22:35.250415+00:00,19.04,72.86,7.82,72,synthetic_imd_forecast,True,4,SYNTHETIC_DEMO_DATA
2026-08-12T13:22:35.250415+00:00,19.02,72.84,14.19,0,synthetic_sensor,False,1,SYNTHETIC_DEMO_DATA
2026-08-13T13:22:35.250415+00:00,19.02,72.84,13.05,24,synthetic_imd_forecast,True,1,SYNTHETIC_DEMO_DATA
2026-08-14T13:22:35.250415+00:00,19.02,72.84,16.07,48,synthetic_imd_forecast,True,1,SYNTHETIC_DEMO_DATA
2026-08-15T13:22:35.250415+00:00,19.02,72.84,14.83,72,synthetic_imd_forecast,True,1,SYNTHETIC_DEMO_DATA
2026-08-12T13:22:35.250415+00:00,19.07,72.88,2.81,0,synthetic_sensor,False,2,SYNTHETIC_DEMO_DATA
2026-08-13T13:22:35.250415+00:00,19.07,72.88,2.82,24,synthetic_imd_forecast,True,2,SYNTHETIC_DEMO_DATA
2026-08-14T13:22:35.250415+00:00,19.07,72.88,2.58,48,synthetic_imd_forecast,True,2,SYNTHETIC_DEMO_DATA
2026-08-15T13:22:35.250415+00:00,19.07,72.88,2.54,72,synthetic_imd_forecast,True,2,SYNTHETIC_DEMO_DATA
2026-08-12T13:22:35.250415+00:00,19.125,72.855,0.75,0,synthetic_sensor,False,3,SYNTHETIC_DEMO_DATA
2026-08-13T13:22:35.250415+00:00,19.125,72.855,0.68,24,synthetic_imd_forecast,True,3,SYNTHETIC_DEMO_DATA
2026-08-14T13:22:35.250415+00:00,19.125,72.855,0.81,48,synthetic_imd_forecast,True,3,SYNTHETIC_DEMO_DATA
2026-08-15T13:22:35.250415+00:00,19.125,72.855,0.72,72,synthetic_imd_forecast,True,3,SYNTHETIC_DEMO_DATA
2026-08-12T13:22:35.250415+00:00,19.04,72.86,0.18,0,synthetic_sensor,False,4,SYNTHETIC_DEMO_DATA
2026-08-13T13:22:35.250415+00:00,19.04,72.86,0.21,24,synthetic_imd_forecast,True,4,SYNTHETIC_DEMO_DATA
2026-08-14T13:22:35.250415+00:00,19.04,72.86,0.2,48,synthetic_imd_forecast,True,4,SYNTHETIC_DEMO_DATA
2026-08-15T13:22:35.250415+00:00,19.04,72.86,0.2,72,synthetic_imd_forecast,True,4,SYNTHETIC_DEMO_DATA
2026-08-12T14:22:35.250415+00:00,19.02,72.84,15.84,0,synthetic_sensor,False,1,SYNTHETIC_DEMO_DATA
2026-08-13T14:22:35.250415+00:00,19.02,72.84,14.29,24,synthetic_imd_forecast,True,1,SYNTHETIC_DEMO_DATA
2026-08-14T14:22:35.250415+00:00,19.02,72.84,15.35,48,synthetic_imd_forecast,True,1,SYNTHETIC_DEMO_DATA
2026-08-15T14:22:35.250415+00:00,19.02,72.84,17.07,72,synthetic_imd_forecast,True,1,SYNTHETIC_DEMO_DATA
2026-08-12T14:22:35.250415+00:00,19.07,72.88,3.57,0,synthetic_sensor,False,2,SYNTHETIC_DEMO_DATA
2026-08-13T14:22:35.250415+00:00,19.07,72.88,3.2,24,synthetic_imd_forecast,True,2,SYNTHETIC_DEMO_DATA
2026-08-14T14:22:35.250415+00:00,19.07,72.88,3.91,48,synthetic_imd_forecast,True,2,SYNTHETIC_DEMO_DATA
2026-08-15T14:22:35.250415+00:00,19.07,72.88,3.27,72,synthetic_imd_forecast,True,2,SYNTHETIC_DEMO_DATA
2026-08-12T14:22:35.250415+00:00,19.125,72.855,0.76,0,synthetic_sensor,False,3,SYNTHETIC_DEMO_DATA
2026-08-13T14:22:35.250415+00:00,19.125,72.855,0.77,24,synthetic_imd_forecast,True,3,SYNTHETIC_DEMO_DATA
2026-08-14T14:22:35.250415+00:00,19.125,72.855,0.78,48,synthetic_imd_forecast,True,3,SYNTHETIC_DEMO_DATA
2026-08-15T14:22:35.250415+00:00,19.125,72.855,0.78,72,synthetic_imd_forecast,True,3,SYNTHETIC_DEMO_DATA
2026-08-12T14:22:35.250415+00:00,19.04,72.86,0.29,0,synthetic_sensor,False,4,SYNTHETIC_DEMO_DATA
2026-08-13T14:22:35.250415+00:00,19.04,72.86,0.32,24,synthetic_imd_forecast,True,4,SYNTHETIC_DEMO_DATA
2026-08-14T14:22:35.250415+00:00,19.04,72.86,0.27,48,synthetic_imd_forecast,True,4,SYNTHETIC_DEMO_DATA
2026-08-15T14:22:35.250415+00:00,19.04,72.86,0.26,72,synthetic_imd_forecast,True,4,SYNTHETIC_DEMO_DATA
2026-08-12T15:22:35.250415+00:00,19.02,72.84,6.59,0,synthetic_sensor,False,1,SYNTHETIC_DEMO_DATA
2026-08-13T15:22:35.250415+00:00,19.02,72.84,7.49,24,synthetic_imd_forecast,True,1,SYNTHETIC_DEMO_DATA
2026-08-14T15:22:35.250415+00:00,19.02,72.84,7.31,48,synthetic_imd_forecast,True,1,SYNTHETIC_DEMO_DATA
2026-08-15T15:22:35.250415+00:00,19.02,72.84,7.2,72,synthetic_imd_forecast,True,1,SYNTHETIC_DEMO_DATA
2026-08-12T15:22:35.250415+00:00,19.07,72.88,3.19,0,synthetic_sensor,False,2,SYNTHETIC_DEMO_DATA
2026-08-13T15:22:35.250415+00:00,19.07,72.88,3.24,24,synthetic_imd_forecast,True,2,SYNTHETIC_DEMO_DATA
2026-08-14T15:22:35.250415+00:00,19.07,72.88,2.79,48,synthetic_imd_forecast,True,2,SYNTHETIC_DEMO_DATA
2026-08-15T15:22:35.250415+00:00,19.07,72.88,3.1,72,synthetic_imd_forecast,True,2,SYNTHETIC_DEMO_DATA
2026-08-12T15:22:35.250415+00:00,19.125,72.855,1.4,0,synthetic_sensor,False,3,SYNTHETIC_DEMO_DATA
2026-08-13T15:22:35.250415+00:00,19.125,72.855,1.3,24,synthetic_imd_forecast,True,3,SYNTHETIC_DEMO_DATA
2026-08-14T15:22:35.250415+00:00,19.125,72.855,1.49,48,synthetic_imd_forecast,True,3,SYNTHETIC_DEMO_DATA
2026-08-15T15:22:35.250415+00:00,19.125,72.855,1.4,72,synthetic_imd_forecast,True,3,SYNTHETIC_DEMO_DATA
2026-08-12T15:22:35.250415+00:00,19.04,72.86,0.25,0,synthetic_sensor,False,4,SYNTHETIC_DEMO_DATA
2026-08-13T15:22:35.250415+00:00,19.04,72.86,0.23,24,synthetic_imd_forecast,True,4,SYNTHETIC_DEMO_DATA
2026-08-14T15:22:35.250415+00:00,19.04,72.86,0.26,48,synthetic_imd_forecast,True,4,SYNTHETIC_DEMO_DATA
2026-08-15T15:22:35.250415+00:00,19.04,72.86,0.22,72,synthetic_imd_forecast,True,4,SYNTHETIC_DEMO_DATA
2026-08-12T16:22:35.250415+00:00,19.02,72.84,5.72,0,synthetic_sensor,False,1,SYNTHETIC_DEMO_DATA
2026-08-13T16:22:35.250415+00:00,19.02,72.84,5.71,24,synthetic_imd_forecast,True,1,SYNTHETIC_DEMO_DATA
2026-08-14T16:22:35.250415+00:00,19.02,72.84,5.69,48,synthetic_imd_forecast,True,1,SYNTHETIC_DEMO_DATA
2026-08-15T16:22:35.250415+00:00,19.02,72.84,5.88,72,synthetic_imd_forecast,True,1,SYNTHETIC_DEMO_DATA
2026-08-12T16:22:35.250415+00:00,19.07,72.88,5.22,0,synthetic_sensor,False,2,SYNTHETIC_DEMO_DATA
2026-08-13T16:22:35.250415+00:00,19.07,72.88,4.98,24,synthetic_imd_forecast,True,2,SYNTHETIC_DEMO_DATA
2026-08-14T16:22:35.250415+00:00,19.07,72.88,5.5,48,synthetic_imd_forecast,True,2,SYNTHETIC_DEMO_DATA
2026-08-15T16:22:35.250415+00:00,19.07,72.88,5.32,72,synthetic_imd_forecast,True,2,SYNTHETIC_DEMO_DATA
2026-08-12T16:22:35.250415+00:00,19.125,72.855,0.93,0,synthetic_sensor,False,3,SYNTHETIC_DEMO_DATA
2026-08-13T16:22:35.250415+00:00,19.125,72.855,1.04,24,synthetic_imd_forecast,True,3,SYNTHETIC_DEMO_DATA
2026-08-14T16:22:35.250415+00:00,19.125,72.855,1.01,48,synthetic_imd_forecast,True,3,SYNTHETIC_DEMO_DATA
2026-08-15T16:22:35.250415+00:00,19.125,72.855,0.97,72,synthetic_imd_forecast,True,3,SYNTHETIC_DEMO_DATA
2026-08-12T16:22:35.250415+00:00,19.04,72.86,5.7,0,synthetic_sensor,False,4,SYNTHETIC_DEMO_DATA
2026-08-13T16:22:35.250415+00:00,19.04,72.86,6.33,24,synthetic_imd_forecast,True,4,SYNTHETIC_DEMO_DATA
2026-08-14T16:22:35.250415+00:00,19.04,72.86,6.06,48,synthetic_imd_forecast,True,4,SYNTHETIC_DEMO_DATA
2026-08-15T16:22:35.250415+00:00,19.04,72.86,6.28,72,synthetic_imd_forecast,True,4,SYNTHETIC_DEMO_DATA
2026-08-12T17:22:35.250415+00:00,19.02,72.84,27.44,0,synthetic_sensor,False,1,SYNTHETIC_DEMO_DATA
2026-08-13T17:22:35.250415+00:00,19.02,72.84,28.92,24,synthetic_imd_forecast,True,1,SYNTHETIC_DEMO_DATA
2026-08-14T17:22:35.250415+00:00,19.02,72.84,28.42,48,synthetic_imd_forecast,True,1,SYNTHETIC_DEMO_DATA
2026-08-15T17:22:35.250415+00:00,19.02,72.84,29.52,72,synthetic_imd_forecast,True,1,SYNTHETIC_DEMO_DATA
2026-08-12T17:22:35.250415+00:00,19.07,72.88,13.97,0,synthetic_sensor,False,2,SYNTHETIC_DEMO_DATA
2026-08-13T17:22:35.250415+00:00,19.07,72.88,15.57,24,synthetic_imd_forecast,True,2,SYNTHETIC_DEMO_DATA
2026-08-14T17:22:35.250415+00:00,19.07,72.88,15.53,48,synthetic_imd_forecast,True,2,SYNTHETIC_DEMO_DATA
2026-08-15T17:22:35.250415+00:00,19.07,72.88,12.0,72,synthetic_imd_forecast,True,2,SYNTHETIC_DEMO_DATA
2026-08-12T17:22:35.250415+00:00,19.125,72.855,30.65,0,synthetic_sensor,False,3,SYNTHETIC_DEMO_DATA
2026-08-13T17:22:35.250415+00:00,19.125,72.855,27.24,24,synthetic_imd_forecast,True,3,SYNTHETIC_DEMO_DATA
2026-08-14T17:22:35.250415+00:00,19.125,72.855,29.13,48,synthetic_imd_forecast,True,3,SYNTHETIC_DEMO_DATA
2026-08-15T17:22:35.250415+00:00,19.125,72.855,32.89,72,synthetic_imd_forecast,True,3,SYNTHETIC_DEMO_DATA
2026-08-12T17:22:35.250415+00:00,19.04,72.86,14.02,0,synthetic_sensor,False,4,SYNTHETIC_DEMO_DATA
2026-08-13T17:22:35.250415+00:00,19.04,72.86,15.36,24,synthetic_imd_forecast,True,4,SYNTHETIC_DEMO_DATA
2026-08-14T17:22:35.250415+00:00,19.04,72.86,15.42,48,synthetic_imd_forecast,True,4,SYNTHETIC_DEMO_DATA
2026-08-15T17:22:35.250415+00:00,19.04,72.86,14.05,72,synthetic_imd_forecast,True,4,SYNTHETIC_DEMO_DATA
2026-08-12T18:22:35.250415+00:00,19.02,72.84,10.16,0,synthetic_sensor,False,1,SYNTHETIC_DEMO_DATA
2026-08-13T18:22:35.250415+00:00,19.02,72.84,9.51,24,synthetic_imd_forecast,True,1,SYNTHETIC_DEMO_DATA
2026-08-14T18:22:35.250415+00:00,19.02,72.84,10.52,48,synthetic_imd_forecast,True,1,SYNTHETIC_DEMO_DATA
2026-08-15T18:22:35.250415+00:00,19.02,72.84,11.63,72,synthetic_imd_forecast,True,1,SYNTHETIC_DEMO_DATA
2026-08-12T18:22:35.250415+00:00,19.07,72.88,25.8,0,synthetic_sensor,False,2,SYNTHETIC_DEMO_DATA
2026-08-13T18:22:35.250415+00:00,19.07,72.88,23.94,24,synthetic_imd_forecast,True,2,SYNTHETIC_DEMO_DATA
2026-08-14T18:22:35.250415+00:00,19.07,72.88,26.84,48,synthetic_imd_forecast,True,2,SYNTHETIC_DEMO_DATA
2026-08-15T18:22:35.250415+00:00,19.07,72.88,26.11,72,synthetic_imd_forecast,True,2,SYNTHETIC_DEMO_DATA
2026-08-12T18:22:35.250415+00:00,19.125,72.855,29.5,0,synthetic_sensor,False,3,SYNTHETIC_DEMO_DATA
2026-08-13T18:22:35.250415+00:00,19.125,72.855,26.02,24,synthetic_imd_forecast,True,3,SYNTHETIC_DEMO_DATA
2026-08-14T18:22:35.250415+00:00,19.125,72.855,31.81,48,synthetic_imd_forecast,True,3,SYNTHETIC_DEMO_DATA
2026-08-15T18:22:35.250415+00:00,19.125,72.855,29.87,72,synthetic_imd_forecast,True,3,SYNTHETIC_DEMO_DATA
2026-08-12T18:22:35.250415+00:00,19.04,72.86,34.07,0,synthetic_sensor,False,4,SYNTHETIC_DEMO_DATA
2026-08-13T18:22:35.250415+00:00,19.04,72.86,32.45,24,synthetic_imd_forecast,True,4,SYNTHETIC_DEMO_DATA
2026-08-14T18:22:35.250415+00:00,19.04,72.86,35.43,48,synthetic_imd_forecast,True,4,SYNTHETIC_DEMO_DATA
2026-08-15T18:22:35.250415+00:00,19.04,72.86,38.49,72,synthetic_imd_forecast,True,4,SYNTHETIC_DEMO_DATA
2026-08-12T19:22:35.250415+00:00,19.02,72.84,12.56,0,synthetic_sensor,False,1,SYNTHETIC_DEMO_DATA
2026-08-13T19:22:35.250415+00:00,19.02,72.84,14.21,24,synthetic_imd_forecast,True,1,SYNTHETIC_DEMO_DATA
2026-08-14T19:22:35.250415+00:00,19.02,72.84,13.27,48,synthetic_imd_forecast,True,1,SYNTHETIC_DEMO_DATA
2026-08-15T19:22:35.250415+00:00,19.02,72.84,10.93,72,synthetic_imd_forecast,True,1,SYNTHETIC_DEMO_DATA
2026-08-12T19:22:35.250415+00:00,19.07,72.88,17.52,0,synthetic_sensor,False,2,SYNTHETIC_DEMO_DATA
2026-08-13T19:22:35.250415+00:00,19.07,72.88,18.61,24,synthetic_imd_forecast,True,2,SYNTHETIC_DEMO_DATA
2026-08-14T19:22:35.250415+00:00,19.07,72.88,15.25,48,synthetic_imd_forecast,True,2,SYNTHETIC_DEMO_DATA
2026-08-15T19:22:35.250415+00:00,19.07,72.88,17.95,72,synthetic_imd_forecast,True,2,SYNTHETIC_DEMO_DATA
2026-08-12T19:22:35.250415+00:00,19.125,72.855,18.65,0,synthetic_sensor,False,3,SYNTHETIC_DEMO_DATA
2026-08-13T19:22:35.250415+00:00,19.125,72.855,19.33,24,synthetic_imd_forecast,True,3,SYNTHETIC_DEMO_DATA
2026-08-14T19:22:35.250415+00:00,19.125,72.855,16.11,48,synthetic_imd_forecast,True,3,SYNTHETIC_DEMO_DATA
2026-08-15T19:22:35.250415+00:00,19.125,72.855,20.73,72,synthetic_imd_forecast,True,3,SYNTHETIC_DEMO_DATA
2026-08-12T19:22:35.250415+00:00,19.04,72.86,34.34,0,synthetic_sensor,False,4,SYNTHETIC_DEMO_DATA
2026-08-13T19:22:35.250415+00:00,19.04,72.86,39.17,24,synthetic_imd_forecast,True,4,SYNTHETIC_DEMO_DATA
2026-08-14T19:22:35.250415+00:00,19.04,72.86,36.91,48,synthetic_imd_forecast,True,4,SYNTHETIC_DEMO_DATA
2026-08-15T19:22:35.250415+00:00,19.04,72.86,30.53,72,synthetic_imd_forecast,True,4,SYNTHETIC_DEMO_DATA
2026-08-12T20:22:35.250415+00:00,19.02,72.84,28.96,0,synthetic_sensor,False,1,SYNTHETIC_DEMO_DATA
2026-08-13T20:22:35.250415+00:00,19.02,72.84,24.83,24,synthetic_imd_forecast,True,1,SYNTHETIC_DEMO_DATA
2026-08-14T20:22:35.250415+00:00,19.02,72.84,24.81,48,synthetic_imd_forecast,True,1,SYNTHETIC_DEMO_DATA
2026-08-15T20:22:35.250415+00:00,19.02,72.84,27.43,72,synthetic_imd_forecast,True,1,SYNTHETIC_DEMO_DATA
2026-08-12T20:22:35.250415+00:00,19.07,72.88,22.22,0,synthetic_sensor,False,2,SYNTHETIC_DEMO_DATA
2026-08-13T20:22:35.250415+00:00,19.07,72.88,24.02,24,synthetic_imd_forecast,True,2,SYNTHETIC_DEMO_DATA
2026-08-14T20:22:35.250415+00:00,19.07,72.88,23.44,48,synthetic_imd_forecast,True,2,SYNTHETIC_DEMO_DATA
2026-08-15T20:22:35.250415+00:00,19.07,72.88,21.86,72,synthetic_imd_forecast,True,2,SYNTHETIC_DEMO_DATA
2026-08-12T20:22:35.250415+00:00,19.125,72.855,16.84,0,synthetic_sensor,False,3,SYNTHETIC_DEMO_DATA
2026-08-13T20:22:35.250415+00:00,19.125,72.855,19.35,24,synthetic_imd_forecast,True,3,SYNTHETIC_DEMO_DATA
2026-08-14T20:22:35.250415+00:00,19.125,72.855,16.47,48,synthetic_imd_forecast,True,3,SYNTHETIC_DEMO_DATA
2026-08-15T20:22:35.250415+00:00,19.125,72.855,16.59,72,synthetic_imd_forecast,True,3,SYNTHETIC_DEMO_DATA
2026-08-12T20:22:35.250415+00:00,19.04,72.86,14.09,0,synthetic_sensor,False,4,SYNTHETIC_DEMO_DATA
2026-08-13T20:22:35.250415+00:00,19.04,72.86,15.34,24,synthetic_imd_forecast,True,4,SYNTHETIC_DEMO_DATA
2026-08-14T20:22:35.250415+00:00,19.04,72.86,14.91,48,synthetic_imd_forecast,True,4,SYNTHETIC_DEMO_DATA
2026-08-15T20:22:35.250415+00:00,19.04,72.86,12.91,72,synthetic_imd_forecast,True,4,SYNTHETIC_DEMO_DATA
2026-08-12T21:22:35.250415+00:00,19.02,72.84,12.06,0,synthetic_sensor,False,1,SYNTHETIC_DEMO_DATA
2026-08-13T21:22:35.250415+00:00,19.02,72.84,12.71,24,synthetic_imd_forecast,True,1,SYNTHETIC_DEMO_DATA
2026-08-14T21:22:35.250415+00:00,19.02,72.84,12.62,48,synthetic_imd_forecast,True,1,SYNTHETIC_DEMO_DATA
2026-08-15T21:22:35.250415+00:00,19.02,72.84,11.24,72,synthetic_imd_forecast,True,1,SYNTHETIC_DEMO_DATA
2026-08-12T21:22:35.250415+00:00,19.07,72.88,33.77,0,synthetic_sensor,False,2,SYNTHETIC_DEMO_DATA
2026-08-13T21:22:35.250415+00:00,19.07,72.88,30.23,24,synthetic_imd_forecast,True,2,SYNTHETIC_DEMO_DATA
2026-08-14T21:22:35.250415+00:00,19.07,72.88,33.08,48,synthetic_imd_forecast,True,2,SYNTHETIC_DEMO_DATA
2026-08-15T21:22:35.250415+00:00,19.07,72.88,38.26,72,synthetic_imd_forecast,True,2,SYNTHETIC_DEMO_DATA
2026-08-12T21:22:35.250415+00:00,19.125,72.855,20.49,0,synthetic_sensor,False,3,SYNTHETIC_DEMO_DATA
2026-08-13T21:22:35.250415+00:00,19.125,72.855,21.34,24,synthetic_imd_forecast,True,3,SYNTHETIC_DEMO_DATA
2026-08-14T21:22:35.250415+00:00,19.125,72.855,19.86,48,synthetic_imd_forecast,True,3,SYNTHETIC_DEMO_DATA
2026-08-15T21:22:35.250415+00:00,19.125,72.855,19.1,72,synthetic_imd_forecast,True,3,SYNTHETIC_DEMO_DATA
2026-08-12T21:22:35.250415+00:00,19.04,72.86,34.6,0,synthetic_sensor,False,4,SYNTHETIC_DEMO_DATA
2026-08-13T21:22:35.250415+00:00,19.04,72.86,33.66,24,synthetic_imd_forecast,True,4,SYNTHETIC_DEMO_DATA
2026-08-14T21:22:35.250415+00:00,19.04,72.86,38.69,48,synthetic_imd_forecast,True,4,SYNTHETIC_DEMO_DATA
2026-08-15T21:22:35.250415+00:00,19.04,72.86,31.8,72,synthetic_imd_forecast,True,4,SYNTHETIC_DEMO_DATA
2026-08-12T22:22:35.250415+00:00,19.02,72.84,15.33,0,synthetic_sensor,False,1,SYNTHETIC_DEMO_DATA
2026-08-13T22:22:35.250415+00:00,19.02,72.84,13.17,24,synthetic_imd_forecast,True,1,SYNTHETIC_DEMO_DATA
2026-08-14T22:22:35.250415+00:00,19.02,72.84,16.03,48,synthetic_imd_forecast,True,1,SYNTHETIC_DEMO_DATA
2026-08-15T22:22:35.250415+00:00,19.02,72.84,14.73,72,synthetic_imd_forecast,True,1,SYNTHETIC_DEMO_DATA
2026-08-12T22:22:35.250415+00:00,19.07,72.88,31.61,0,synthetic_sensor,False,2,SYNTHETIC_DEMO_DATA
2026-08-13T22:22:35.250415+00:00,19.07,72.88,31.36,24,synthetic_imd_forecast,True,2,SYNTHETIC_DEMO_DATA
2026-08-14T22:22:35.250415+00:00,19.07,72.88,36.05,48,synthetic_imd_forecast,True,2,SYNTHETIC_DEMO_DATA
2026-08-15T22:22:35.250415+00:00,19.07,72.88,28.63,72,synthetic_imd_forecast,True,2,SYNTHETIC_DEMO_DATA
2026-08-12T22:22:35.250415+00:00,19.125,72.855,31.72,0,synthetic_sensor,False,3,SYNTHETIC_DEMO_DATA
2026-08-13T22:22:35.250415+00:00,19.125,72.855,34.35,24,synthetic_imd_forecast,True,3,SYNTHETIC_DEMO_DATA
2026-08-14T22:22:35.250415+00:00,19.125,72.855,34.3,48,synthetic_imd_forecast,True,3,SYNTHETIC_DEMO_DATA
2026-08-15T22:22:35.250415+00:00,19.125,72.855,35.0,72,synthetic_imd_forecast,True,3,SYNTHETIC_DEMO_DATA
2026-08-12T22:22:35.250415+00:00,19.04,72.86,29.03,0,synthetic_sensor,False,4,SYNTHETIC_DEMO_DATA
2026-08-13T22:22:35.250415+00:00,19.04,72.86,30.13,24,synthetic_imd_forecast,True,4,SYNTHETIC_DEMO_DATA
2026-08-14T22:22:35.250415+00:00,19.04,72.86,25.82,48,synthetic_imd_forecast,True,4,SYNTHETIC_DEMO_DATA
2026-08-15T22:22:35.250415+00:00,19.04,72.86,24.96,72,synthetic_imd_forecast,True,4,SYNTHETIC_DEMO_DATA
2026-08-12T23:22:35.250415+00:00,19.02,72.84,33.02,0,synthetic_sensor,False,1,SYNTHETIC_DEMO_DATA
2026-08-13T23:22:35.250415+00:00,19.02,72.84,34.18,24,synthetic_imd_forecast,True,1,SYNTHETIC_DEMO_DATA
2026-08-14T23:22:35.250415+00:00,19.02,72.84,35.96,48,synthetic_imd_forecast,True,1,SYNTHETIC_DEMO_DATA
2026-08-15T23:22:35.250415+00:00,19.02,72.84,32.84,72,synthetic_imd_forecast,True,1,SYNTHETIC_DEMO_DATA
2026-08-12T23:22:35.250415+00:00,19.07,72.88,12.93,0,synthetic_sensor,False,2,SYNTHETIC_DEMO_DATA
2026-08-13T23:22:35.250415+00:00,19.07,72.88,11.48,24,synthetic_imd_forecast,True,2,SYNTHETIC_DEMO_DATA
2026-08-14T23:22:35.250415+00:00,19.07,72.88,13.65,48,synthetic_imd_forecast,True,2,SYNTHETIC_DEMO_DATA
2026-08-15T23:22:35.250415+00:00,19.07,72.88,12.66,72,synthetic_imd_forecast,True,2,SYNTHETIC_DEMO_DATA
2026-08-12T23:22:35.250415+00:00,19.125,72.855,15.01,0,synthetic_sensor,False,3,SYNTHETIC_DEMO_DATA
2026-08-13T23:22:35.250415+00:00,19.125,72.855,14.97,24,synthetic_imd_forecast,True,3,SYNTHETIC_DEMO_DATA
2026-08-14T23:22:35.250415+00:00,19.125,72.855,13.05,48,synthetic_imd_forecast,True,3,SYNTHETIC_DEMO_DATA
2026-08-15T23:22:35.250415+00:00,19.125,72.855,15.38,72,synthetic_imd_forecast,True,3,SYNTHETIC_DEMO_DATA
2026-08-12T23:22:35.250415+00:00,19.04,72.86,16.72,0,synthetic_sensor,False,4,SYNTHETIC_DEMO_DATA
2026-08-13T23:22:35.250415+00:00,19.04,72.86,18.21,24,synthetic_imd_forecast,True,4,SYNTHETIC_DEMO_DATA
2026-08-14T23:22:35.250415+00:00,19.04,72.86,15.77,48,synthetic_imd_forecast,True,4,SYNTHETIC_DEMO_DATA
2026-08-15T23:22:35.250415+00:00,19.04,72.86,16.5,72,synthetic_imd_forecast,True,4,SYNTHETIC_DEMO_DATA
2026-08-13T00:22:35.250415+00:00,19.02,72.84,10.29,0,synthetic_sensor,False,1,SYNTHETIC_DEMO_DATA
2026-08-14T00:22:35.250415+00:00,19.02,72.84,8.97,24,synthetic_imd_forecast,True,1,SYNTHETIC_DEMO_DATA
2026-08-15T00:22:35.250415+00:00,19.02,72.84,9.96,48,synthetic_imd_forecast,True,1,SYNTHETIC_DEMO_DATA
2026-08-16T00:22:35.250415+00:00,19.02,72.84,10.23,72,synthetic_imd_forecast,True,1,SYNTHETIC_DEMO_DATA
2026-08-13T00:22:35.250415+00:00,19.07,72.88,25.0,0,synthetic_sensor,False,2,SYNTHETIC_DEMO_DATA
2026-08-14T00:22:35.250415+00:00,19.07,72.88,23.44,24,synthetic_imd_forecast,True,2,SYNTHETIC_DEMO_DATA
2026-08-15T00:22:35.250415+00:00,19.07,72.88,26.46,48,synthetic_imd_forecast,True,2,SYNTHETIC_DEMO_DATA
2026-08-16T00:22:35.250415+00:00,19.07,72.88,27.7,72,synthetic_imd_forecast,True,2,SYNTHETIC_DEMO_DATA
2026-08-13T00:22:35.250415+00:00,19.125,72.855,29.5,0,synthetic_sensor,False,3,SYNTHETIC_DEMO_DATA
2026-08-14T00:22:35.250415+00:00,19.125,72.855,25.43,24,synthetic_imd_forecast,True,3,SYNTHETIC_DEMO_DATA
2026-08-15T00:22:35.250415+00:00,19.125,72.855,29.33,48,synthetic_imd_forecast,True,3,SYNTHETIC_DEMO_DATA
2026-08-16T00:22:35.250415+00:00,19.125,72.855,26.0,72,synthetic_imd_forecast,True,3,SYNTHETIC_DEMO_DATA
2026-08-13T00:22:35.250415+00:00,19.04,72.86,16.05,0,synthetic_sensor,False,4,SYNTHETIC_DEMO_DATA
2026-08-14T00:22:35.250415+00:00,19.04,72.86,18.39,24,synthetic_imd_forecast,True,4,SYNTHETIC_DEMO_DATA
2026-08-15T00:22:35.250415+00:00,19.04,72.86,14.33,48,synthetic_imd_forecast,True,4,SYNTHETIC_DEMO_DATA
2026-08-16T00:22:35.250415+00:00,19.04,72.86,16.04,72,synthetic_imd_forecast,True,4,SYNTHETIC_DEMO_DATA
2026-08-13T01:22:35.250415+00:00,19.02,72.84,25.45,0,synthetic_sensor,False,1,SYNTHETIC_DEMO_DATA
2026-08-14T01:22:35.250415+00:00,19.02,72.84,27.0,24,synthetic_imd_forecast,True,1,SYNTHETIC_DEMO_DATA
2026-08-15T01:22:35.250415+00:00,19.02,72.84,25.91,48,synthetic_imd_forecast,True,1,SYNTHETIC_DEMO_DATA
2026-08-16T01:22:35.250415+00:00,19.02,72.84,21.71,72,synthetic_imd_forecast,True,1,SYNTHETIC_DEMO_DATA
2026-08-13T01:22:35.250415+00:00,19.07,72.88,18.16,0,synthetic_sensor,False,2,SYNTHETIC_DEMO_DATA
2026-08-14T01:22:35.250415+00:00,19.07,72.88,18.26,24,synthetic_imd_forecast,True,2,SYNTHETIC_DEMO_DATA
2026-08-15T01:22:35.250415+00:00,19.07,72.88,15.91,48,synthetic_imd_forecast,True,2,SYNTHETIC_DEMO_DATA
2026-08-16T01:22:35.250415+00:00,19.07,72.88,17.35,72,synthetic_imd_forecast,True,2,SYNTHETIC_DEMO_DATA
2026-08-13T01:22:35.250415+00:00,19.125,72.855,10.83,0,synthetic_sensor,False,3,SYNTHETIC_DEMO_DATA
2026-08-14T01:22:35.250415+00:00,19.125,72.855,9.46,24,synthetic_imd_forecast,True,3,SYNTHETIC_DEMO_DATA
2026-08-15T01:22:35.250415+00:00,19.125,72.855,10.5,48,synthetic_imd_forecast,True,3,SYNTHETIC_DEMO_DATA
2026-08-16T01:22:35.250415+00:00,19.125,72.855,9.64,72,synthetic_imd_forecast,True,3,SYNTHETIC_DEMO_DATA
2026-08-13T01:22:35.250415+00:00,19.04,72.86,24.19,0,synthetic_sensor,False,4,SYNTHETIC_DEMO_DATA
2026-08-14T01:22:35.250415+00:00,19.04,72.86,25.56,24,synthetic_imd_forecast,True,4,SYNTHETIC_DEMO_DATA
2026-08-15T01:22:35.250415+00:00,19.04,72.86,26.37,48,synthetic_imd_forecast,True,4,SYNTHETIC_DEMO_DATA
2026-08-16T01:22:35.250415+00:00,19.04,72.86,22.01,72,synthetic_imd_forecast,True,4,SYNTHETIC_DEMO_DATA
2026-08-13T02:22:35.250415+00:00,19.02,72.84,14.19,0,synthetic_sensor,False,1,SYNTHETIC_DEMO_DATA
2026-08-14T02:22:35.250415+00:00,19.02,72.84,12.51,24,synthetic_imd_forecast,True,1,SYNTHETIC_DEMO_DATA
2026-08-15T02:22:35.250415+00:00,19.02,72.84,14.77,48,synthetic_imd_forecast,True,1,SYNTHETIC_DEMO_DATA
2026-08-16T02:22:35.250415+00:00,19.02,72.84,15.07,72,synthetic_imd_forecast,True,1,SYNTHETIC_DEMO_DATA
2026-08-13T02:22:35.250415+00:00,19.07,72.88,10.79,0,synthetic_sensor,False,2,SYNTHETIC_DEMO_DATA
2026-08-14T02:22:35.250415+00:00,19.07,72.88,12.2,24,synthetic_imd_forecast,True,2,SYNTHETIC_DEMO_DATA
2026-08-15T02:22:35.250415+00:00,19.07,72.88,9.34,48,synthetic_imd_forecast,True,2,SYNTHETIC_DEMO_DATA
2026-08-16T02:22:35.250415+00:00,19.07,72.88,10.92,72,synthetic_imd_forecast,True,2,SYNTHETIC_DEMO_DATA
2026-08-13T02:22:35.250415+00:00,19.125,72.855,27.73,0,synthetic_sensor,False,3,SYNTHETIC_DEMO_DATA
2026-08-14T02:22:35.250415+00:00,19.125,72.855,30.82,24,synthetic_imd_forecast,True,3,SYNTHETIC_DEMO_DATA
2026-08-15T02:22:35.250415+00:00,19.125,72.855,29.51,48,synthetic_imd_forecast,True,3,SYNTHETIC_DEMO_DATA
2026-08-16T02:22:35.250415+00:00,19.125,72.855,30.24,72,synthetic_imd_forecast,True,3,SYNTHETIC_DEMO_DATA
2026-08-13T02:22:35.250415+00:00,19.04,72.86,18.49,0,synthetic_sensor,False,4,SYNTHETIC_DEMO_DATA
2026-08-14T02:22:35.250415+00:00,19.04,72.86,20.24,24,synthetic_imd_forecast,True,4,SYNTHETIC_DEMO_DATA
2026-08-15T02:22:35.250415+00:00,19.04,72.86,16.16,48,synthetic_imd_forecast,True,4,SYNTHETIC_DEMO_DATA
2026-08-16T02:22:35.250415+00:00,19.04,72.86,20.68,72,synthetic_imd_forecast,True,4,SYNTHETIC_DEMO_DATA
2026-08-13T03:22:35.250415+00:00,19.02,72.84,23.69,0,synthetic_sensor,False,1,SYNTHETIC_DEMO_DATA
2026-08-14T03:22:35.250415+00:00,19.02,72.84,25.95,24,synthetic_imd_forecast,True,1,SYNTHETIC_DEMO_DATA
2026-08-15T03:22:35.250415+00:00,19.02,72.84,23.35,48,synthetic_imd_forecast,True,1,SYNTHETIC_DEMO_DATA
2026-08-16T03:22:35.250415+00:00,19.02,72.84,24.71,72,synthetic_imd_forecast,True,1,SYNTHETIC_DEMO_DATA
2026-08-13T03:22:35.250415+00:00,19.07,72.88,23.16,0,synthetic_sensor,False,2,SYNTHETIC_DEMO_DATA
2026-08-14T03:22:35.250415+00:00,19.07,72.88,24.77,24,synthetic_imd_forecast,True,2,SYNTHETIC_DEMO_DATA
2026-08-15T03:22:35.250415+00:00,19.07,72.88,20.25,48,synthetic_imd_forecast,True,2,SYNTHETIC_DEMO_DATA
2026-08-16T03:22:35.250415+00:00,19.07,72.88,20.11,72,synthetic_imd_forecast,True,2,SYNTHETIC_DEMO_DATA
2026-08-13T03:22:35.250415+00:00,19.125,72.855,16.18,0,synthetic_sensor,False,3,SYNTHETIC_DEMO_DATA
2026-08-14T03:22:35.250415+00:00,19.125,72.855,14.53,24,synthetic_imd_forecast,True,3,SYNTHETIC_DEMO_DATA
2026-08-15T03:22:35.250415+00:00,19.125,72.855,17.98,48,synthetic_imd_forecast,True,3,SYNTHETIC_DEMO_DATA
2026-08-16T03:22:35.250415+00:00,19.125,72.855,14.82,72,synthetic_imd_forecast,True,3,SYNTHETIC_DEMO_DATA
2026-08-13T03:22:35.250415+00:00,19.04,72.86,34.4,0,synthetic_sensor,False,4,SYNTHETIC_DEMO_DATA
2026-08-14T03:22:35.250415+00:00,19.04,72.86,32.72,24,synthetic_imd_forecast,True,4,SYNTHETIC_DEMO_DATA
2026-08-15T03:22:35.250415+00:00,19.04,72.86,31.12,48,synthetic_imd_forecast,True,4,SYNTHETIC_DEMO_DATA
2026-08-16T03:22:35.250415+00:00,19.04,72.86,37.39,72,synthetic_imd_forecast,True,4,SYNTHETIC_DEMO_DATA
2026-08-13T04:22:35.250415+00:00,19.02,72.84,26.47,0,synthetic_sensor,False,1,SYNTHETIC_DEMO_DATA
2026-08-14T04:22:35.250415+00:00,19.02,72.84,26.46,24,synthetic_imd_forecast,True,1,SYNTHETIC_DEMO_DATA
2026-08-15T04:22:35.250415+00:00,19.02,72.84,26.91,48,synthetic_imd_forecast,True,1,SYNTHETIC_DEMO_DATA
2026-08-16T04:22:35.250415+00:00,19.02,72.84,28.21,72,synthetic_imd_forecast,True,1,SYNTHETIC_DEMO_DATA
2026-08-13T04:22:35.250415+00:00,19.07,72.88,15.71,0,synthetic_sensor,False,2,SYNTHETIC_DEMO_DATA
2026-08-14T04:22:35.250415+00:00,19.07,72.88,18.05,24,synthetic_imd_forecast,True,2,SYNTHETIC_DEMO_DATA
2026-08-15T04:22:35.250415+00:00,19.07,72.88,17.95,48,synthetic_imd_forecast,True,2,SYNTHETIC_DEMO_DATA
2026-08-16T04:22:35.250415+00:00,19.07,72.88,16.42,72,synthetic_imd_forecast,True,2,SYNTHETIC_DEMO_DATA
2026-08-13T04:22:35.250415+00:00,19.125,72.855,14.99,0,synthetic_sensor,False,3,SYNTHETIC_DEMO_DATA
2026-08-14T04:22:35.250415+00:00,19.125,72.855,15.8,24,synthetic_imd_forecast,True,3,SYNTHETIC_DEMO_DATA
2026-08-15T04:22:35.250415+00:00,19.125,72.855,13.07,48,synthetic_imd_forecast,True,3,SYNTHETIC_DEMO_DATA
2026-08-16T04:22:35.250415+00:00,19.125,72.855,12.88,72,synthetic_imd_forecast,True,3,SYNTHETIC_DEMO_DATA
2026-08-13T04:22:35.250415+00:00,19.04,72.86,16.44,0,synthetic_sensor,False,4,SYNTHETIC_DEMO_DATA
2026-08-14T04:22:35.250415+00:00,19.04,72.86,16.26,24,synthetic_imd_forecast,True,4,SYNTHETIC_DEMO_DATA
2026-08-15T04:22:35.250415+00:00,19.04,72.86,18.26,48,synthetic_imd_forecast,True,4,SYNTHETIC_DEMO_DATA
2026-08-16T04:22:35.250415+00:00,19.04,72.86,17.56,72,synthetic_imd_forecast,True,4,SYNTHETIC_DEMO_DATA
2026-08-13T05:22:35.250415+00:00,19.02,72.84,93.28,0,synthetic_sensor,False,1,SYNTHETIC_DEMO_DATA
2026-08-14T05:22:35.250415+00:00,19.02,72.84,91.2,24,synthetic_imd_forecast,True,1,SYNTHETIC_DEMO_DATA
2026-08-15T05:22:35.250415+00:00,19.02,72.84,88.97,48,synthetic_imd_forecast,True,1,SYNTHETIC_DEMO_DATA
2026-08-16T05:22:35.250415+00:00,19.02,72.84,89.67,72,synthetic_imd_forecast,True,1,SYNTHETIC_DEMO_DATA
2026-08-13T05:22:35.250415+00:00,19.07,72.88,109.2,0,synthetic_sensor,False,2,SYNTHETIC_DEMO_DATA
2026-08-14T05:22:35.250415+00:00,19.07,72.88,94.13,24,synthetic_imd_forecast,True,2,SYNTHETIC_DEMO_DATA
2026-08-15T05:22:35.250415+00:00,19.07,72.88,121.22,48,synthetic_imd_forecast,True,2,SYNTHETIC_DEMO_DATA
2026-08-16T05:22:35.250415+00:00,19.07,72.88,111.78,72,synthetic_imd_forecast,True,2,SYNTHETIC_DEMO_DATA
2026-08-13T05:22:35.250415+00:00,19.125,72.855,73.51,0,synthetic_sensor,False,3,SYNTHETIC_DEMO_DATA
2026-08-14T05:22:35.250415+00:00,19.125,72.855,78.48,24,synthetic_imd_forecast,True,3,SYNTHETIC_DEMO_DATA
2026-08-15T05:22:35.250415+00:00,19.125,72.855,73.22,48,synthetic_imd_forecast,True,3,SYNTHETIC_DEMO_DATA
2026-08-16T05:22:35.250415+00:00,19.125,72.855,81.75,72,synthetic_imd_forecast,True,3,SYNTHETIC_DEMO_DATA
2026-08-13T05:22:35.250415+00:00,19.04,72.86,103.55,0,synthetic_sensor,False,4,SYNTHETIC_DEMO_DATA
2026-08-14T05:22:35.250415+00:00,19.04,72.86,101.12,24,synthetic_imd_forecast,True,4,SYNTHETIC_DEMO_DATA
2026-08-15T05:22:35.250415+00:00,19.04,72.86,96.62,48,synthetic_imd_forecast,True,4,SYNTHETIC_DEMO_DATA
2026-08-16T05:22:35.250415+00:00,19.04,72.86,106.42,72,synthetic_imd_forecast,True,4,SYNTHETIC_DEMO_DATA
2026-08-13T06:22:35.250415+00:00,19.02,72.84,104.3,0,synthetic_sensor,False,1,SYNTHETIC_DEMO_DATA
2026-08-14T06:22:35.250415+00:00,19.02,72.84,95.25,24,synthetic_imd_forecast,True,1,SYNTHETIC_DEMO_DATA
2026-08-15T06:22:35.250415+00:00,19.02,72.84,108.15,48,synthetic_imd_forecast,True,1,SYNTHETIC_DEMO_DATA
2026-08-16T06:22:35.250415+00:00,19.02,72.84,108.42,72,synthetic_imd_forecast,True,1,SYNTHETIC_DEMO_DATA
2026-08-13T06:22:35.250415+00:00,19.07,72.88,92.65,0,synthetic_sensor,False,2,SYNTHETIC_DEMO_DATA
2026-08-14T06:22:35.250415+00:00,19.07,72.88,82.41,24,synthetic_imd_forecast,True,2,SYNTHETIC_DEMO_DATA
2026-08-15T06:22:35.250415+00:00,19.07,72.88,98.65,48,synthetic_imd_forecast,True,2,SYNTHETIC_DEMO_DATA
2026-08-16T06:22:35.250415+00:00,19.07,72.88,104.02,72,synthetic_imd_forecast,True,2,SYNTHETIC_DEMO_DATA
2026-08-13T06:22:35.250415+00:00,19.125,72.855,56.68,0,synthetic_sensor,False,3,SYNTHETIC_DEMO_DATA
2026-08-14T06:22:35.250415+00:00,19.125,72.855,52.22,24,synthetic_imd_forecast,True,3,SYNTHETIC_DEMO_DATA
2026-08-15T06:22:35.250415+00:00,19.125,72.855,64.7,48,synthetic_imd_forecast,True,3,SYNTHETIC_DEMO_DATA
2026-08-16T06:22:35.250415+00:00,19.125,72.855,51.26,72,synthetic_imd_forecast,True,3,SYNTHETIC_DEMO_DATA
2026-08-13T06:22:35.250415+00:00,19.04,72.86,100.54,0,synthetic_sensor,False,4,SYNTHETIC_DEMO_DATA
2026-08-14T06:22:35.250415+00:00,19.04,72.86,100.31,24,synthetic_imd_forecast,True,4,SYNTHETIC_DEMO_DATA
2026-08-15T06:22:35.250415+00:00,19.04,72.86,92.92,48,synthetic_imd_forecast,True,4,SYNTHETIC_DEMO_DATA
2026-08-16T06:22:35.250415+00:00,19.04,72.86,111.72,72,synthetic_imd_forecast,True,4,SYNTHETIC_DEMO_DATA
2026-08-13T07:22:35.250415+00:00,19.02,72.84,73.94,0,synthetic_sensor,False,1,SYNTHETIC_DEMO_DATA
2026-08-14T07:22:35.250415+00:00,19.02,72.84,74.27,24,synthetic_imd_forecast,True,1,SYNTHETIC_DEMO_DATA
2026-08-15T07:22:35.250415+00:00,19.02,72.84,70.82,48,synthetic_imd_forecast,True,1,SYNTHETIC_DEMO_DATA
2026-08-16T07:22:35.250415+00:00,19.02,72.84,76.0,72,synthetic_imd_forecast,True,1,SYNTHETIC_DEMO_DATA
2026-08-13T07:22:35.250415+00:00,19.07,72.88,55.63,0,synthetic_sensor,False,2,SYNTHETIC_DEMO_DATA
2026-08-14T07:22:35.250415+00:00,19.07,72.88,53.81,24,synthetic_imd_forecast,True,2,SYNTHETIC_DEMO_DATA
2026-08-15T07:22:35.250415+00:00,19.07,72.88,63.46,48,synthetic_imd_forecast,True,2,SYNTHETIC_DEMO_DATA
2026-08-16T07:22:35.250415+00:00,19.07,72.88,51.59,72,synthetic_imd_forecast,True,2,SYNTHETIC_DEMO_DATA
2026-08-13T07:22:35.250415+00:00,19.125,72.855,87.69,0,synthetic_sensor,False,3,SYNTHETIC_DEMO_DATA
2026-08-14T07:22:35.250415+00:00,19.125,72.855,83.09,24,synthetic_imd_forecast,True,3,SYNTHETIC_DEMO_DATA
2026-08-15T07:22:35.250415+00:00,19.125,72.855,94.88,48,synthetic_imd_forecast,True,3,SYNTHETIC_DEMO_DATA
2026-08-16T07:22:35.250415+00:00,19.125,72.855,77.98,72,synthetic_imd_forecast,True,3,SYNTHETIC_DEMO_DATA
2026-08-13T07:22:35.250415+00:00,19.04,72.86,108.04,0,synthetic_sensor,False,4,SYNTHETIC_DEMO_DATA
2026-08-14T07:22:35.250415+00:00,19.04,72.86,106.54,24,synthetic_imd_forecast,True,4,SYNTHETIC_DEMO_DATA
2026-08-15T07:22:35.250415+00:00,19.04,72.86,99.48,48,synthetic_imd_forecast,True,4,SYNTHETIC_DEMO_DATA
2026-08-16T07:22:35.250415+00:00,19.04,72.86,94.22,72,synthetic_imd_forecast,True,4,SYNTHETIC_DEMO_DATA
2026-08-13T08:22:35.250415+00:00,19.02,72.84,56.03,0,synthetic_sensor,False,1,SYNTHETIC_DEMO_DATA
2026-08-14T08:22:35.250415+00:00,19.02,72.84,56.36,24,synthetic_imd_forecast,True,1,SYNTHETIC_DEMO_DATA
2026-08-15T08:22:35.250415+00:00,19.02,72.84,53.29,48,synthetic_imd_forecast,True,1,SYNTHETIC_DEMO_DATA
2026-08-16T08:22:35.250415+00:00,19.02,72.84,61.56,72,synthetic_imd_forecast,True,1,SYNTHETIC_DEMO_DATA
2026-08-13T08:22:35.250415+00:00,19.07,72.88,73.01,0,synthetic_sensor,False,2,SYNTHETIC_DEMO_DATA
2026-08-14T08:22:35.250415+00:00,19.07,72.88,67.51,24,synthetic_imd_forecast,True,2,SYNTHETIC_DEMO_DATA
2026-08-15T08:22:35.250415+00:00,19.07,72.88,75.58,48,synthetic_imd_forecast,True,2,SYNTHETIC_DEMO_DATA
2026-08-16T08:22:35.250415+00:00,19.07,72.88,77.54,72,synthetic_imd_forecast,True,2,SYNTHETIC_DEMO_DATA
2026-08-13T08:22:35.250415+00:00,19.125,72.855,55.86,0,synthetic_sensor,False,3,SYNTHETIC_DEMO_DATA
2026-08-14T08:22:35.250415+00:00,19.125,72.855,50.29,24,synthetic_imd_forecast,True,3,SYNTHETIC_DEMO_DATA
2026-08-15T08:22:35.250415+00:00,19.125,72.855,48.1,48,synthetic_imd_forecast,True,3,SYNTHETIC_DEMO_DATA
2026-08-16T08:22:35.250415+00:00,19.125,72.855,59.82,72,synthetic_imd_forecast,True,3,SYNTHETIC_DEMO_DATA
2026-08-13T08:22:35.250415+00:00,19.04,72.86,88.15,0,synthetic_sensor,False,4,SYNTHETIC_DEMO_DATA
2026-08-14T08:22:35.250415+00:00,19.04,72.86,87.48,24,synthetic_imd_forecast,True,4,SYNTHETIC_DEMO_DATA
2026-08-15T08:22:35.250415+00:00,19.04,72.86,97.25,48,synthetic_imd_forecast,True,4,SYNTHETIC_DEMO_DATA
2026-08-16T08:22:35.250415+00:00,19.04,72.86,96.23,72,synthetic_imd_forecast,True,4,SYNTHETIC_DEMO_DATA
2026-08-13T09:22:35.250415+00:00,19.02,72.84,83.05,0,synthetic_sensor,False,1,SYNTHETIC_DEMO_DATA
2026-08-14T09:22:35.250415+00:00,19.02,72.84,92.23,24,synthetic_imd_forecast,True,1,SYNTHETIC_DEMO_DATA
2026-08-15T09:22:35.250415+00:00,19.02,72.84,75.72,48,synthetic_imd_forecast,True,1,SYNTHETIC_DEMO_DATA
2026-08-16T09:22:35.250415+00:00,19.02,72.84,73.38,72,synthetic_imd_forecast,True,1,SYNTHETIC_DEMO_DATA
2026-08-13T09:22:35.250415+00:00,19.07,72.88,62.53,0,synthetic_sensor,False,2,SYNTHETIC_DEMO_DATA
2026-08-14T09:22:35.250415+00:00,19.07,72.88,54.22,24,synthetic_imd_forecast,True,2,SYNTHETIC_DEMO_DATA
2026-08-15T09:22:35.250415+00:00,19.07,72.88,63.11,48,synthetic_imd_forecast,True,2,SYNTHETIC_DEMO_DATA
2026-08-16T09:22:35.250415+00:00,19.07,72.88,70.72,72,synthetic_imd_forecast,True,2,SYNTHETIC_DEMO_DATA
2026-08-13T09:22:35.250415+00:00,19.125,72.855,47.56,0,synthetic_sensor,False,3,SYNTHETIC_DEMO_DATA
2026-08-14T09:22:35.250415+00:00,19.125,72.855,42.17,24,synthetic_imd_forecast,True,3,SYNTHETIC_DEMO_DATA
2026-08-15T09:22:35.250415+00:00,19.125,72.855,46.88,48,synthetic_imd_forecast,True,3,SYNTHETIC_DEMO_DATA
2026-08-16T09:22:35.250415+00:00,19.125,72.855,53.75,72,synthetic_imd_forecast,True,3,SYNTHETIC_DEMO_DATA
2026-08-13T09:22:35.250415+00:00,19.04,72.86,65.55,0,synthetic_sensor,False,4,SYNTHETIC_DEMO_DATA
2026-08-14T09:22:35.250415+00:00,19.04,72.86,65.69,24,synthetic_imd_forecast,True,4,SYNTHETIC_DEMO_DATA
2026-08-15T09:22:35.250415+00:00,19.04,72.86,56.54,48,synthetic_imd_forecast,True,4,SYNTHETIC_DEMO_DATA
2026-08-16T09:22:35.250415+00:00,19.04,72.86,58.63,72,synthetic_imd_forecast,True,4,SYNTHETIC_DEMO_DATA
2026-08-13T10:22:35.250415+00:00,19.02,72.84,109.13,0,synthetic_sensor,False,1,SYNTHETIC_DEMO_DATA
2026-08-14T10:22:35.250415+00:00,19.02,72.84,124.36,24,synthetic_imd_forecast,True,1,SYNTHETIC_DEMO_DATA
2026-08-15T10:22:35.250415+00:00,19.02,72.84,92.92,48,synthetic_imd_forecast,True,1,SYNTHETIC_DEMO_DATA
2026-08-16T10:22:35.250415+00:00,19.02,72.84,123.92,72,synthetic_imd_forecast,True,1,SYNTHETIC_DEMO_DATA
2026-08-13T10:22:35.250415+00:00,19.07,72.88,86.54,0,synthetic_sensor,False,2,SYNTHETIC_DEMO_DATA
2026-08-14T10:22:35.250415+00:00,19.07,72.88,96.09,24,synthetic_imd_forecast,True,2,SYNTHETIC_DEMO_DATA
2026-08-15T10:22:35.250415+00:00,19.07,72.88,85.36,48,synthetic_imd_forecast,True,2,SYNTHETIC_DEMO_DATA
2026-08-16T10:22:35.250415+00:00,19.07,72.88,86.94,72,synthetic_imd_forecast,True,2,SYNTHETIC_DEMO_DATA
2026-08-13T10:22:35.250415+00:00,19.125,72.855,76.78,0,synthetic_sensor,False,3,SYNTHETIC_DEMO_DATA
2026-08-14T10:22:35.250415+00:00,19.125,72.855,80.62,24,synthetic_imd_forecast,True,3,SYNTHETIC_DEMO_DATA
2026-08-15T10:22:35.250415+00:00,19.125,72.855,68.48,48,synthetic_imd_forecast,True,3,SYNTHETIC_DEMO_DATA
2026-08-16T10:22:35.250415+00:00,19.125,72.855,65.95,72,synthetic_imd_forecast,True,3,SYNTHETIC_DEMO_DATA
2026-08-13T10:22:35.250415+00:00,19.04,72.86,65.02,0,synthetic_sensor,False,4,SYNTHETIC_DEMO_DATA
2026-08-14T10:22:35.250415+00:00,19.04,72.86,69.01,24,synthetic_imd_forecast,True,4,SYNTHETIC_DEMO_DATA
2026-08-15T10:22:35.250415+00:00,19.04,72.86,59.2,48,synthetic_imd_forecast,True,4,SYNTHETIC_DEMO_DATA
2026-08-16T10:22:35.250415+00:00,19.04,72.86,68.4,72,synthetic_imd_forecast,True,4,SYNTHETIC_DEMO_DATA
2026-08-13T11:22:35.250415+00:00,19.02,72.84,108.04,0,synthetic_sensor,False,1,SYNTHETIC_DEMO_DATA
2026-08-14T11:22:35.250415+00:00,19.02,72.84,94.88,24,synthetic_imd_forecast,True,1,SYNTHETIC_DEMO_DATA
2026-08-15T11:22:35.250415+00:00,19.02,72.84,113.63,48,synthetic_imd_forecast,True,1,SYNTHETIC_DEMO_DATA
2026-08-16T11:22:35.250415+00:00,19.02,72.84,106.22,72,synthetic_imd_forecast,True,1,SYNTHETIC_DEMO_DATA
2026-08-13T11:22:35.250415+00:00,19.07,72.88,101.43,0,synthetic_sensor,False,2,SYNTHETIC_DEMO_DATA
2026-08-14T11:22:35.250415+00:00,19.07,72.88,91.61,24,synthetic_imd_forecast,True,2,SYNTHETIC_DEMO_DATA
2026-08-15T11:22:35.250415+00:00,19.07,72.88,107.29,48,synthetic_imd_forecast,True,2,SYNTHETIC_DEMO_DATA
2026-08-16T11:22:35.250415+00:00,19.07,72.88,111.72,72,synthetic_imd_forecast,True,2,SYNTHETIC_DEMO_DATA
2026-08-13T11:22:35.250415+00:00,19.125,72.855,106.4,0,synthetic_sensor,False,3,SYNTHETIC_DEMO_DATA
2026-08-14T11:22:35.250415+00:00,19.125,72.855,112.25,24,synthetic_imd_forecast,True,3,SYNTHETIC_DEMO_DATA
2026-08-15T11:22:35.250415+00:00,19.125,72.855,106.31,48,synthetic_imd_forecast,True,3,SYNTHETIC_DEMO_DATA
2026-08-16T11:22:35.250415+00:00,19.125,72.855,110.16,72,synthetic_imd_forecast,True,3,SYNTHETIC_DEMO_DATA
2026-08-13T11:22:35.250415+00:00,19.04,72.86,101.48,0,synthetic_sensor,False,4,SYNTHETIC_DEMO_DATA
2026-08-14T11:22:35.250415+00:00,19.04,72.86,103.63,24,synthetic_imd_forecast,True,4,SYNTHETIC_DEMO_DATA
2026-08-15T11:22:35.250415+00:00,19.04,72.86,87.18,48,synthetic_imd_forecast,True,4,SYNTHETIC_DEMO_DATA
2026-08-16T11:22:35.250415+00:00,19.04,72.86,114.6,72,synthetic_imd_forecast,True,4,SYNTHETIC_DEMO_DATA
2026-08-13T12:22:35.250415+00:00,19.02,72.84,27.24,0,synthetic_sensor,False,1,SYNTHETIC_DEMO_DATA
2026-08-14T12:22:35.250415+00:00,19.02,72.84,28.68,24,synthetic_imd_forecast,True,1,SYNTHETIC_DEMO_DATA
2026-08-15T12:22:35.250415+00:00,19.02,72.84,24.92,48,synthetic_imd_forecast,True,1,SYNTHETIC_DEMO_DATA
2026-08-16T12:22:35.250415+00:00,19.02,72.84,28.54,72,synthetic_imd_forecast,True,1,SYNTHETIC_DEMO_DATA
2026-08-13T12:22:35.250415+00:00,19.07,72.88,19.85,0,synthetic_sensor,False,2,SYNTHETIC_DEMO_DATA
2026-08-14T12:22:35.250415+00:00,19.07,72.88,20.75,24,synthetic_imd_forecast,True,2,SYNTHETIC_DEMO_DATA
2026-08-15T12:22:35.250415+00:00,19.07,72.88,17.51,48,synthetic_imd_forecast,True,2,SYNTHETIC_DEMO_DATA
2026-08-16T12:22:35.250415+00:00,19.07,72.88,20.79,72,synthetic_imd_forecast,True,2,SYNTHETIC_DEMO_DATA
2026-08-13T12:22:35.250415+00:00,19.125,72.855,34.99,0,synthetic_sensor,False,3,SYNTHETIC_DEMO_DATA
2026-08-14T12:22:35.250415+00:00,19.125,72.855,30.25,24,synthetic_imd_forecast,True,3,SYNTHETIC_DEMO_DATA
2026-08-15T12:22:35.250415+00:00,19.125,72.855,40.0,48,synthetic_imd_forecast,True,3,SYNTHETIC_DEMO_DATA
2026-08-16T12:22:35.250415+00:00,19.125,72.855,34.01,72,synthetic_imd_forecast,True,3,SYNTHETIC_DEMO_DATA
2026-08-13T12:22:35.250415+00:00,19.04,72.86,31.77,0,synthetic_sensor,False,4,SYNTHETIC_DEMO_DATA
2026-08-14T12:22:35.250415+00:00,19.04,72.86,34.46,24,synthetic_imd_forecast,True,4,SYNTHETIC_DEMO_DATA
2026-08-15T12:22:35.250415+00:00,19.04,72.86,32.41,48,synthetic_imd_forecast,True,4,SYNTHETIC_DEMO_DATA
2026-08-16T12:22:35.250415+00:00,19.04,72.86,34.04,72,synthetic_imd_forecast,True,4,SYNTHETIC_DEMO_DATA
2026-08-13T13:22:35.250415+00:00,19.02,72.84,31.96,0,synthetic_sensor,False,1,SYNTHETIC_DEMO_DATA
2026-08-14T13:22:35.250415+00:00,19.02,72.84,31.04,24,synthetic_imd_forecast,True,1,SYNTHETIC_DEMO_DATA
2026-08-15T13:22:35.250415+00:00,19.02,72.84,30.3,48,synthetic_imd_forecast,True,1,SYNTHETIC_DEMO_DATA
2026-08-16T13:22:35.250415+00:00,19.02,72.84,33.57,72,synthetic_imd_forecast,True,1,SYNTHETIC_DEMO_DATA
2026-08-13T13:22:35.250415+00:00,19.07,72.88,30.2,0,synthetic_sensor,False,2,SYNTHETIC_DEMO_DATA
2026-08-14T13:22:35.250415+00:00,19.07,72.88,32.58,24,synthetic_imd_forecast,True,2,SYNTHETIC_DEMO_DATA
2026-08-15T13:22:35.250415+00:00,19.07,72.88,32.9,48,synthetic_imd_forecast,True,2,SYNTHETIC_DEMO_DATA
2026-08-16T13:22:35.250415+00:00,19.07,72.88,29.62,72,synthetic_imd_forecast,True,2,SYNTHETIC_DEMO_DATA
2026-08-13T13:22:35.250415+00:00,19.125,72.855,30.45,0,synthetic_sensor,False,3,SYNTHETIC_DEMO_DATA
2026-08-14T13:22:35.250415+00:00,19.125,72.855,26.98,24,synthetic_imd_forecast,True,3,SYNTHETIC_DEMO_DATA
2026-08-15T13:22:35.250415+00:00,19.125,72.855,30.86,48,synthetic_imd_forecast,True,3,SYNTHETIC_DEMO_DATA
2026-08-16T13:22:35.250415+00:00,19.125,72.855,25.94,72,synthetic_imd_forecast,True,3,SYNTHETIC_DEMO_DATA
2026-08-13T13:22:35.250415+00:00,19.04,72.86,18.11,0,synthetic_sensor,False,4,SYNTHETIC_DEMO_DATA
2026-08-14T13:22:35.250415+00:00,19.04,72.86,17.38,24,synthetic_imd_forecast,True,4,SYNTHETIC_DEMO_DATA
2026-08-15T13:22:35.250415+00:00,19.04,72.86,17.55,48,synthetic_imd_forecast,True,4,SYNTHETIC_DEMO_DATA
2026-08-16T13:22:35.250415+00:00,19.04,72.86,19.17,72,synthetic_imd_forecast,True,4,SYNTHETIC_DEMO_DATA
2026-08-13T14:22:35.250415+00:00,19.02,72.84,19.71,0,synthetic_sensor,False,1,SYNTHETIC_DEMO_DATA
2026-08-14T14:22:35.250415+00:00,19.02,72.84,19.41,24,synthetic_imd_forecast,True,1,SYNTHETIC_DEMO_DATA
2026-08-15T14:22:35.250415+00:00,19.02,72.84,18.16,48,synthetic_imd_forecast,True,1,SYNTHETIC_DEMO_DATA
2026-08-16T14:22:35.250415+00:00,19.02,72.84,18.96,72,synthetic_imd_forecast,True,1,SYNTHETIC_DEMO_DATA
2026-08-13T14:22:35.250415+00:00,19.07,72.88,15.68,0,synthetic_sensor,False,2,SYNTHETIC_DEMO_DATA
2026-08-14T14:22:35.250415+00:00,19.07,72.88,13.67,24,synthetic_imd_forecast,True,2,SYNTHETIC_DEMO_DATA
2026-08-15T14:22:35.250415+00:00,19.07,72.88,16.17,48,synthetic_imd_forecast,True,2,SYNTHETIC_DEMO_DATA
2026-08-16T14:22:35.250415+00:00,19.07,72.88,16.47,72,synthetic_imd_forecast,True,2,SYNTHETIC_DEMO_DATA
2026-08-13T14:22:35.250415+00:00,19.125,72.855,25.49,0,synthetic_sensor,False,3,SYNTHETIC_DEMO_DATA
2026-08-14T14:22:35.250415+00:00,19.125,72.855,25.21,24,synthetic_imd_forecast,True,3,SYNTHETIC_DEMO_DATA
2026-08-15T14:22:35.250415+00:00,19.125,72.855,24.57,48,synthetic_imd_forecast,True,3,SYNTHETIC_DEMO_DATA
2026-08-16T14:22:35.250415+00:00,19.125,72.855,28.27,72,synthetic_imd_forecast,True,3,SYNTHETIC_DEMO_DATA
2026-08-13T14:22:35.250415+00:00,19.04,72.86,22.98,0,synthetic_sensor,False,4,SYNTHETIC_DEMO_DATA
2026-08-14T14:22:35.250415+00:00,19.04,72.86,22.84,24,synthetic_imd_forecast,True,4,SYNTHETIC_DEMO_DATA
2026-08-15T14:22:35.250415+00:00,19.04,72.86,19.71,48,synthetic_imd_forecast,True,4,SYNTHETIC_DEMO_DATA
2026-08-16T14:22:35.250415+00:00,19.04,72.86,21.89,72,synthetic_imd_forecast,True,4,SYNTHETIC_DEMO_DATA
2026-08-13T15:22:35.250415+00:00,19.02,72.84,19.5,0,synthetic_sensor,False,1,SYNTHETIC_DEMO_DATA
2026-08-14T15:22:35.250415+00:00,19.02,72.84,18.91,24,synthetic_imd_forecast,True,1,SYNTHETIC_DEMO_DATA
2026-08-15T15:22:35.250415+00:00,19.02,72.84,19.97,48,synthetic_imd_forecast,True,1,SYNTHETIC_DEMO_DATA
2026-08-16T15:22:35.250415+00:00,19.02,72.84,19.7,72,synthetic_imd_forecast,True,1,SYNTHETIC_DEMO_DATA
2026-08-13T15:22:35.250415+00:00,19.07,72.88,25.2,0,synthetic_sensor,False,2,SYNTHETIC_DEMO_DATA
2026-08-14T15:22:35.250415+00:00,19.07,72.88,27.2,24,synthetic_imd_forecast,True,2,SYNTHETIC_DEMO_DATA
2026-08-15T15:22:35.250415+00:00,19.07,72.88,27.57,48,synthetic_imd_forecast,True,2,SYNTHETIC_DEMO_DATA
2026-08-16T15:22:35.250415+00:00,19.07,72.88,26.85,72,synthetic_imd_forecast,True,2,SYNTHETIC_DEMO_DATA
2026-08-13T15:22:35.250415+00:00,19.125,72.855,33.89,0,synthetic_sensor,False,3,SYNTHETIC_DEMO_DATA
2026-08-14T15:22:35.250415+00:00,19.125,72.855,28.99,24,synthetic_imd_forecast,True,3,SYNTHETIC_DEMO_DATA
2026-08-15T15:22:35.250415+00:00,19.125,72.855,30.8,48,synthetic_imd_forecast,True,3,SYNTHETIC_DEMO_DATA
2026-08-16T15:22:35.250415+00:00,19.125,72.855,28.88,72,synthetic_imd_forecast,True,3,SYNTHETIC_DEMO_DATA
2026-08-13T15:22:35.250415+00:00,19.04,72.86,26.19,0,synthetic_sensor,False,4,SYNTHETIC_DEMO_DATA
2026-08-14T15:22:35.250415+00:00,19.04,72.86,29.32,24,synthetic_imd_forecast,True,4,SYNTHETIC_DEMO_DATA
2026-08-15T15:22:35.250415+00:00,19.04,72.86,24.17,48,synthetic_imd_forecast,True,4,SYNTHETIC_DEMO_DATA
2026-08-16T15:22:35.250415+00:00,19.04,72.86,29.55,72,synthetic_imd_forecast,True,4,SYNTHETIC_DEMO_DATA
2026-08-13T16:22:35.250415+00:00,19.02,72.84,11.51,0,synthetic_sensor,False,1,SYNTHETIC_DEMO_DATA
2026-08-14T16:22:35.250415+00:00,19.02,72.84,13.01,24,synthetic_imd_forecast,True,1,SYNTHETIC_DEMO_DATA
2026-08-15T16:22:35.250415+00:00,19.02,72.84,11.0,48,synthetic_imd_forecast,True,1,SYNTHETIC_DEMO_DATA
2026-08-16T16:22:35.250415+00:00,19.02,72.84,10.13,72,synthetic_imd_forecast,True,1,SYNTHETIC_DEMO_DATA
2026-08-13T16:22:35.250415+00:00,19.07,72.88,22.15,0,synthetic_sensor,False,2,SYNTHETIC_DEMO_DATA
2026-08-14T16:22:35.250415+00:00,19.07,72.88,20.53,24,synthetic_imd_forecast,True,2,SYNTHETIC_DEMO_DATA
2026-08-15T16:22:35.250415+00:00,19.07,72.88,20.72,48,synthetic_imd_forecast,True,2,SYNTHETIC_DEMO_DATA
2026-08-16T16:22:35.250415+00:00,19.07,72.88,20.87,72,synthetic_imd_forecast,True,2,SYNTHETIC_DEMO_DATA
2026-08-13T16:22:35.250415+00:00,19.125,72.855,30.08,0,synthetic_sensor,False,3,SYNTHETIC_DEMO_DATA
2026-08-14T16:22:35.250415+00:00,19.125,72.855,30.43,24,synthetic_imd_forecast,True,3,SYNTHETIC_DEMO_DATA
2026-08-15T16:22:35.250415+00:00,19.125,72.855,28.38,48,synthetic_imd_forecast,True,3,SYNTHETIC_DEMO_DATA
2026-08-16T16:22:35.250415+00:00,19.125,72.855,31.08,72,synthetic_imd_forecast,True,3,SYNTHETIC_DEMO_DATA
2026-08-13T16:22:35.250415+00:00,19.04,72.86,27.9,0,synthetic_sensor,False,4,SYNTHETIC_DEMO_DATA
2026-08-14T16:22:35.250415+00:00,19.04,72.86,26.0,24,synthetic_imd_forecast,True,4,SYNTHETIC_DEMO_DATA
2026-08-15T16:22:35.250415+00:00,19.04,72.86,27.18,48,synthetic_imd_forecast,True,4,SYNTHETIC_DEMO_DATA
2026-08-16T16:22:35.250415+00:00,19.04,72.86,24.74,72,synthetic_imd_forecast,True,4,SYNTHETIC_DEMO_DATA
2026-08-13T17:22:35.250415+00:00,19.02,72.84,0.6,0,synthetic_sensor,False,1,SYNTHETIC_DEMO_DATA
2026-08-14T17:22:35.250415+00:00,19.02,72.84,0.63,24,synthetic_imd_forecast,True,1,SYNTHETIC_DEMO_DATA
2026-08-15T17:22:35.250415+00:00,19.02,72.84,0.54,48,synthetic_imd_forecast,True,1,SYNTHETIC_DEMO_DATA
2026-08-16T17:22:35.250415+00:00,19.02,72.84,0.6,72,synthetic_imd_forecast,True,1,SYNTHETIC_DEMO_DATA
2026-08-13T17:22:35.250415+00:00,19.07,72.88,3.7,0,synthetic_sensor,False,2,SYNTHETIC_DEMO_DATA
2026-08-14T17:22:35.250415+00:00,19.07,72.88,3.26,24,synthetic_imd_forecast,True,2,SYNTHETIC_DEMO_DATA
2026-08-15T17:22:35.250415+00:00,19.07,72.88,3.77,48,synthetic_imd_forecast,True,2,SYNTHETIC_DEMO_DATA
2026-08-16T17:22:35.250415+00:00,19.07,72.88,3.43,72,synthetic_imd_forecast,True,2,SYNTHETIC_DEMO_DATA
2026-08-13T17:22:35.250415+00:00,19.125,72.855,9.88,0,synthetic_sensor,False,3,SYNTHETIC_DEMO_DATA
2026-08-14T17:22:35.250415+00:00,19.125,72.855,9.83,24,synthetic_imd_forecast,True,3,SYNTHETIC_DEMO_DATA
2026-08-15T17:22:35.250415+00:00,19.125,72.855,10.79,48,synthetic_imd_forecast,True,3,SYNTHETIC_DEMO_DATA
2026-08-16T17:22:35.250415+00:00,19.125,72.855,10.03,72,synthetic_imd_forecast,True,3,SYNTHETIC_DEMO_DATA
2026-08-13T17:22:35.250415+00:00,19.04,72.86,0.13,0,synthetic_sensor,False,4,SYNTHETIC_DEMO_DATA
2026-08-14T17:22:35.250415+00:00,19.04,72.86,0.14,24,synthetic_imd_forecast,True,4,SYNTHETIC_DEMO_DATA
2026-08-15T17:22:35.250415+00:00,19.04,72.86,0.15,48,synthetic_imd_forecast,True,4,SYNTHETIC_DEMO_DATA
2026-08-16T17:22:35.250415+00:00,19.04,72.86,0.13,72,synthetic_imd_forecast,True,4,SYNTHETIC_DEMO_DATA
2026-08-13T18:22:35.250415+00:00,19.02,72.84,5.13,0,synthetic_sensor,False,1,SYNTHETIC_DEMO_DATA
2026-08-14T18:22:35.250415+00:00,19.02,72.84,5.72,24,synthetic_imd_forecast,True,1,SYNTHETIC_DEMO_DATA
2026-08-15T18:22:35.250415+00:00,19.02,72.84,4.71,48,synthetic_imd_forecast,True,1,SYNTHETIC_DEMO_DATA
2026-08-16T18:22:35.250415+00:00,19.02,72.84,4.69,72,synthetic_imd_forecast,True,1,SYNTHETIC_DEMO_DATA
2026-08-13T18:22:35.250415+00:00,19.07,72.88,2.83,0,synthetic_sensor,False,2,SYNTHETIC_DEMO_DATA
2026-08-14T18:22:35.250415+00:00,19.07,72.88,2.75,24,synthetic_imd_forecast,True,2,SYNTHETIC_DEMO_DATA
2026-08-15T18:22:35.250415+00:00,19.07,72.88,3.12,48,synthetic_imd_forecast,True,2,SYNTHETIC_DEMO_DATA
2026-08-16T18:22:35.250415+00:00,19.07,72.88,3.17,72,synthetic_imd_forecast,True,2,SYNTHETIC_DEMO_DATA
2026-08-13T18:22:35.250415+00:00,19.125,72.855,1.31,0,synthetic_sensor,False,3,SYNTHETIC_DEMO_DATA
2026-08-14T18:22:35.250415+00:00,19.125,72.855,1.21,24,synthetic_imd_forecast,True,3,SYNTHETIC_DEMO_DATA
2026-08-15T18:22:35.250415+00:00,19.125,72.855,1.42,48,synthetic_imd_forecast,True,3,SYNTHETIC_DEMO_DATA
2026-08-16T18:22:35.250415+00:00,19.125,72.855,1.22,72,synthetic_imd_forecast,True,3,SYNTHETIC_DEMO_DATA
2026-08-13T18:22:35.250415+00:00,19.04,72.86,5.19,0,synthetic_sensor,False,4,SYNTHETIC_DEMO_DATA
2026-08-14T18:22:35.250415+00:00,19.04,72.86,5.07,24,synthetic_imd_forecast,True,4,SYNTHETIC_DEMO_DATA
2026-08-15T18:22:35.250415+00:00,19.04,72.86,5.45,48,synthetic_imd_forecast,True,4,SYNTHETIC_DEMO_DATA
2026-08-16T18:22:35.250415+00:00,19.04,72.86,4.56,72,synthetic_imd_forecast,True,4,SYNTHETIC_DEMO_DATA
2026-08-13T19:22:35.250415+00:00,19.02,72.84,2.93,0,synthetic_sensor,False,1,SYNTHETIC_DEMO_DATA
2026-08-14T19:22:35.250415+00:00,19.02,72.84,2.89,24,synthetic_imd_forecast,True,1,SYNTHETIC_DEMO_DATA
2026-08-15T19:22:35.250415+00:00,19.02,72.84,3.01,48,synthetic_imd_forecast,True,1,SYNTHETIC_DEMO_DATA
2026-08-16T19:22:35.250415+00:00,19.02,72.84,2.64,72,synthetic_imd_forecast,True,1,SYNTHETIC_DEMO_DATA
2026-08-13T19:22:35.250415+00:00,19.07,72.88,4.01,0,synthetic_sensor,False,2,SYNTHETIC_DEMO_DATA
2026-08-14T19:22:35.250415+00:00,19.07,72.88,4.45,24,synthetic_imd_forecast,True,2,SYNTHETIC_DEMO_DATA
2026-08-15T19:22:35.250415+00:00,19.07,72.88,3.67,48,synthetic_imd_forecast,True,2,SYNTHETIC_DEMO_DATA
2026-08-16T19:22:35.250415+00:00,19.07,72.88,3.52,72,synthetic_imd_forecast,True,2,SYNTHETIC_DEMO_DATA
2026-08-13T19:22:35.250415+00:00,19.125,72.855,0.07,0,synthetic_sensor,False,3,SYNTHETIC_DEMO_DATA
2026-08-14T19:22:35.250415+00:00,19.125,72.855,0.07,24,synthetic_imd_forecast,True,3,SYNTHETIC_DEMO_DATA
2026-08-15T19:22:35.250415+00:00,19.125,72.855,0.07,48,synthetic_imd_forecast,True,3,SYNTHETIC_DEMO_DATA
2026-08-16T19:22:35.250415+00:00,19.125,72.855,0.07,72,synthetic_imd_forecast,True,3,SYNTHETIC_DEMO_DATA
2026-08-13T19:22:35.250415+00:00,19.04,72.86,0.79,0,synthetic_sensor,False,4,SYNTHETIC_DEMO_DATA
2026-08-14T19:22:35.250415+00:00,19.04,72.86,0.76,24,synthetic_imd_forecast,True,4,SYNTHETIC_DEMO_DATA
2026-08-15T19:22:35.250415+00:00,19.04,72.86,0.81,48,synthetic_imd_forecast,True,4,SYNTHETIC_DEMO_DATA
2026-08-16T19:22:35.250415+00:00,19.04,72.86,0.79,72,synthetic_imd_forecast,True,4,SYNTHETIC_DEMO_DATA
2026-08-13T20:22:35.250415+00:00,19.02,72.84,13.22,0,synthetic_sensor,False,1,SYNTHETIC_DEMO_DATA
2026-08-14T20:22:35.250415+00:00,19.02,72.84,11.78,24,synthetic_imd_forecast,True,1,SYNTHETIC_DEMO_DATA
2026-08-15T20:22:35.250415+00:00,19.02,72.84,13.99,48,synthetic_imd_forecast,True,1,SYNTHETIC_DEMO_DATA
2026-08-16T20:22:35.250415+00:00,19.02,72.84,12.84,72,synthetic_imd_forecast,True,1,SYNTHETIC_DEMO_DATA
2026-08-13T20:22:35.250415+00:00,19.07,72.88,1.68,0,synthetic_sensor,False,2,SYNTHETIC_DEMO_DATA
2026-08-14T20:22:35.250415+00:00,19.07,72.88,1.79,24,synthetic_imd_forecast,True,2,SYNTHETIC_DEMO_DATA
2026-08-15T20:22:35.250415+00:00,19.07,72.88,1.78,48,synthetic_imd_forecast,True,2,SYNTHETIC_DEMO_DATA
2026-08-16T20:22:35.250415+00:00,19.07,72.88,1.93,72,synthetic_imd_forecast,True,2,SYNTHETIC_DEMO_DATA
2026-08-13T20:22:35.250415+00:00,19.125,72.855,0.41,0,synthetic_sensor,False,3,SYNTHETIC_DEMO_DATA
2026-08-14T20:22:35.250415+00:00,19.125,72.855,0.36,24,synthetic_imd_forecast,True,3,SYNTHETIC_DEMO_DATA
2026-08-15T20:22:35.250415+00:00,19.125,72.855,0.44,48,synthetic_imd_forecast,True,3,SYNTHETIC_DEMO_DATA
2026-08-16T20:22:35.250415+00:00,19.125,72.855,0.42,72,synthetic_imd_forecast,True,3,SYNTHETIC_DEMO_DATA
2026-08-13T20:22:35.250415+00:00,19.04,72.86,0.96,0,synthetic_sensor,False,4,SYNTHETIC_DEMO_DATA
2026-08-14T20:22:35.250415+00:00,19.04,72.86,0.84,24,synthetic_imd_forecast,True,4,SYNTHETIC_DEMO_DATA
2026-08-15T20:22:35.250415+00:00,19.04,72.86,0.84,48,synthetic_imd_forecast,True,4,SYNTHETIC_DEMO_DATA
2026-08-16T20:22:35.250415+00:00,19.04,72.86,1.07,72,synthetic_imd_forecast,True,4,SYNTHETIC_DEMO_DATA
2026-08-13T21:22:35.250415+00:00,19.02,72.84,0.64,0,synthetic_sensor,False,1,SYNTHETIC_DEMO_DATA
2026-08-14T21:22:35.250415+00:00,19.02,72.84,0.61,24,synthetic_imd_forecast,True,1,SYNTHETIC_DEMO_DATA
2026-08-15T21:22:35.250415+00:00,19.02,72.84,0.59,48,synthetic_imd_forecast,True,1,SYNTHETIC_DEMO_DATA
2026-08-16T21:22:35.250415+00:00,19.02,72.84,0.61,72,synthetic_imd_forecast,True,1,SYNTHETIC_DEMO_DATA
2026-08-13T21:22:35.250415+00:00,19.07,72.88,0.22,0,synthetic_sensor,False,2,SYNTHETIC_DEMO_DATA
2026-08-14T21:22:35.250415+00:00,19.07,72.88,0.22,24,synthetic_imd_forecast,True,2,SYNTHETIC_DEMO_DATA
2026-08-15T21:22:35.250415+00:00,19.07,72.88,0.19,48,synthetic_imd_forecast,True,2,SYNTHETIC_DEMO_DATA
2026-08-16T21:22:35.250415+00:00,19.07,72.88,0.24,72,synthetic_imd_forecast,True,2,SYNTHETIC_DEMO_DATA
2026-08-13T21:22:35.250415+00:00,19.125,72.855,0.8,0,synthetic_sensor,False,3,SYNTHETIC_DEMO_DATA
2026-08-14T21:22:35.250415+00:00,19.125,72.855,0.81,24,synthetic_imd_forecast,True,3,SYNTHETIC_DEMO_DATA
2026-08-15T21:22:35.250415+00:00,19.125,72.855,0.89,48,synthetic_imd_forecast,True,3,SYNTHETIC_DEMO_DATA
2026-08-16T21:22:35.250415+00:00,19.125,72.855,0.84,72,synthetic_imd_forecast,True,3,SYNTHETIC_DEMO_DATA
2026-08-13T21:22:35.250415+00:00,19.04,72.86,2.28,0,synthetic_sensor,False,4,SYNTHETIC_DEMO_DATA
2026-08-14T21:22:35.250415+00:00,19.04,72.86,2.16,24,synthetic_imd_forecast,True,4,SYNTHETIC_DEMO_DATA
2026-08-15T21:22:35.250415+00:00,19.04,72.86,2.17,48,synthetic_imd_forecast,True,4,SYNTHETIC_DEMO_DATA
2026-08-16T21:22:35.250415+00:00,19.04,72.86,2.4,72,synthetic_imd_forecast,True,4,SYNTHETIC_DEMO_DATA
2026-08-13T22:22:35.250415+00:00,19.02,72.84,15.42,0,synthetic_sensor,False,1,SYNTHETIC_DEMO_DATA
2026-08-14T22:22:35.250415+00:00,19.02,72.84,16.17,24,synthetic_imd_forecast,True,1,SYNTHETIC_DEMO_DATA
2026-08-15T22:22:35.250415+00:00,19.02,72.84,15.69,48,synthetic_imd_forecast,True,1,SYNTHETIC_DEMO_DATA
2026-08-16T22:22:35.250415+00:00,19.02,72.84,16.49,72,synthetic_imd_forecast,True,1,SYNTHETIC_DEMO_DATA
2026-08-13T22:22:35.250415+00:00,19.07,72.88,1.88,0,synthetic_sensor,False,2,SYNTHETIC_DEMO_DATA
2026-08-14T22:22:35.250415+00:00,19.07,72.88,1.63,24,synthetic_imd_forecast,True,2,SYNTHETIC_DEMO_DATA
2026-08-15T22:22:35.250415+00:00,19.07,72.88,1.92,48,synthetic_imd_forecast,True,2,SYNTHETIC_DEMO_DATA
2026-08-16T22:22:35.250415+00:00,19.07,72.88,2.14,72,synthetic_imd_forecast,True,2,SYNTHETIC_DEMO_DATA
2026-08-13T22:22:35.250415+00:00,19.125,72.855,0.58,0,synthetic_sensor,False,3,SYNTHETIC_DEMO_DATA
2026-08-14T22:22:35.250415+00:00,19.125,72.855,0.61,24,synthetic_imd_forecast,True,3,SYNTHETIC_DEMO_DATA
2026-08-15T22:22:35.250415+00:00,19.125,72.855,0.53,48,synthetic_imd_forecast,True,3,SYNTHETIC_DEMO_DATA
2026-08-16T22:22:35.250415+00:00,19.125,72.855,0.59,72,synthetic_imd_forecast,True,3,SYNTHETIC_DEMO_DATA
2026-08-13T22:22:35.250415+00:00,19.04,72.86,0.31,0,synthetic_sensor,False,4,SYNTHETIC_DEMO_DATA
2026-08-14T22:22:35.250415+00:00,19.04,72.86,0.31,24,synthetic_imd_forecast,True,4,SYNTHETIC_DEMO_DATA
2026-08-15T22:22:35.250415+00:00,19.04,72.86,0.33,48,synthetic_imd_forecast,True,4,SYNTHETIC_DEMO_DATA
2026-08-16T22:22:35.250415+00:00,19.04,72.86,0.3,72,synthetic_imd_forecast,True,4,SYNTHETIC_DEMO_DATA
2026-08-13T23:22:35.250415+00:00,19.02,72.84,3.28,0,synthetic_sensor,False,1,SYNTHETIC_DEMO_DATA
2026-08-14T23:22:35.250415+00:00,19.02,72.84,3.57,24,synthetic_imd_forecast,True,1,SYNTHETIC_DEMO_DATA
2026-08-15T23:22:35.250415+00:00,19.02,72.84,3.7,48,synthetic_imd_forecast,True,1,SYNTHETIC_DEMO_DATA
2026-08-16T23:22:35.250415+00:00,19.02,72.84,3.02,72,synthetic_imd_forecast,True,1,SYNTHETIC_DEMO_DATA
2026-08-13T23:22:35.250415+00:00,19.07,72.88,1.53,0,synthetic_sensor,False,2,SYNTHETIC_DEMO_DATA
2026-08-14T23:22:35.250415+00:00,19.07,72.88,1.37,24,synthetic_imd_forecast,True,2,SYNTHETIC_DEMO_DATA
2026-08-15T23:22:35.250415+00:00,19.07,72.88,1.76,48,synthetic_imd_forecast,True,2,SYNTHETIC_DEMO_DATA
2026-08-16T23:22:35.250415+00:00,19.07,72.88,1.73,72,synthetic_imd_forecast,True,2,SYNTHETIC_DEMO_DATA
2026-08-13T23:22:35.250415+00:00,19.125,72.855,2.33,0,synthetic_sensor,False,3,SYNTHETIC_DEMO_DATA
2026-08-14T23:22:35.250415+00:00,19.125,72.855,2.57,24,synthetic_imd_forecast,True,3,SYNTHETIC_DEMO_DATA
2026-08-15T23:22:35.250415+00:00,19.125,72.855,2.34,48,synthetic_imd_forecast,True,3,SYNTHETIC_DEMO_DATA
2026-08-16T23:22:35.250415+00:00,19.125,72.855,2.42,72,synthetic_imd_forecast,True,3,SYNTHETIC_DEMO_DATA
2026-08-13T23:22:35.250415+00:00,19.04,72.86,0.28,0,synthetic_sensor,False,4,SYNTHETIC_DEMO_DATA
2026-08-14T23:22:35.250415+00:00,19.04,72.86,0.3,24,synthetic_imd_forecast,True,4,SYNTHETIC_DEMO_DATA
2026-08-15T23:22:35.250415+00:00,19.04,72.86,0.25,48,synthetic_imd_forecast,True,4,SYNTHETIC_DEMO_DATA
2026-08-16T23:22:35.250415+00:00,19.04,72.86,0.31,72,synthetic_imd_forecast,True,4,SYNTHETIC_DEMO_DATA
2026-08-14T00:22:35.250415+00:00,19.02,72.84,4.57,0,synthetic_sensor,False,1,SYNTHETIC_DEMO_DATA
2026-08-15T00:22:35.250415+00:00,19.02,72.84,4.86,24,synthetic_imd_forecast,True,1,SYNTHETIC_DEMO_DATA
2026-08-16T00:22:35.250415+00:00,19.02,72.84,3.93,48,synthetic_imd_forecast,True,1,SYNTHETIC_DEMO_DATA
2026-08-17T00:22:35.250415+00:00,19.02,72.84,4.3,72,synthetic_imd_forecast,True,1,SYNTHETIC_DEMO_DATA
2026-08-14T00:22:35.250415+00:00,19.07,72.88,0.92,0,synthetic_sensor,False,2,SYNTHETIC_DEMO_DATA
2026-08-15T00:22:35.250415+00:00,19.07,72.88,0.88,24,synthetic_imd_forecast,True,2,SYNTHETIC_DEMO_DATA
2026-08-16T00:22:35.250415+00:00,19.07,72.88,0.81,48,synthetic_imd_forecast,True,2,SYNTHETIC_DEMO_DATA
2026-08-17T00:22:35.250415+00:00,19.07,72.88,1.04,72,synthetic_imd_forecast,True,2,SYNTHETIC_DEMO_DATA
2026-08-14T00:22:35.250415+00:00,19.125,72.855,2.42,0,synthetic_sensor,False,3,SYNTHETIC_DEMO_DATA
2026-08-15T00:22:35.250415+00:00,19.125,72.855,2.28,24,synthetic_imd_forecast,True,3,SYNTHETIC_DEMO_DATA
2026-08-16T00:22:35.250415+00:00,19.125,72.855,2.35,48,synthetic_imd_forecast,True,3,SYNTHETIC_DEMO_DATA
2026-08-17T00:22:35.250415+00:00,19.125,72.855,2.38,72,synthetic_imd_forecast,True,3,SYNTHETIC_DEMO_DATA
2026-08-14T00:22:35.250415+00:00,19.04,72.86,2.75,0,synthetic_sensor,False,4,SYNTHETIC_DEMO_DATA
2026-08-15T00:22:35.250415+00:00,19.04,72.86,2.76,24,synthetic_imd_forecast,True,4,SYNTHETIC_DEMO_DATA
2026-08-16T00:22:35.250415+00:00,19.04,72.86,3.1,48,synthetic_imd_forecast,True,4,SYNTHETIC_DEMO_DATA
2026-08-17T00:22:35.250415+00:00,19.04,72.86,2.75,72,synthetic_imd_forecast,True,4,SYNTHETIC_DEMO_DATA
2026-08-14T01:22:35.250415+00:00,19.02,72.84,14.54,0,synthetic_sensor,False,1,SYNTHETIC_DEMO_DATA
2026-08-15T01:22:35.250415+00:00,19.02,72.84,16.07,24,synthetic_imd_forecast,True,1,SYNTHETIC_DEMO_DATA
2026-08-16T01:22:35.250415+00:00,19.02,72.84,13.27,48,synthetic_imd_forecast,True,1,SYNTHETIC_DEMO_DATA
2026-08-17T01:22:35.250415+00:00,19.02,72.84,16.42,72,synthetic_imd_forecast,True,1,SYNTHETIC_DEMO_DATA
2026-08-14T01:22:35.250415+00:00,19.07,72.88,0.37,0,synthetic_sensor,False,2,SYNTHETIC_DEMO_DATA
2026-08-15T01:22:35.250415+00:00,19.07,72.88,0.41,24,synthetic_imd_forecast,True,2,SYNTHETIC_DEMO_DATA
2026-08-16T01:22:35.250415+00:00,19.07,72.88,0.36,48,synthetic_imd_forecast,True,2,SYNTHETIC_DEMO_DATA
2026-08-17T01:22:35.250415+00:00,19.07,72.88,0.41,72,synthetic_imd_forecast,True,2,SYNTHETIC_DEMO_DATA
2026-08-14T01:22:35.250415+00:00,19.125,72.855,6.08,0,synthetic_sensor,False,3,SYNTHETIC_DEMO_DATA
2026-08-15T01:22:35.250415+00:00,19.125,72.855,6.64,24,synthetic_imd_forecast,True,3,SYNTHETIC_DEMO_DATA
2026-08-16T01:22:35.250415+00:00,19.125,72.855,6.61,48,synthetic_imd_forecast,True,3,SYNTHETIC_DEMO_DATA
2026-08-17T01:22:35.250415+00:00,19.125,72.855,5.72,72,synthetic_imd_forecast,True,3,SYNTHETIC_DEMO_DATA
2026-08-14T01:22:35.250415+00:00,19.04,72.86,0.25,0,synthetic_sensor,False,4,SYNTHETIC_DEMO_DATA
2026-08-15T01:22:35.250415+00:00,19.04,72.86,0.24,24,synthetic_imd_forecast,True,4,SYNTHETIC_DEMO_DATA
2026-08-16T01:22:35.250415+00:00,19.04,72.86,0.23,48,synthetic_imd_forecast,True,4,SYNTHETIC_DEMO_DATA
2026-08-17T01:22:35.250415+00:00,19.04,72.86,0.26,72,synthetic_imd_forecast,True,4,SYNTHETIC_DEMO_DATA
2026-08-14T02:22:35.250415+00:00,19.02,72.84,1.27,0,synthetic_sensor,False,1,SYNTHETIC_DEMO_DATA
2026-08-15T02:22:35.250415+00:00,19.02,72.84,1.45,24,synthetic_imd_forecast,True,1,SYNTHETIC_DEMO_DATA
2026-08-16T02:22:35.250415+00:00,19.02,72.84,1.32,48,synthetic_imd_forecast,True,1,SYNTHETIC_DEMO_DATA
2026-08-17T02:22:35.250415+00:00,19.02,72.84,1.39,72,synthetic_imd_forecast,True,1,SYNTHETIC_DEMO_DATA
2026-08-14T02:22:35.250415+00:00,19.07,72.88,0.43,0,synthetic_sensor,False,2,SYNTHETIC_DEMO_DATA
2026-08-15T02:22:35.250415+00:00,19.07,72.88,0.48,24,synthetic_imd_forecast,True,2,SYNTHETIC_DEMO_DATA
2026-08-16T02:22:35.250415+00:00,19.07,72.88,0.48,48,synthetic_imd_forecast,True,2,SYNTHETIC_DEMO_DATA
2026-08-17T02:22:35.250415+00:00,19.07,72.88,0.43,72,synthetic_imd_forecast,True,2,SYNTHETIC_DEMO_DATA
2026-08-14T02:22:35.250415+00:00,19.125,72.855,2.8,0,synthetic_sensor,False,3,SYNTHETIC_DEMO_DATA
2026-08-15T02:22:35.250415+00:00,19.125,72.855,3.02,24,synthetic_imd_forecast,True,3,SYNTHETIC_DEMO_DATA
2026-08-16T02:22:35.250415+00:00,19.125,72.855,2.53,48,synthetic_imd_forecast,True,3,SYNTHETIC_DEMO_DATA
2026-08-17T02:22:35.250415+00:00,19.125,72.855,2.8,72,synthetic_imd_forecast,True,3,SYNTHETIC_DEMO_DATA
2026-08-14T02:22:35.250415+00:00,19.04,72.86,1.53,0,synthetic_sensor,False,4,SYNTHETIC_DEMO_DATA
2026-08-15T02:22:35.250415+00:00,19.04,72.86,1.37,24,synthetic_imd_forecast,True,4,SYNTHETIC_DEMO_DATA
2026-08-16T02:22:35.250415+00:00,19.04,72.86,1.47,48,synthetic_imd_forecast,True,4,SYNTHETIC_DEMO_DATA
2026-08-17T02:22:35.250415+00:00,19.04,72.86,1.33,72,synthetic_imd_forecast,True,4,SYNTHETIC_DEMO_DATA
2026-08-14T03:22:35.250415+00:00,19.02,72.84,0.08,0,synthetic_sensor,False,1,SYNTHETIC_DEMO_DATA
2026-08-15T03:22:35.250415+00:00,19.02,72.84,0.07,24,synthetic_imd_forecast,True,1,SYNTHETIC_DEMO_DATA
2026-08-16T03:22:35.250415+00:00,19.02,72.84,0.09,48,synthetic_imd_forecast,True,1,SYNTHETIC_DEMO_DATA
2026-08-17T03:22:35.250415+00:00,19.02,72.84,0.08,72,synthetic_imd_forecast,True,1,SYNTHETIC_DEMO_DATA
2026-08-14T03:22:35.250415+00:00,19.07,72.88,10.13,0,synthetic_sensor,False,2,SYNTHETIC_DEMO_DATA
2026-08-15T03:22:35.250415+00:00,19.07,72.88,9.92,24,synthetic_imd_forecast,True,2,SYNTHETIC_DEMO_DATA
2026-08-16T03:22:35.250415+00:00,19.07,72.88,9.56,48,synthetic_imd_forecast,True,2,SYNTHETIC_DEMO_DATA
2026-08-17T03:22:35.250415+00:00,19.07,72.88,10.15,72,synthetic_imd_forecast,True,2,SYNTHETIC_DEMO_DATA
2026-08-14T03:22:35.250415+00:00,19.125,72.855,1.74,0,synthetic_sensor,False,3,SYNTHETIC_DEMO_DATA
2026-08-15T03:22:35.250415+00:00,19.125,72.855,1.53,24,synthetic_imd_forecast,True,3,SYNTHETIC_DEMO_DATA
2026-08-16T03:22:35.250415+00:00,19.125,72.855,1.81,48,synthetic_imd_forecast,True,3,SYNTHETIC_DEMO_DATA
2026-08-17T03:22:35.250415+00:00,19.125,72.855,1.59,72,synthetic_imd_forecast,True,3,SYNTHETIC_DEMO_DATA
2026-08-14T03:22:35.250415+00:00,19.04,72.86,2.9,0,synthetic_sensor,False,4,SYNTHETIC_DEMO_DATA
2026-08-15T03:22:35.250415+00:00,19.04,72.86,3.03,24,synthetic_imd_forecast,True,4,SYNTHETIC_DEMO_DATA
2026-08-16T03:22:35.250415+00:00,19.04,72.86,2.6,48,synthetic_imd_forecast,True,4,SYNTHETIC_DEMO_DATA
2026-08-17T03:22:35.250415+00:00,19.04,72.86,2.52,72,synthetic_imd_forecast,True,4,SYNTHETIC_DEMO_DATA
2026-08-14T04:22:35.250415+00:00,19.02,72.84,4.55,0,synthetic_sensor,False,1,SYNTHETIC_DEMO_DATA
2026-08-15T04:22:35.250415+00:00,19.02,72.84,4.5,24,synthetic_imd_forecast,True,1,SYNTHETIC_DEMO_DATA
2026-08-16T04:22:35.250415+00:00,19.02,72.84,3.95,48,synthetic_imd_forecast,True,1,SYNTHETIC_DEMO_DATA
2026-08-17T04:22:35.250415+00:00,19.02,72.84,5.23,72,synthetic_imd_forecast,True,1,SYNTHETIC_DEMO_DATA
2026-08-14T04:22:35.250415+00:00,19.07,72.88,0.18,0,synthetic_sensor,False,2,SYNTHETIC_DEMO_DATA
2026-08-15T04:22:35.250415+00:00,19.07,72.88,0.19,24,synthetic_imd_forecast,True,2,SYNTHETIC_DEMO_DATA
2026-08-16T04:22:35.250415+00:00,19.07,72.88,0.21,48,synthetic_imd_forecast,True,2,SYNTHETIC_DEMO_DATA
2026-08-17T04:22:35.250415+00:00,19.07,72.88,0.17,72,synthetic_imd_forecast,True,2,SYNTHETIC_DEMO_DATA
2026-08-14T04:22:35.250415+00:00,19.125,72.855,0.46,0,synthetic_sensor,False,3,SYNTHETIC_DEMO_DATA
2026-08-15T04:22:35.250415+00:00,19.125,72.855,0.41,24,synthetic_imd_forecast,True,3,SYNTHETIC_DEMO_DATA
2026-08-16T04:22:35.250415+00:00,19.125,72.855,0.43,48,synthetic_imd_forecast,True,3,SYNTHETIC_DEMO_DATA
2026-08-17T04:22:35.250415+00:00,19.125,72.855,0.4,72,synthetic_imd_forecast,True,3,SYNTHETIC_DEMO_DATA
2026-08-14T04:22:35.250415+00:00,19.04,72.86,3.53,0,synthetic_sensor,False,4,SYNTHETIC_DEMO_DATA
2026-08-15T04:22:35.250415+00:00,19.04,72.86,3.07,24,synthetic_imd_forecast,True,4,SYNTHETIC_DEMO_DATA
2026-08-16T04:22:35.250415+00:00,19.04,72.86,3.54,48,synthetic_imd_forecast,True,4,SYNTHETIC_DEMO_DATA
2026-08-17T04:22:35.250415+00:00,19.04,72.86,4.06,72,synthetic_imd_forecast,True,4,SYNTHETIC_DEMO_DATA
2026-08-14T05:22:35.250415+00:00,19.02,72.84,5.05,0,synthetic_sensor,False,1,SYNTHETIC_DEMO_DATA
2026-08-15T05:22:35.250415+00:00,19.02,72.84,5.22,24,synthetic_imd_forecast,True,1,SYNTHETIC_DEMO_DATA
2026-08-16T05:22:35.250415+00:00,19.02,72.84,4.76,48,synthetic_imd_forecast,True,1,SYNTHETIC_DEMO_DATA
2026-08-17T05:22:35.250415+00:00,19.02,72.84,5.24,72,synthetic_imd_forecast,True,1,SYNTHETIC_DEMO_DATA
2026-08-14T05:22:35.250415+00:00,19.07,72.88,2.25,0,synthetic_sensor,False,2,SYNTHETIC_DEMO_DATA
2026-08-15T05:22:35.250415+00:00,19.07,72.88,2.2,24,synthetic_imd_forecast,True,2,SYNTHETIC_DEMO_DATA
2026-08-16T05:22:35.250415+00:00,19.07,72.88,2.0,48,synthetic_imd_forecast,True,2,SYNTHETIC_DEMO_DATA
2026-08-17T05:22:35.250415+00:00,19.07,72.88,2.51,72,synthetic_imd_forecast,True,2,SYNTHETIC_DEMO_DATA
2026-08-14T05:22:35.250415+00:00,19.125,72.855,1.79,0,synthetic_sensor,False,3,SYNTHETIC_DEMO_DATA
2026-08-15T05:22:35.250415+00:00,19.125,72.855,1.63,24,synthetic_imd_forecast,True,3,SYNTHETIC_DEMO_DATA
2026-08-16T05:22:35.250415+00:00,19.125,72.855,1.72,48,synthetic_imd_forecast,True,3,SYNTHETIC_DEMO_DATA
2026-08-17T05:22:35.250415+00:00,19.125,72.855,1.74,72,synthetic_imd_forecast,True,3,SYNTHETIC_DEMO_DATA
2026-08-14T05:22:35.250415+00:00,19.04,72.86,5.27,0,synthetic_sensor,False,4,SYNTHETIC_DEMO_DATA
2026-08-15T05:22:35.250415+00:00,19.04,72.86,5.64,24,synthetic_imd_forecast,True,4,SYNTHETIC_DEMO_DATA
2026-08-16T05:22:35.250415+00:00,19.04,72.86,5.7,48,synthetic_imd_forecast,True,4,SYNTHETIC_DEMO_DATA
2026-08-17T05:22:35.250415+00:00,19.04,72.86,4.5,72,synthetic_imd_forecast,True,4,SYNTHETIC_DEMO_DATA
2026-08-14T06:22:35.250415+00:00,19.02,72.84,1.61,0,synthetic_sensor,False,1,SYNTHETIC_DEMO_DATA
2026-08-15T06:22:35.250415+00:00,19.02,72.84,1.6,24,synthetic_imd_forecast,True,1,SYNTHETIC_DEMO_DATA
2026-08-16T06:22:35.250415+00:00,19.02,72.84,1.38,48,synthetic_imd_forecast,True,1,SYNTHETIC_DEMO_DATA
2026-08-17T06:22:35.250415+00:00,19.02,72.84,1.49,72,synthetic_imd_forecast,True,1,SYNTHETIC_DEMO_DATA
2026-08-14T06:22:35.250415+00:00,19.07,72.88,4.28,0,synthetic_sensor,False,2,SYNTHETIC_DEMO_DATA
2026-08-15T06:22:35.250415+00:00,19.07,72.88,3.81,24,synthetic_imd_forecast,True,2,SYNTHETIC_DEMO_DATA
2026-08-16T06:22:35.250415+00:00,19.07,72.88,4.33,48,synthetic_imd_forecast,True,2,SYNTHETIC_DEMO_DATA
2026-08-17T06:22:35.250415+00:00,19.07,72.88,3.91,72,synthetic_imd_forecast,True,2,SYNTHETIC_DEMO_DATA
2026-08-14T06:22:35.250415+00:00,19.125,72.855,0.04,0,synthetic_sensor,False,3,SYNTHETIC_DEMO_DATA
2026-08-15T06:22:35.250415+00:00,19.125,72.855,0.04,24,synthetic_imd_forecast,True,3,SYNTHETIC_DEMO_DATA
2026-08-16T06:22:35.250415+00:00,19.125,72.855,0.05,48,synthetic_imd_forecast,True,3,SYNTHETIC_DEMO_DATA
2026-08-17T06:22:35.250415+00:00,19.125,72.855,0.04,72,synthetic_imd_forecast,True,3,SYNTHETIC_DEMO_DATA
2026-08-14T06:22:35.250415+00:00,19.04,72.86,9.63,0,synthetic_sensor,False,4,SYNTHETIC_DEMO_DATA
2026-08-15T06:22:35.250415+00:00,19.04,72.86,9.59,24,synthetic_imd_forecast,True,4,SYNTHETIC_DEMO_DATA
2026-08-16T06:22:35.250415+00:00,19.04,72.86,8.5,48,synthetic_imd_forecast,True,4,SYNTHETIC_DEMO_DATA
2026-08-17T06:22:35.250415+00:00,19.04,72.86,9.77,72,synthetic_imd_forecast,True,4,SYNTHETIC_DEMO_DATA
2026-08-14T07:22:35.250415+00:00,19.02,72.84,1.82,0,synthetic_sensor,False,1,SYNTHETIC_DEMO_DATA
2026-08-15T07:22:35.250415+00:00,19.02,72.84,2.01,24,synthetic_imd_forecast,True,1,SYNTHETIC_DEMO_DATA
2026-08-16T07:22:35.250415+00:00,19.02,72.84,1.6,48,synthetic_imd_forecast,True,1,SYNTHETIC_DEMO_DATA
2026-08-17T07:22:35.250415+00:00,19.02,72.84,1.81,72,synthetic_imd_forecast,True,1,SYNTHETIC_DEMO_DATA
2026-08-14T07:22:35.250415+00:00,19.07,72.88,0.49,0,synthetic_sensor,False,2,SYNTHETIC_DEMO_DATA
2026-08-15T07:22:35.250415+00:00,19.07,72.88,0.46,24,synthetic_imd_forecast,True,2,SYNTHETIC_DEMO_DATA
2026-08-16T07:22:35.250415+00:00,19.07,72.88,0.52,48,synthetic_imd_forecast,True,2,SYNTHETIC_DEMO_DATA
2026-08-17T07:22:35.250415+00:00,19.07,72.88,0.49,72,synthetic_imd_forecast,True,2,SYNTHETIC_DEMO_DATA
2026-08-14T07:22:35.250415+00:00,19.125,72.855,1.41,0,synthetic_sensor,False,3,SYNTHETIC_DEMO_DATA
2026-08-15T07:22:35.250415+00:00,19.125,72.855,1.37,24,synthetic_imd_forecast,True,3,SYNTHETIC_DEMO_DATA
2026-08-16T07:22:35.250415+00:00,19.125,72.855,1.39,48,synthetic_imd_forecast,True,3,SYNTHETIC_DEMO_DATA
2026-08-17T07:22:35.250415+00:00,19.125,72.855,1.53,72,synthetic_imd_forecast,True,3,SYNTHETIC_DEMO_DATA
2026-08-14T07:22:35.250415+00:00,19.04,72.86,6.68,0,synthetic_sensor,False,4,SYNTHETIC_DEMO_DATA
2026-08-15T07:22:35.250415+00:00,19.04,72.86,7.59,24,synthetic_imd_forecast,True,4,SYNTHETIC_DEMO_DATA
2026-08-16T07:22:35.250415+00:00,19.04,72.86,7.25,48,synthetic_imd_forecast,True,4,SYNTHETIC_DEMO_DATA
2026-08-17T07:22:35.250415+00:00,19.04,72.86,6.31,72,synthetic_imd_forecast,True,4,SYNTHETIC_DEMO_DATA
2026-08-14T08:22:35.250415+00:00,19.02,72.84,3.5,0,synthetic_sensor,False,1,SYNTHETIC_DEMO_DATA
2026-08-15T08:22:35.250415+00:00,19.02,72.84,3.43,24,synthetic_imd_forecast,True,1,SYNTHETIC_DEMO_DATA
2026-08-16T08:22:35.250415+00:00,19.02,72.84,3.24,48,synthetic_imd_forecast,True,1,SYNTHETIC_DEMO_DATA
2026-08-17T08:22:35.250415+00:00,19.02,72.84,3.86,72,synthetic_imd_forecast,True,1,SYNTHETIC_DEMO_DATA
2026-08-14T08:22:35.250415+00:00,19.07,72.88,0.12,0,synthetic_sensor,False,2,SYNTHETIC_DEMO_DATA
2026-08-15T08:22:35.250415+00:00,19.07,72.88,0.13,24,synthetic_imd_forecast,True,2,SYNTHETIC_DEMO_DATA
2026-08-16T08:22:35.250415+00:00,19.07,72.88,0.12,48,synthetic_imd_forecast,True,2,SYNTHETIC_DEMO_DATA
2026-08-17T08:22:35.250415+00:00,19.07,72.88,0.12,72,synthetic_imd_forecast,True,2,SYNTHETIC_DEMO_DATA
2026-08-14T08:22:35.250415+00:00,19.125,72.855,3.23,0,synthetic_sensor,False,3,SYNTHETIC_DEMO_DATA
2026-08-15T08:22:35.250415+00:00,19.125,72.855,3.61,24,synthetic_imd_forecast,True,3,SYNTHETIC_DEMO_DATA
2026-08-16T08:22:35.250415+00:00,19.125,72.855,3.36,48,synthetic_imd_forecast,True,3,SYNTHETIC_DEMO_DATA
2026-08-17T08:22:35.250415+00:00,19.125,72.855,3.34,72,synthetic_imd_forecast,True,3,SYNTHETIC_DEMO_DATA
2026-08-14T08:22:35.250415+00:00,19.04,72.86,0.21,0,synthetic_sensor,False,4,SYNTHETIC_DEMO_DATA
2026-08-15T08:22:35.250415+00:00,19.04,72.86,0.21,24,synthetic_imd_forecast,True,4,SYNTHETIC_DEMO_DATA
2026-08-16T08:22:35.250415+00:00,19.04,72.86,0.19,48,synthetic_imd_forecast,True,4,SYNTHETIC_DEMO_DATA
2026-08-17T08:22:35.250415+00:00,19.04,72.86,0.22,72,synthetic_imd_forecast,True,4,SYNTHETIC_DEMO_DATA
2026-08-14T09:22:35.250415+00:00,19.02,72.84,2.15,0,synthetic_sensor,False,1,SYNTHETIC_DEMO_DATA
2026-08-15T09:22:35.250415+00:00,19.02,72.84,2.27,24,synthetic_imd_forecast,True,1,SYNTHETIC_DEMO_DATA
2026-08-16T09:22:35.250415+00:00,19.02,72.84,1.85,48,synthetic_imd_forecast,True,1,SYNTHETIC_DEMO_DATA
2026-08-17T09:22:35.250415+00:00,19.02,72.84,1.88,72,synthetic_imd_forecast,True,1,SYNTHETIC_DEMO_DATA
2026-08-14T09:22:35.250415+00:00,19.07,72.88,3.78,0,synthetic_sensor,False,2,SYNTHETIC_DEMO_DATA
2026-08-15T09:22:35.250415+00:00,19.07,72.88,3.29,24,synthetic_imd_forecast,True,2,SYNTHETIC_DEMO_DATA
2026-08-16T09:22:35.250415+00:00,19.07,72.88,3.29,48,synthetic_imd_forecast,True,2,SYNTHETIC_DEMO_DATA
2026-08-17T09:22:35.250415+00:00,19.07,72.88,3.23,72,synthetic_imd_forecast,True,2,SYNTHETIC_DEMO_DATA
2026-08-14T09:22:35.250415+00:00,19.125,72.855,9.41,0,synthetic_sensor,False,3,SYNTHETIC_DEMO_DATA
2026-08-15T09:22:35.250415+00:00,19.125,72.855,10.08,24,synthetic_imd_forecast,True,3,SYNTHETIC_DEMO_DATA
2026-08-16T09:22:35.250415+00:00,19.125,72.855,9.0,48,synthetic_imd_forecast,True,3,SYNTHETIC_DEMO_DATA
2026-08-17T09:22:35.250415+00:00,19.125,72.855,8.84,72,synthetic_imd_forecast,True,3,SYNTHETIC_DEMO_DATA
2026-08-14T09:22:35.250415+00:00,19.04,72.86,1.29,0,synthetic_sensor,False,4,SYNTHETIC_DEMO_DATA
2026-08-15T09:22:35.250415+00:00,19.04,72.86,1.4,24,synthetic_imd_forecast,True,4,SYNTHETIC_DEMO_DATA
2026-08-16T09:22:35.250415+00:00,19.04,72.86,1.35,48,synthetic_imd_forecast,True,4,SYNTHETIC_DEMO_DATA
2026-08-17T09:22:35.250415+00:00,19.04,72.86,1.17,72,synthetic_imd_forecast,True,4,SYNTHETIC_DEMO_DATA
2026-08-14T10:22:35.250415+00:00,19.02,72.84,0.57,0,synthetic_sensor,False,1,SYNTHETIC_DEMO_DATA
2026-08-15T10:22:35.250415+00:00,19.02,72.84,0.5,24,synthetic_imd_forecast,True,1,SYNTHETIC_DEMO_DATA
2026-08-16T10:22:35.250415+00:00,19.02,72.84,0.6,48,synthetic_imd_forecast,True,1,SYNTHETIC_DEMO_DATA
2026-08-17T10:22:35.250415+00:00,19.02,72.84,0.62,72,synthetic_imd_forecast,True,1,SYNTHETIC_DEMO_DATA
2026-08-14T10:22:35.250415+00:00,19.07,72.88,0.92,0,synthetic_sensor,False,2,SYNTHETIC_DEMO_DATA
2026-08-15T10:22:35.250415+00:00,19.07,72.88,0.79,24,synthetic_imd_forecast,True,2,SYNTHETIC_DEMO_DATA
2026-08-16T10:22:35.250415+00:00,19.07,72.88,0.8,48,synthetic_imd_forecast,True,2,SYNTHETIC_DEMO_DATA
2026-08-17T10:22:35.250415+00:00,19.07,72.88,1.05,72,synthetic_imd_forecast,True,2,SYNTHETIC_DEMO_DATA
2026-08-14T10:22:35.250415+00:00,19.125,72.855,1.05,0,synthetic_sensor,False,3,SYNTHETIC_DEMO_DATA
2026-08-15T10:22:35.250415+00:00,19.125,72.855,1.13,24,synthetic_imd_forecast,True,3,SYNTHETIC_DEMO_DATA
2026-08-16T10:22:35.250415+00:00,19.125,72.855,1.09,48,synthetic_imd_forecast,True,3,SYNTHETIC_DEMO_DATA
2026-08-17T10:22:35.250415+00:00,19.125,72.855,1.01,72,synthetic_imd_forecast,True,3,SYNTHETIC_DEMO_DATA
2026-08-14T10:22:35.250415+00:00,19.04,72.86,0.69,0,synthetic_sensor,False,4,SYNTHETIC_DEMO_DATA
2026-08-15T10:22:35.250415+00:00,19.04,72.86,0.61,24,synthetic_imd_forecast,True,4,SYNTHETIC_DEMO_DATA
2026-08-16T10:22:35.250415+00:00,19.04,72.86,0.71,48,synthetic_imd_forecast,True,4,SYNTHETIC_DEMO_DATA
2026-08-17T10:22:35.250415+00:00,19.04,72.86,0.75,72,synthetic_imd_forecast,True,4,SYNTHETIC_DEMO_DATA
2026-08-14T11:22:35.250415+00:00,19.02,72.84,3.1,0,synthetic_sensor,False,1,SYNTHETIC_DEMO_DATA
2026-08-15T11:22:35.250415+00:00,19.02,72.84,3.13,24,synthetic_imd_forecast,True,1,SYNTHETIC_DEMO_DATA
2026-08-16T11:22:35.250415+00:00,19.02,72.84,2.67,48,synthetic_imd_forecast,True,1,SYNTHETIC_DEMO_DATA
2026-08-17T11:22:35.250415+00:00,19.02,72.84,3.54,72,synthetic_imd_forecast,True,1,SYNTHETIC_DEMO_DATA
2026-08-14T11:22:35.250415+00:00,19.07,72.88,4.81,0,synthetic_sensor,False,2,SYNTHETIC_DEMO_DATA
2026-08-15T11:22:35.250415+00:00,19.07,72.88,4.51,24,synthetic_imd_forecast,True,2,SYNTHETIC_DEMO_DATA
2026-08-16T11:22:35.250415+00:00,19.07,72.88,5.5,48,synthetic_imd_forecast,True,2,SYNTHETIC_DEMO_DATA
2026-08-17T11:22:35.250415+00:00,19.07,72.88,4.96,72,synthetic_imd_forecast,True,2,SYNTHETIC_DEMO_DATA
2026-08-14T11:22:35.250415+00:00,19.125,72.855,2.62,0,synthetic_sensor,False,3,SYNTHETIC_DEMO_DATA
2026-08-15T11:22:35.250415+00:00,19.125,72.855,2.81,24,synthetic_imd_forecast,True,3,SYNTHETIC_DEMO_DATA
2026-08-16T11:22:35.250415+00:00,19.125,72.855,2.87,48,synthetic_imd_forecast,True,3,SYNTHETIC_DEMO_DATA
2026-08-17T11:22:35.250415+00:00,19.125,72.855,2.74,72,synthetic_imd_forecast,True,3,SYNTHETIC_DEMO_DATA
2026-08-14T11:22:35.250415+00:00,19.04,72.86,0.41,0,synthetic_sensor,False,4,SYNTHETIC_DEMO_DATA
2026-08-15T11:22:35.250415+00:00,19.04,72.86,0.39,24,synthetic_imd_forecast,True,4,SYNTHETIC_DEMO_DATA
2026-08-16T11:22:35.250415+00:00,19.04,72.86,0.46,48,synthetic_imd_forecast,True,4,SYNTHETIC_DEMO_DATA
2026-08-17T11:22:35.250415+00:00,19.04,72.86,0.38,72,synthetic_imd_forecast,True,4,SYNTHETIC_DEMO_DATA
2026-08-14T12:22:35.250415+00:00,19.02,72.84,1.4,0,synthetic_sensor,False,1,SYNTHETIC_DEMO_DATA
2026-08-15T12:22:35.250415+00:00,19.02,72.84,1.37,24,synthetic_imd_forecast,True,1,SYNTHETIC_DEMO_DATA
2026-08-16T12:22:35.250415+00:00,19.02,72.84,1.37,48,synthetic_imd_forecast,True,1,SYNTHETIC_DEMO_DATA
2026-08-17T12:22:35.250415+00:00,19.02,72.84,1.45,72,synthetic_imd_forecast,True,1,SYNTHETIC_DEMO_DATA
2026-08-14T12:22:35.250415+00:00,19.07,72.88,8.6,0,synthetic_sensor,False,2,SYNTHETIC_DEMO_DATA
2026-08-15T12:22:35.250415+00:00,19.07,72.88,7.93,24,synthetic_imd_forecast,True,2,SYNTHETIC_DEMO_DATA
2026-08-16T12:22:35.250415+00:00,19.07,72.88,7.62,48,synthetic_imd_forecast,True,2,SYNTHETIC_DEMO_DATA
2026-08-17T12:22:35.250415+00:00,19.07,72.88,7.82,72,synthetic_imd_forecast,True,2,SYNTHETIC_DEMO_DATA
2026-08-14T12:22:35.250415+00:00,19.125,72.855,6.54,0,synthetic_sensor,False,3,SYNTHETIC_DEMO_DATA
2026-08-15T12:22:35.250415+00:00,19.125,72.855,6.83,24,synthetic_imd_forecast,True,3,SYNTHETIC_DEMO_DATA
2026-08-16T12:22:35.250415+00:00,19.125,72.855,6.12,48,synthetic_imd_forecast,True,3,SYNTHETIC_DEMO_DATA
2026-08-17T12:22:35.250415+00:00,19.125,72.855,7.16,72,synthetic_imd_forecast,True,3,SYNTHETIC_DEMO_DATA
2026-08-14T12:22:35.250415+00:00,19.04,72.86,5.93,0,synthetic_sensor,False,4,SYNTHETIC_DEMO_DATA
2026-08-15T12:22:35.250415+00:00,19.04,72.86,6.55,24,synthetic_imd_forecast,True,4,SYNTHETIC_DEMO_DATA
2026-08-16T12:22:35.250415+00:00,19.04,72.86,6.68,48,synthetic_imd_forecast,True,4,SYNTHETIC_DEMO_DATA
2026-08-17T12:22:35.250415+00:00,19.04,72.86,5.49,72,synthetic_imd_forecast,True,4,SYNTHETIC_DEMO_DATA
2026-08-14T13:22:35.250415+00:00,19.02,72.84,4.22,0,synthetic_sensor,False,1,SYNTHETIC_DEMO_DATA
2026-08-15T13:22:35.250415+00:00,19.02,72.84,4.17,24,synthetic_imd_forecast,True,1,SYNTHETIC_DEMO_DATA
2026-08-16T13:22:35.250415+00:00,19.02,72.84,4.65,48,synthetic_imd_forecast,True,1,SYNTHETIC_DEMO_DATA
2026-08-17T13:22:35.250415+00:00,19.02,72.84,4.51,72,synthetic_imd_forecast,True,1,SYNTHETIC_DEMO_DATA
2026-08-14T13:22:35.250415+00:00,19.07,72.88,4.49,0,synthetic_sensor,False,2,SYNTHETIC_DEMO_DATA
2026-08-15T13:22:35.250415+00:00,19.07,72.88,4.7,24,synthetic_imd_forecast,True,2,SYNTHETIC_DEMO_DATA
2026-08-16T13:22:35.250415+00:00,19.07,72.88,4.06,48,synthetic_imd_forecast,True,2,SYNTHETIC_DEMO_DATA
2026-08-17T13:22:35.250415+00:00,19.07,72.88,4.55,72,synthetic_imd_forecast,True,2,SYNTHETIC_DEMO_DATA
2026-08-14T13:22:35.250415+00:00,19.125,72.855,12.53,0,synthetic_sensor,False,3,SYNTHETIC_DEMO_DATA
2026-08-15T13:22:35.250415+00:00,19.125,72.855,14.17,24,synthetic_imd_forecast,True,3,SYNTHETIC_DEMO_DATA
2026-08-16T13:22:35.250415+00:00,19.125,72.855,10.81,48,synthetic_imd_forecast,True,3,SYNTHETIC_DEMO_DATA
2026-08-17T13:22:35.250415+00:00,19.125,72.855,11.27,72,synthetic_imd_forecast,True,3,SYNTHETIC_DEMO_DATA
2026-08-14T13:22:35.250415+00:00,19.04,72.86,0.42,0,synthetic_sensor,False,4,SYNTHETIC_DEMO_DATA
2026-08-15T13:22:35.250415+00:00,19.04,72.86,0.45,24,synthetic_imd_forecast,True,4,SYNTHETIC_DEMO_DATA
2026-08-16T13:22:35.250415+00:00,19.04,72.86,0.46,48,synthetic_imd_forecast,True,4,SYNTHETIC_DEMO_DATA
2026-08-17T13:22:35.250415+00:00,19.04,72.86,0.38,72,synthetic_imd_forecast,True,4,SYNTHETIC_DEMO_DATA
2026-08-14T14:22:35.250415+00:00,19.02,72.84,2.11,0,synthetic_sensor,False,1,SYNTHETIC_DEMO_DATA
2026-08-15T14:22:35.250415+00:00,19.02,72.84,2.33,24,synthetic_imd_forecast,True,1,SYNTHETIC_DEMO_DATA
2026-08-16T14:22:35.250415+00:00,19.02,72.84,2.26,48,synthetic_imd_forecast,True,1,SYNTHETIC_DEMO_DATA
2026-08-17T14:22:35.250415+00:00,19.02,72.84,2.14,72,synthetic_imd_forecast,True,1,SYNTHETIC_DEMO_DATA
2026-08-14T14:22:35.250415+00:00,19.07,72.88,2.68,0,synthetic_sensor,False,2,SYNTHETIC_DEMO_DATA
2026-08-15T14:22:35.250415+00:00,19.07,72.88,2.69,24,synthetic_imd_forecast,True,2,SYNTHETIC_DEMO_DATA
2026-08-16T14:22:35.250415+00:00,19.07,72.88,2.52,48,synthetic_imd_forecast,True,2,SYNTHETIC_DEMO_DATA
2026-08-17T14:22:35.250415+00:00,19.07,72.88,2.73,72,synthetic_imd_forecast,True,2,SYNTHETIC_DEMO_DATA
2026-08-14T14:22:35.250415+00:00,19.125,72.855,3.5,0,synthetic_sensor,False,3,SYNTHETIC_DEMO_DATA
2026-08-15T14:22:35.250415+00:00,19.125,72.855,3.89,24,synthetic_imd_forecast,True,3,SYNTHETIC_DEMO_DATA
2026-08-16T14:22:35.250415+00:00,19.125,72.855,3.64,48,synthetic_imd_forecast,True,3,SYNTHETIC_DEMO_DATA
2026-08-17T14:22:35.250415+00:00,19.125,72.855,3.77,72,synthetic_imd_forecast,True,3,SYNTHETIC_DEMO_DATA
2026-08-14T14:22:35.250415+00:00,19.04,72.86,0.52,0,synthetic_sensor,False,4,SYNTHETIC_DEMO_DATA
2026-08-15T14:22:35.250415+00:00,19.04,72.86,0.51,24,synthetic_imd_forecast,True,4,SYNTHETIC_DEMO_DATA
2026-08-16T14:22:35.250415+00:00,19.04,72.86,0.44,48,synthetic_imd_forecast,True,4,SYNTHETIC_DEMO_DATA
2026-08-17T14:22:35.250415+00:00,19.04,72.86,0.48,72,synthetic_imd_forecast,True,4,SYNTHETIC_DEMO_DATA
2026-08-14T15:22:35.250415+00:00,19.02,72.84,3.89,0,synthetic_sensor,False,1,SYNTHETIC_DEMO_DATA
2026-08-15T15:22:35.250415+00:00,19.02,72.84,4.46,24,synthetic_imd_forecast,True,1,SYNTHETIC_DEMO_DATA
2026-08-16T15:22:35.250415+00:00,19.02,72.84,3.42,48,synthetic_imd_forecast,True,1,SYNTHETIC_DEMO_DATA
2026-08-17T15:22:35.250415+00:00,19.02,72.84,3.78,72,synthetic_imd_forecast,True,1,SYNTHETIC_DEMO_DATA
2026-08-14T15:22:35.250415+00:00,19.07,72.88,4.83,0,synthetic_sensor,False,2,SYNTHETIC_DEMO_DATA
2026-08-15T15:22:35.250415+00:00,19.07,72.88,4.4,24,synthetic_imd_forecast,True,2,SYNTHETIC_DEMO_DATA
2026-08-16T15:22:35.250415+00:00,19.07,72.88,4.91,48,synthetic_imd_forecast,True,2,SYNTHETIC_DEMO_DATA
2026-08-17T15:22:35.250415+00:00,19.07,72.88,5.17,72,synthetic_imd_forecast,True,2,SYNTHETIC_DEMO_DATA
2026-08-14T15:22:35.250415+00:00,19.125,72.855,2.87,0,synthetic_sensor,False,3,SYNTHETIC_DEMO_DATA
2026-08-15T15:22:35.250415+00:00,19.125,72.855,2.6,24,synthetic_imd_forecast,True,3,SYNTHETIC_DEMO_DATA
2026-08-16T15:22:35.250415+00:00,19.125,72.855,2.75,48,synthetic_imd_forecast,True,3,SYNTHETIC_DEMO_DATA
2026-08-17T15:22:35.250415+00:00,19.125,72.855,3.11,72,synthetic_imd_forecast,True,3,SYNTHETIC_DEMO_DATA
2026-08-14T15:22:35.250415+00:00,19.04,72.86,2.42,0,synthetic_sensor,False,4,SYNTHETIC_DEMO_DATA
2026-08-15T15:22:35.250415+00:00,19.04,72.86,2.06,24,synthetic_imd_forecast,True,4,SYNTHETIC_DEMO_DATA
2026-08-16T15:22:35.250415+00:00,19.04,72.86,2.61,48,synthetic_imd_forecast,True,4,SYNTHETIC_DEMO_DATA
2026-08-17T15:22:35.250415+00:00,19.04,72.86,2.08,72,synthetic_imd_forecast,True,4,SYNTHETIC_DEMO_DATA
2026-08-14T16:22:35.250415+00:00,19.02,72.84,4.11,0,synthetic_sensor,False,1,SYNTHETIC_DEMO_DATA
2026-08-15T16:22:35.250415+00:00,19.02,72.84,3.74,24,synthetic_imd_forecast,True,1,SYNTHETIC_DEMO_DATA
2026-08-16T16:22:35.250415+00:00,19.02,72.84,4.67,48,synthetic_imd_forecast,True,1,SYNTHETIC_DEMO_DATA
2026-08-17T16:22:35.250415+00:00,19.02,72.84,3.95,72,synthetic_imd_forecast,True,1,SYNTHETIC_DEMO_DATA
2026-08-14T16:22:35.250415+00:00,19.07,72.88,1.19,0,synthetic_sensor,False,2,SYNTHETIC_DEMO_DATA
2026-08-15T16:22:35.250415+00:00,19.07,72.88,1.06,24,synthetic_imd_forecast,True,2,SYNTHETIC_DEMO_DATA
2026-08-16T16:22:35.250415+00:00,19.07,72.88,1.12,48,synthetic_imd_forecast,True,2,SYNTHETIC_DEMO_DATA
2026-08-17T16:22:35.250415+00:00,19.07,72.88,1.32,72,synthetic_imd_forecast,True,2,SYNTHETIC_DEMO_DATA
2026-08-14T16:22:35.250415+00:00,19.125,72.855,16.83,0,synthetic_sensor,False,3,SYNTHETIC_DEMO_DATA
2026-08-15T16:22:35.250415+00:00,19.125,72.855,16.17,24,synthetic_imd_forecast,True,3,SYNTHETIC_DEMO_DATA
2026-08-16T16:22:35.250415+00:00,19.125,72.855,16.57,48,synthetic_imd_forecast,True,3,SYNTHETIC_DEMO_DATA
2026-08-17T16:22:35.250415+00:00,19.125,72.855,17.95,72,synthetic_imd_forecast,True,3,SYNTHETIC_DEMO_DATA
2026-08-14T16:22:35.250415+00:00,19.04,72.86,6.52,0,synthetic_sensor,False,4,SYNTHETIC_DEMO_DATA
2026-08-15T16:22:35.250415+00:00,19.04,72.86,6.7,24,synthetic_imd_forecast,True,4,SYNTHETIC_DEMO_DATA
2026-08-16T16:22:35.250415+00:00,19.04,72.86,6.31,48,synthetic_imd_forecast,True,4,SYNTHETIC_DEMO_DATA
2026-08-17T16:22:35.250415+00:00,19.04,72.86,6.35,72,synthetic_imd_forecast,True,4,SYNTHETIC_DEMO_DATA
2026-08-14T17:22:35.250415+00:00,19.02,72.84,3.57,0,synthetic_sensor,False,1,SYNTHETIC_DEMO_DATA
2026-08-15T17:22:35.250415+00:00,19.02,72.84,3.04,24,synthetic_imd_forecast,True,1,SYNTHETIC_DEMO_DATA
2026-08-16T17:22:35.250415+00:00,19.02,72.84,3.7,48,synthetic_imd_forecast,True,1,SYNTHETIC_DEMO_DATA
2026-08-17T17:22:35.250415+00:00,19.02,72.84,3.42,72,synthetic_imd_forecast,True,1,SYNTHETIC_DEMO_DATA
2026-08-14T17:22:35.250415+00:00,19.07,72.88,4.74,0,synthetic_sensor,False,2,SYNTHETIC_DEMO_DATA
2026-08-15T17:22:35.250415+00:00,19.07,72.88,4.16,24,synthetic_imd_forecast,True,2,SYNTHETIC_DEMO_DATA
2026-08-16T17:22:35.250415+00:00,19.07,72.88,4.87,48,synthetic_imd_forecast,True,2,SYNTHETIC_DEMO_DATA
2026-08-17T17:22:35.250415+00:00,19.07,72.88,4.71,72,synthetic_imd_forecast,True,2,SYNTHETIC_DEMO_DATA
2026-08-14T17:22:35.250415+00:00,19.125,72.855,3.08,0,synthetic_sensor,False,3,SYNTHETIC_DEMO_DATA
2026-08-15T17:22:35.250415+00:00,19.125,72.855,2.68,24,synthetic_imd_forecast,True,3,SYNTHETIC_DEMO_DATA
2026-08-16T17:22:35.250415+00:00,19.125,72.855,3.15,48,synthetic_imd_forecast,True,3,SYNTHETIC_DEMO_DATA
2026-08-17T17:22:35.250415+00:00,19.125,72.855,3.14,72,synthetic_imd_forecast,True,3,SYNTHETIC_DEMO_DATA
2026-08-14T17:22:35.250415+00:00,19.04,72.86,2.47,0,synthetic_sensor,False,4,SYNTHETIC_DEMO_DATA
2026-08-15T17:22:35.250415+00:00,19.04,72.86,2.55,24,synthetic_imd_forecast,True,4,SYNTHETIC_DEMO_DATA
2026-08-16T17:22:35.250415+00:00,19.04,72.86,2.6,48,synthetic_imd_forecast,True,4,SYNTHETIC_DEMO_DATA
2026-08-17T17:22:35.250415+00:00,19.04,72.86,2.7,72,synthetic_imd_forecast,True,4,SYNTHETIC_DEMO_DATA
2026-08-14T18:22:35.250415+00:00,19.02,72.84,0.94,0,synthetic_sensor,False,1,SYNTHETIC_DEMO_DATA
2026-08-15T18:22:35.250415+00:00,19.02,72.84,1.03,24,synthetic_imd_forecast,True,1,SYNTHETIC_DEMO_DATA
2026-08-16T18:22:35.250415+00:00,19.02,72.84,0.94,48,synthetic_imd_forecast,True,1,SYNTHETIC_DEMO_DATA
2026-08-17T18:22:35.250415+00:00,19.02,72.84,0.82,72,synthetic_imd_forecast,True,1,SYNTHETIC_DEMO_DATA
2026-08-14T18:22:35.250415+00:00,19.07,72.88,0.18,0,synthetic_sensor,False,2,SYNTHETIC_DEMO_DATA
2026-08-15T18:22:35.250415+00:00,19.07,72.88,0.17,24,synthetic_imd_forecast,True,2,SYNTHETIC_DEMO_DATA
2026-08-16T18:22:35.250415+00:00,19.07,72.88,0.2,48,synthetic_imd_forecast,True,2,SYNTHETIC_DEMO_DATA
2026-08-17T18:22:35.250415+00:00,19.07,72.88,0.19,72,synthetic_imd_forecast,True,2,SYNTHETIC_DEMO_DATA
2026-08-14T18:22:35.250415+00:00,19.125,72.855,4.66,0,synthetic_sensor,False,3,SYNTHETIC_DEMO_DATA
2026-08-15T18:22:35.250415+00:00,19.125,72.855,4.68,24,synthetic_imd_forecast,True,3,SYNTHETIC_DEMO_DATA
2026-08-16T18:22:35.250415+00:00,19.125,72.855,4.58,48,synthetic_imd_forecast,True,3,SYNTHETIC_DEMO_DATA
2026-08-17T18:22:35.250415+00:00,19.125,72.855,4.17,72,synthetic_imd_forecast,True,3,SYNTHETIC_DEMO_DATA
2026-08-14T18:22:35.250415+00:00,19.04,72.86,1.19,0,synthetic_sensor,False,4,SYNTHETIC_DEMO_DATA
2026-08-15T18:22:35.250415+00:00,19.04,72.86,1.17,24,synthetic_imd_forecast,True,4,SYNTHETIC_DEMO_DATA
2026-08-16T18:22:35.250415+00:00,19.04,72.86,1.04,48,synthetic_imd_forecast,True,4,SYNTHETIC_DEMO_DATA
2026-08-17T18:22:35.250415+00:00,19.04,72.86,1.09,72,synthetic_imd_forecast,True,4,SYNTHETIC_DEMO_DATA
2026-08-14T19:22:35.250415+00:00,19.02,72.84,2.74,0,synthetic_sensor,False,1,SYNTHETIC_DEMO_DATA
2026-08-15T19:22:35.250415+00:00,19.02,72.84,2.93,24,synthetic_imd_forecast,True,1,SYNTHETIC_DEMO_DATA
2026-08-16T19:22:35.250415+00:00,19.02,72.84,3.15,48,synthetic_imd_forecast,True,1,SYNTHETIC_DEMO_DATA
2026-08-17T19:22:35.250415+00:00,19.02,72.84,3.1,72,synthetic_imd_forecast,True,1,SYNTHETIC_DEMO_DATA
2026-08-14T19:22:35.250415+00:00,19.07,72.88,3.09,0,synthetic_sensor,False,2,SYNTHETIC_DEMO_DATA
2026-08-15T19:22:35.250415+00:00,19.07,72.88,3.02,24,synthetic_imd_forecast,True,2,SYNTHETIC_DEMO_DATA
2026-08-16T19:22:35.250415+00:00,19.07,72.88,3.22,48,synthetic_imd_forecast,True,2,SYNTHETIC_DEMO_DATA
2026-08-17T19:22:35.250415+00:00,19.07,72.88,3.35,72,synthetic_imd_forecast,True,2,SYNTHETIC_DEMO_DATA
2026-08-14T19:22:35.250415+00:00,19.125,72.855,0.38,0,synthetic_sensor,False,3,SYNTHETIC_DEMO_DATA
2026-08-15T19:22:35.250415+00:00,19.125,72.855,0.37,24,synthetic_imd_forecast,True,3,SYNTHETIC_DEMO_DATA
2026-08-16T19:22:35.250415+00:00,19.125,72.855,0.42,48,synthetic_imd_forecast,True,3,SYNTHETIC_DEMO_DATA
2026-08-17T19:22:35.250415+00:00,19.125,72.855,0.37,72,synthetic_imd_forecast,True,3,SYNTHETIC_DEMO_DATA
2026-08-14T19:22:35.250415+00:00,19.04,72.86,2.55,0,synthetic_sensor,False,4,SYNTHETIC_DEMO_DATA
2026-08-15T19:22:35.250415+00:00,19.04,72.86,2.62,24,synthetic_imd_forecast,True,4,SYNTHETIC_DEMO_DATA
2026-08-16T19:22:35.250415+00:00,19.04,72.86,2.31,48,synthetic_imd_forecast,True,4,SYNTHETIC_DEMO_DATA
2026-08-17T19:22:35.250415+00:00,19.04,72.86,2.44,72,synthetic_imd_forecast,True,4,SYNTHETIC_DEMO_DATA
2026-08-14T20:22:35.250415+00:00,19.02,72.84,1.22,0,synthetic_sensor,False,1,SYNTHETIC_DEMO_DATA
2026-08-15T20:22:35.250415+00:00,19.02,72.84,1.05,24,synthetic_imd_forecast,True,1,SYNTHETIC_DEMO_DATA
2026-08-16T20:22:35.250415+00:00,19.02,72.84,1.05,48,synthetic_imd_forecast,True,1,SYNTHETIC_DEMO_DATA
2026-08-17T20:22:35.250415+00:00,19.02,72.84,1.34,72,synthetic_imd_forecast,True,1,SYNTHETIC_DEMO_DATA
2026-08-14T20:22:35.250415+00:00,19.07,72.88,0.96,0,synthetic_sensor,False,2,SYNTHETIC_DEMO_DATA
2026-08-15T20:22:35.250415+00:00,19.07,72.88,0.97,24,synthetic_imd_forecast,True,2,SYNTHETIC_DEMO_DATA
2026-08-16T20:22:35.250415+00:00,19.07,72.88,0.9,48,synthetic_imd_forecast,True,2,SYNTHETIC_DEMO_DATA
2026-08-17T20:22:35.250415+00:00,19.07,72.88,1.09,72,synthetic_imd_forecast,True,2,SYNTHETIC_DEMO_DATA
2026-08-14T20:22:35.250415+00:00,19.125,72.855,0.9,0,synthetic_sensor,False,3,SYNTHETIC_DEMO_DATA
2026-08-15T20:22:35.250415+00:00,19.125,72.855,0.88,24,synthetic_imd_forecast,True,3,SYNTHETIC_DEMO_DATA
2026-08-16T20:22:35.250415+00:00,19.125,72.855,1.0,48,synthetic_imd_forecast,True,3,SYNTHETIC_DEMO_DATA
2026-08-17T20:22:35.250415+00:00,19.125,72.855,0.99,72,synthetic_imd_forecast,True,3,SYNTHETIC_DEMO_DATA
2026-08-14T20:22:35.250415+00:00,19.04,72.86,0.62,0,synthetic_sensor,False,4,SYNTHETIC_DEMO_DATA
2026-08-15T20:22:35.250415+00:00,19.04,72.86,0.68,24,synthetic_imd_forecast,True,4,SYNTHETIC_DEMO_DATA
2026-08-16T20:22:35.250415+00:00,19.04,72.86,0.61,48,synthetic_imd_forecast,True,4,SYNTHETIC_DEMO_DATA
2026-08-17T20:22:35.250415+00:00,19.04,72.86,0.62,72,synthetic_imd_forecast,True,4,SYNTHETIC_DEMO_DATA
2026-08-14T21:22:35.250415+00:00,19.02,72.84,0.43,0,synthetic_sensor,False,1,SYNTHETIC_DEMO_DATA
2026-08-15T21:22:35.250415+00:00,19.02,72.84,0.38,24,synthetic_imd_forecast,True,1,SYNTHETIC_DEMO_DATA
2026-08-16T21:22:35.250415+00:00,19.02,72.84,0.46,48,synthetic_imd_forecast,True,1,SYNTHETIC_DEMO_DATA
2026-08-17T21:22:35.250415+00:00,19.02,72.84,0.43,72,synthetic_imd_forecast,True,1,SYNTHETIC_DEMO_DATA
2026-08-14T21:22:35.250415+00:00,19.07,72.88,1.72,0,synthetic_sensor,False,2,SYNTHETIC_DEMO_DATA
2026-08-15T21:22:35.250415+00:00,19.07,72.88,1.84,24,synthetic_imd_forecast,True,2,SYNTHETIC_DEMO_DATA
2026-08-16T21:22:35.250415+00:00,19.07,72.88,1.86,48,synthetic_imd_forecast,True,2,SYNTHETIC_DEMO_DATA
2026-08-17T21:22:35.250415+00:00,19.07,72.88,1.54,72,synthetic_imd_forecast,True,2,SYNTHETIC_DEMO_DATA
2026-08-14T21:22:35.250415+00:00,19.125,72.855,2.83,0,synthetic_sensor,False,3,SYNTHETIC_DEMO_DATA
2026-08-15T21:22:35.250415+00:00,19.125,72.855,2.52,24,synthetic_imd_forecast,True,3,SYNTHETIC_DEMO_DATA
2026-08-16T21:22:35.250415+00:00,19.125,72.855,3.04,48,synthetic_imd_forecast,True,3,SYNTHETIC_DEMO_DATA
2026-08-17T21:22:35.250415+00:00,19.125,72.855,2.96,72,synthetic_imd_forecast,True,3,SYNTHETIC_DEMO_DATA
2026-08-14T21:22:35.250415+00:00,19.04,72.86,9.41,0,synthetic_sensor,False,4,SYNTHETIC_DEMO_DATA
2026-08-15T21:22:35.250415+00:00,19.04,72.86,8.19,24,synthetic_imd_forecast,True,4,SYNTHETIC_DEMO_DATA
2026-08-16T21:22:35.250415+00:00,19.04,72.86,8.16,48,synthetic_imd_forecast,True,4,SYNTHETIC_DEMO_DATA
2026-08-17T21:22:35.250415+00:00,19.04,72.86,8.8,72,synthetic_imd_forecast,True,4,SYNTHETIC_DEMO_DATA
2026-08-14T22:22:35.250415+00:00,19.02,72.84,0.91,0,synthetic_sensor,False,1,SYNTHETIC_DEMO_DATA
2026-08-15T22:22:35.250415+00:00,19.02,72.84,0.84,24,synthetic_imd_forecast,True,1,SYNTHETIC_DEMO_DATA
2026-08-16T22:22:35.250415+00:00,19.02,72.84,1.02,48,synthetic_imd_forecast,True,1,SYNTHETIC_DEMO_DATA
2026-08-17T22:22:35.250415+00:00,19.02,72.84,0.84,72,synthetic_imd_forecast,True,1,SYNTHETIC_DEMO_DATA
2026-08-14T22:22:35.250415+00:00,19.07,72.88,0.95,0,synthetic_sensor,False,2,SYNTHETIC_DEMO_DATA
2026-08-15T22:22:35.250415+00:00,19.07,72.88,1.02,24,synthetic_imd_forecast,True,2,SYNTHETIC_DEMO_DATA
2026-08-16T22:22:35.250415+00:00,19.07,72.88,0.94,48,synthetic_imd_forecast,True,2,SYNTHETIC_DEMO_DATA
2026-08-17T22:22:35.250415+00:00,19.07,72.88,1.03,72,synthetic_imd_forecast,True,2,SYNTHETIC_DEMO_DATA
2026-08-14T22:22:35.250415+00:00,19.125,72.855,0.2,0,synthetic_sensor,False,3,SYNTHETIC_DEMO_DATA
2026-08-15T22:22:35.250415+00:00,19.125,72.855,0.2,24,synthetic_imd_forecast,True,3,SYNTHETIC_DEMO_DATA
2026-08-16T22:22:35.250415+00:00,19.125,72.855,0.17,48,synthetic_imd_forecast,True,3,SYNTHETIC_DEMO_DATA
2026-08-17T22:22:35.250415+00:00,19.125,72.855,0.17,72,synthetic_imd_forecast,True,3,SYNTHETIC_DEMO_DATA
2026-08-14T22:22:35.250415+00:00,19.04,72.86,7.11,0,synthetic_sensor,False,4,SYNTHETIC_DEMO_DATA
2026-08-15T22:22:35.250415+00:00,19.04,72.86,6.34,24,synthetic_imd_forecast,True,4,SYNTHETIC_DEMO_DATA
2026-08-16T22:22:35.250415+00:00,19.04,72.86,7.18,48,synthetic_imd_forecast,True,4,SYNTHETIC_DEMO_DATA
2026-08-17T22:22:35.250415+00:00,19.04,72.86,6.92,72,synthetic_imd_forecast,True,4,SYNTHETIC_DEMO_DATA
2026-08-14T23:22:35.250415+00:00,19.02,72.84,1.28,0,synthetic_sensor,False,1,SYNTHETIC_DEMO_DATA
2026-08-15T23:22:35.250415+00:00,19.02,72.84,1.43,24,synthetic_imd_forecast,True,1,SYNTHETIC_DEMO_DATA
2026-08-16T23:22:35.250415+00:00,19.02,72.84,1.1,48,synthetic_imd_forecast,True,1,SYNTHETIC_DEMO_DATA
2026-08-17T23:22:35.250415+00:00,19.02,72.84,1.34,72,synthetic_imd_forecast,True,1,SYNTHETIC_DEMO_DATA
2026-08-14T23:22:35.250415+00:00,19.07,72.88,9.92,0,synthetic_sensor,False,2,SYNTHETIC_DEMO_DATA
2026-08-15T23:22:35.250415+00:00,19.07,72.88,10.1,24,synthetic_imd_forecast,True,2,SYNTHETIC_DEMO_DATA
2026-08-16T23:22:35.250415+00:00,19.07,72.88,11.22,48,synthetic_imd_forecast,True,2,SYNTHETIC_DEMO_DATA
2026-08-17T23:22:35.250415+00:00,19.07,72.88,8.59,72,synthetic_imd_forecast,True,2,SYNTHETIC_DEMO_DATA
2026-08-14T23:22:35.250415+00:00,19.125,72.855,1.63,0,synthetic_sensor,False,3,SYNTHETIC_DEMO_DATA
2026-08-15T23:22:35.250415+00:00,19.125,72.855,1.51,24,synthetic_imd_forecast,True,3,SYNTHETIC_DEMO_DATA
2026-08-16T23:22:35.250415+00:00,19.125,72.855,1.74,48,synthetic_imd_forecast,True,3,SYNTHETIC_DEMO_DATA
2026-08-17T23:22:35.250415+00:00,19.125,72.855,1.87,72,synthetic_imd_forecast,True,3,SYNTHETIC_DEMO_DATA
2026-08-14T23:22:35.250415+00:00,19.04,72.86,0.89,0,synthetic_sensor,False,4,SYNTHETIC_DEMO_DATA
2026-08-15T23:22:35.250415+00:00,19.04,72.86,0.93,24,synthetic_imd_forecast,True,4,SYNTHETIC_DEMO_DATA
2026-08-16T23:22:35.250415+00:00,19.04,72.86,0.81,48,synthetic_imd_forecast,True,4,SYNTHETIC_DEMO_DATA
2026-08-17T23:22:35.250415+00:00,19.04,72.86,0.91,72,synthetic_imd_forecast,True,4,SYNTHETIC_DEMO_DATA
2026-08-15T00:22:35.250415+00:00,19.02,72.84,1.87,0,synthetic_sensor,False,1,SYNTHETIC_DEMO_DATA
2026-08-16T00:22:35.250415+00:00,19.02,72.84,2.13,24,synthetic_imd_forecast,True,1,SYNTHETIC_DEMO_DATA
2026-08-17T00:22:35.250415+00:00,19.02,72.84,1.93,48,synthetic_imd_forecast,True,1,SYNTHETIC_DEMO_DATA
2026-08-18T00:22:35.250415+00:00,19.02,72.84,1.79,72,synthetic_imd_forecast,True,1,SYNTHETIC_DEMO_DATA
2026-08-15T00:22:35.250415+00:00,19.07,72.88,0.36,0,synthetic_sensor,False,2,SYNTHETIC_DEMO_DATA
2026-08-16T00:22:35.250415+00:00,19.07,72.88,0.32,24,synthetic_imd_forecast,True,2,SYNTHETIC_DEMO_DATA
2026-08-17T00:22:35.250415+00:00,19.07,72.88,0.33,48,synthetic_imd_forecast,True,2,SYNTHETIC_DEMO_DATA
2026-08-18T00:22:35.250415+00:00,19.07,72.88,0.33,72,synthetic_imd_forecast,True,2,SYNTHETIC_DEMO_DATA
2026-08-15T00:22:35.250415+00:00,19.125,72.855,5.7,0,synthetic_sensor,False,3,SYNTHETIC_DEMO_DATA
2026-08-16T00:22:35.250415+00:00,19.125,72.855,5.8,24,synthetic_imd_forecast,True,3,SYNTHETIC_DEMO_DATA
2026-08-17T00:22:35.250415+00:00,19.125,72.855,5.74,48,synthetic_imd_forecast,True,3,SYNTHETIC_DEMO_DATA
2026-08-18T00:22:35.250415+00:00,19.125,72.855,5.04,72,synthetic_imd_forecast,True,3,SYNTHETIC_DEMO_DATA
2026-08-15T00:22:35.250415+00:00,19.04,72.86,5.9,0,synthetic_sensor,False,4,SYNTHETIC_DEMO_DATA
2026-08-16T00:22:35.250415+00:00,19.04,72.86,6.29,24,synthetic_imd_forecast,True,4,SYNTHETIC_DEMO_DATA
2026-08-17T00:22:35.250415+00:00,19.04,72.86,5.13,48,synthetic_imd_forecast,True,4,SYNTHETIC_DEMO_DATA
2026-08-18T00:22:35.250415+00:00,19.04,72.86,6.27,72,synthetic_imd_forecast,True,4,SYNTHETIC_DEMO_DATA
2026-08-15T01:22:35.250415+00:00,19.02,72.84,2.35,0,synthetic_sensor,False,1,SYNTHETIC_DEMO_DATA
2026-08-16T01:22:35.250415+00:00,19.02,72.84,2.06,24,synthetic_imd_forecast,True,1,SYNTHETIC_DEMO_DATA
2026-08-17T01:22:35.250415+00:00,19.02,72.84,2.32,48,synthetic_imd_forecast,True,1,SYNTHETIC_DEMO_DATA
2026-08-18T01:22:35.250415+00:00,19.02,72.84,2.34,72,synthetic_imd_forecast,True,1,SYNTHETIC_DEMO_DATA
2026-08-15T01:22:35.250415+00:00,19.07,72.88,0.54,0,synthetic_sensor,False,2,SYNTHETIC_DEMO_DATA
2026-08-16T01:22:35.250415+00:00,19.07,72.88,0.61,24,synthetic_imd_forecast,True,2,SYNTHETIC_DEMO_DATA
2026-08-17T01:22:35.250415+00:00,19.07,72.88,0.6,48,synthetic_imd_forecast,True,2,SYNTHETIC_DEMO_DATA
2026-08-18T01:22:35.250415+00:00,19.07,72.88,0.57,72,synthetic_imd_forecast,True,2,SYNTHETIC_DEMO_DATA
2026-08-15T01:22:35.250415+00:00,19.125,72.855,1.86,0,synthetic_sensor,False,3,SYNTHETIC_DEMO_DATA
2026-08-16T01:22:35.250415+00:00,19.125,72.855,1.81,24,synthetic_imd_forecast,True,3,SYNTHETIC_DEMO_DATA
2026-08-17T01:22:35.250415+00:00,19.125,72.855,1.94,48,synthetic_imd_forecast,True,3,SYNTHETIC_DEMO_DATA
2026-08-18T01:22:35.250415+00:00,19.125,72.855,1.89,72,synthetic_imd_forecast,True,3,SYNTHETIC_DEMO_DATA
2026-08-15T01:22:35.250415+00:00,19.04,72.86,0.19,0,synthetic_sensor,False,4,SYNTHETIC_DEMO_DATA
2026-08-16T01:22:35.250415+00:00,19.04,72.86,0.19,24,synthetic_imd_forecast,True,4,SYNTHETIC_DEMO_DATA
2026-08-17T01:22:35.250415+00:00,19.04,72.86,0.21,48,synthetic_imd_forecast,True,4,SYNTHETIC_DEMO_DATA
2026-08-18T01:22:35.250415+00:00,19.04,72.86,0.19,72,synthetic_imd_forecast,True,4,SYNTHETIC_DEMO_DATA
2026-08-15T02:22:35.250415+00:00,19.02,72.84,0.16,0,synthetic_sensor,False,1,SYNTHETIC_DEMO_DATA
2026-08-16T02:22:35.250415+00:00,19.02,72.84,0.17,24,synthetic_imd_forecast,True,1,SYNTHETIC_DEMO_DATA
2026-08-17T02:22:35.250415+00:00,19.02,72.84,0.15,48,synthetic_imd_forecast,True,1,SYNTHETIC_DEMO_DATA
2026-08-18T02:22:35.250415+00:00,19.02,72.84,0.15,72,synthetic_imd_forecast,True,1,SYNTHETIC_DEMO_DATA
2026-08-15T02:22:35.250415+00:00,19.07,72.88,0.54,0,synthetic_sensor,False,2,SYNTHETIC_DEMO_DATA
2026-08-16T02:22:35.250415+00:00,19.07,72.88,0.51,24,synthetic_imd_forecast,True,2,SYNTHETIC_DEMO_DATA
2026-08-17T02:22:35.250415+00:00,19.07,72.88,0.58,48,synthetic_imd_forecast,True,2,SYNTHETIC_DEMO_DATA
2026-08-18T02:22:35.250415+00:00,19.07,72.88,0.54,72,synthetic_imd_forecast,True,2,SYNTHETIC_DEMO_DATA
2026-08-15T02:22:35.250415+00:00,19.125,72.855,0.69,0,synthetic_sensor,False,3,SYNTHETIC_DEMO_DATA
2026-08-16T02:22:35.250415+00:00,19.125,72.855,0.77,24,synthetic_imd_forecast,True,3,SYNTHETIC_DEMO_DATA
2026-08-17T02:22:35.250415+00:00,19.125,72.855,0.77,48,synthetic_imd_forecast,True,3,SYNTHETIC_DEMO_DATA
2026-08-18T02:22:35.250415+00:00,19.125,72.855,0.77,72,synthetic_imd_forecast,True,3,SYNTHETIC_DEMO_DATA
2026-08-15T02:22:35.250415+00:00,19.04,72.86,0.82,0,synthetic_sensor,False,4,SYNTHETIC_DEMO_DATA
2026-08-16T02:22:35.250415+00:00,19.04,72.86,0.81,24,synthetic_imd_forecast,True,4,SYNTHETIC_DEMO_DATA
2026-08-17T02:22:35.250415+00:00,19.04,72.86,0.94,48,synthetic_imd_forecast,True,4,SYNTHETIC_DEMO_DATA
2026-08-18T02:22:35.250415+00:00,19.04,72.86,0.89,72,synthetic_imd_forecast,True,4,SYNTHETIC_DEMO_DATA
2026-08-15T03:22:35.250415+00:00,19.02,72.84,0.08,0,synthetic_sensor,False,1,SYNTHETIC_DEMO_DATA
2026-08-16T03:22:35.250415+00:00,19.02,72.84,0.07,24,synthetic_imd_forecast,True,1,SYNTHETIC_DEMO_DATA
2026-08-17T03:22:35.250415+00:00,19.02,72.84,0.08,48,synthetic_imd_forecast,True,1,SYNTHETIC_DEMO_DATA
2026-08-18T03:22:35.250415+00:00,19.02,72.84,0.09,72,synthetic_imd_forecast,True,1,SYNTHETIC_DEMO_DATA
2026-08-15T03:22:35.250415+00:00,19.07,72.88,2.32,0,synthetic_sensor,False,2,SYNTHETIC_DEMO_DATA
2026-08-16T03:22:35.250415+00:00,19.07,72.88,2.32,24,synthetic_imd_forecast,True,2,SYNTHETIC_DEMO_DATA
2026-08-17T03:22:35.250415+00:00,19.07,72.88,2.05,48,synthetic_imd_forecast,True,2,SYNTHETIC_DEMO_DATA
2026-08-18T03:22:35.250415+00:00,19.07,72.88,2.43,72,synthetic_imd_forecast,True,2,SYNTHETIC_DEMO_DATA
2026-08-15T03:22:35.250415+00:00,19.125,72.855,5.18,0,synthetic_sensor,False,3,SYNTHETIC_DEMO_DATA
2026-08-16T03:22:35.250415+00:00,19.125,72.855,4.99,24,synthetic_imd_forecast,True,3,SYNTHETIC_DEMO_DATA
2026-08-17T03:22:35.250415+00:00,19.125,72.855,5.61,48,synthetic_imd_forecast,True,3,SYNTHETIC_DEMO_DATA
2026-08-18T03:22:35.250415+00:00,19.125,72.855,5.9,72,synthetic_imd_forecast,True,3,SYNTHETIC_DEMO_DATA
2026-08-15T03:22:35.250415+00:00,19.04,72.86,0.68,0,synthetic_sensor,False,4,SYNTHETIC_DEMO_DATA
2026-08-16T03:22:35.250415+00:00,19.04,72.86,0.68,24,synthetic_imd_forecast,True,4,SYNTHETIC_DEMO_DATA
2026-08-17T03:22:35.250415+00:00,19.04,72.86,0.64,48,synthetic_imd_forecast,True,4,SYNTHETIC_DEMO_DATA
2026-08-18T03:22:35.250415+00:00,19.04,72.86,0.74,72,synthetic_imd_forecast,True,4,SYNTHETIC_DEMO_DATA
2026-08-15T04:22:35.250415+00:00,19.02,72.84,2.59,0,synthetic_sensor,False,1,SYNTHETIC_DEMO_DATA
2026-08-16T04:22:35.250415+00:00,19.02,72.84,2.69,24,synthetic_imd_forecast,True,1,SYNTHETIC_DEMO_DATA
2026-08-17T04:22:35.250415+00:00,19.02,72.84,2.82,48,synthetic_imd_forecast,True,1,SYNTHETIC_DEMO_DATA
2026-08-18T04:22:35.250415+00:00,19.02,72.84,2.51,72,synthetic_imd_forecast,True,1,SYNTHETIC_DEMO_DATA
2026-08-15T04:22:35.250415+00:00,19.07,72.88,7.4,0,synthetic_sensor,False,2,SYNTHETIC_DEMO_DATA
2026-08-16T04:22:35.250415+00:00,19.07,72.88,7.47,24,synthetic_imd_forecast,True,2,SYNTHETIC_DEMO_DATA
2026-08-17T04:22:35.250415+00:00,19.07,72.88,6.64,48,synthetic_imd_forecast,True,2,SYNTHETIC_DEMO_DATA
2026-08-18T04:22:35.250415+00:00,19.07,72.88,7.83,72,synthetic_imd_forecast,True,2,SYNTHETIC_DEMO_DATA
2026-08-15T04:22:35.250415+00:00,19.125,72.855,4.73,0,synthetic_sensor,False,3,SYNTHETIC_DEMO_DATA
2026-08-16T04:22:35.250415+00:00,19.125,72.855,4.47,24,synthetic_imd_forecast,True,3,SYNTHETIC_DEMO_DATA
2026-08-17T04:22:35.250415+00:00,19.125,72.855,5.24,48,synthetic_imd_forecast,True,3,SYNTHETIC_DEMO_DATA
2026-08-18T04:22:35.250415+00:00,19.125,72.855,5.31,72,synthetic_imd_forecast,True,3,SYNTHETIC_DEMO_DATA
2026-08-15T04:22:35.250415+00:00,19.04,72.86,0.97,0,synthetic_sensor,False,4,SYNTHETIC_DEMO_DATA
2026-08-16T04:22:35.250415+00:00,19.04,72.86,1.11,24,synthetic_imd_forecast,True,4,SYNTHETIC_DEMO_DATA
2026-08-17T04:22:35.250415+00:00,19.04,72.86,0.87,48,synthetic_imd_forecast,True,4,SYNTHETIC_DEMO_DATA
2026-08-18T04:22:35.250415+00:00,19.04,72.86,0.88,72,synthetic_imd_forecast,True,4,SYNTHETIC_DEMO_DATA
2026-08-15T05:22:35.250415+00:00,19.02,72.84,0.61,0,synthetic_sensor,False,1,SYNTHETIC_DEMO_DATA
2026-08-16T05:22:35.250415+00:00,19.02,72.84,0.68,24,synthetic_imd_forecast,True,1,SYNTHETIC_DEMO_DATA
2026-08-17T05:22:35.250415+00:00,19.02,72.84,0.64,48,synthetic_imd_forecast,True,1,SYNTHETIC_DEMO_DATA
2026-08-18T05:22:35.250415+00:00,19.02,72.84,0.55,72,synthetic_imd_forecast,True,1,SYNTHETIC_DEMO_DATA
2026-08-15T05:22:35.250415+00:00,19.07,72.88,1.74,0,synthetic_sensor,False,2,SYNTHETIC_DEMO_DATA
2026-08-16T05:22:35.250415+00:00,19.07,72.88,1.8,24,synthetic_imd_forecast,True,2,SYNTHETIC_DEMO_DATA
2026-08-17T05:22:35.250415+00:00,19.07,72.88,1.52,48,synthetic_imd_forecast,True,2,SYNTHETIC_DEMO_DATA
2026-08-18T05:22:35.250415+00:00,19.07,72.88,1.94,72,synthetic_imd_forecast,True,2,SYNTHETIC_DEMO_DATA
2026-08-15T05:22:35.250415+00:00,19.125,72.855,4.88,0,synthetic_sensor,False,3,SYNTHETIC_DEMO_DATA
2026-08-16T05:22:35.250415+00:00,19.125,72.855,4.89,24,synthetic_imd_forecast,True,3,SYNTHETIC_DEMO_DATA
2026-08-17T05:22:35.250415+00:00,19.125,72.855,5.56,48,synthetic_imd_forecast,True,3,SYNTHETIC_DEMO_DATA
2026-08-18T05:22:35.250415+00:00,19.125,72.855,4.76,72,synthetic_imd_forecast,True,3,SYNTHETIC_DEMO_DATA
2026-08-15T05:22:35.250415+00:00,19.04,72.86,12.43,0,synthetic_sensor,False,4,SYNTHETIC_DEMO_DATA
2026-08-16T05:22:35.250415+00:00,19.04,72.86,13.06,24,synthetic_imd_forecast,True,4,SYNTHETIC_DEMO_DATA
2026-08-17T05:22:35.250415+00:00,19.04,72.86,12.93,48,synthetic_imd_forecast,True,4,SYNTHETIC_DEMO_DATA
2026-08-18T05:22:35.250415+00:00,19.04,72.86,11.18,72,synthetic_imd_forecast,True,4,SYNTHETIC_DEMO_DATA
2026-08-15T06:22:35.250415+00:00,19.02,72.84,6.41,0,synthetic_sensor,False,1,SYNTHETIC_DEMO_DATA
2026-08-16T06:22:35.250415+00:00,19.02,72.84,6.27,24,synthetic_imd_forecast,True,1,SYNTHETIC_DEMO_DATA
2026-08-17T06:22:35.250415+00:00,19.02,72.84,5.76,48,synthetic_imd_forecast,True,1,SYNTHETIC_DEMO_DATA
2026-08-18T06:22:35.250415+00:00,19.02,72.84,5.47,72,synthetic_imd_forecast,True,1,SYNTHETIC_DEMO_DATA
2026-08-15T06:22:35.250415+00:00,19.07,72.88,2.46,0,synthetic_sensor,False,2,SYNTHETIC_DEMO_DATA
2026-08-16T06:22:35.250415+00:00,19.07,72.88,2.48,24,synthetic_imd_forecast,True,2,SYNTHETIC_DEMO_DATA
2026-08-17T06:22:35.250415+00:00,19.07,72.88,2.62,48,synthetic_imd_forecast,True,2,SYNTHETIC_DEMO_DATA
2026-08-18T06:22:35.250415+00:00,19.07,72.88,2.75,72,synthetic_imd_forecast,True,2,SYNTHETIC_DEMO_DATA
2026-08-15T06:22:35.250415+00:00,19.125,72.855,0.25,0,synthetic_sensor,False,3,SYNTHETIC_DEMO_DATA
2026-08-16T06:22:35.250415+00:00,19.125,72.855,0.27,24,synthetic_imd_forecast,True,3,SYNTHETIC_DEMO_DATA
2026-08-17T06:22:35.250415+00:00,19.125,72.855,0.23,48,synthetic_imd_forecast,True,3,SYNTHETIC_DEMO_DATA
2026-08-18T06:22:35.250415+00:00,19.125,72.855,0.28,72,synthetic_imd_forecast,True,3,SYNTHETIC_DEMO_DATA
2026-08-15T06:22:35.250415+00:00,19.04,72.86,5.13,0,synthetic_sensor,False,4,SYNTHETIC_DEMO_DATA
2026-08-16T06:22:35.250415+00:00,19.04,72.86,5.19,24,synthetic_imd_forecast,True,4,SYNTHETIC_DEMO_DATA
2026-08-17T06:22:35.250415+00:00,19.04,72.86,5.45,48,synthetic_imd_forecast,True,4,SYNTHETIC_DEMO_DATA
2026-08-18T06:22:35.250415+00:00,19.04,72.86,4.84,72,synthetic_imd_forecast,True,4,SYNTHETIC_DEMO_DATA
2026-08-15T07:22:35.250415+00:00,19.02,72.84,1.91,0,synthetic_sensor,False,1,SYNTHETIC_DEMO_DATA
2026-08-16T07:22:35.250415+00:00,19.02,72.84,2.09,24,synthetic_imd_forecast,True,1,SYNTHETIC_DEMO_DATA
2026-08-17T07:22:35.250415+00:00,19.02,72.84,1.89,48,synthetic_imd_forecast,True,1,SYNTHETIC_DEMO_DATA
2026-08-18T07:22:35.250415+00:00,19.02,72.84,1.83,72,synthetic_imd_forecast,True,1,SYNTHETIC_DEMO_DATA
2026-08-15T07:22:35.250415+00:00,19.07,72.88,2.04,0,synthetic_sensor,False,2,SYNTHETIC_DEMO_DATA
2026-08-16T07:22:35.250415+00:00,19.07,72.88,2.24,24,synthetic_imd_forecast,True,2,SYNTHETIC_DEMO_DATA
2026-08-17T07:22:35.250415+00:00,19.07,72.88,1.94,48,synthetic_imd_forecast,True,2,SYNTHETIC_DEMO_DATA
2026-08-18T07:22:35.250415+00:00,19.07,72.88,1.84,72,synthetic_imd_forecast,True,2,SYNTHETIC_DEMO_DATA
2026-08-15T07:22:35.250415+00:00,19.125,72.855,3.73,0,synthetic_sensor,False,3,SYNTHETIC_DEMO_DATA
2026-08-16T07:22:35.250415+00:00,19.125,72.855,4.09,24,synthetic_imd_forecast,True,3,SYNTHETIC_DEMO_DATA
2026-08-17T07:22:35.250415+00:00,19.125,72.855,3.28,48,synthetic_imd_forecast,True,3,SYNTHETIC_DEMO_DATA
2026-08-18T07:22:35.250415+00:00,19.125,72.855,3.44,72,synthetic_imd_forecast,True,3,SYNTHETIC_DEMO_DATA
2026-08-15T07:22:35.250415+00:00,19.04,72.86,0.46,0,synthetic_sensor,False,4,SYNTHETIC_DEMO_DATA
2026-08-16T07:22:35.250415+00:00,19.04,72.86,0.44,24,synthetic_imd_forecast,True,4,SYNTHETIC_DEMO_DATA
2026-08-17T07:22:35.250415+00:00,19.04,72.86,0.45,48,synthetic_imd_forecast,True,4,SYNTHETIC_DEMO_DATA
2026-08-18T07:22:35.250415+00:00,19.04,72.86,0.49,72,synthetic_imd_forecast,True,4,SYNTHETIC_DEMO_DATA
2026-08-15T08:22:35.250415+00:00,19.02,72.84,3.16,0,synthetic_sensor,False,1,SYNTHETIC_DEMO_DATA
2026-08-16T08:22:35.250415+00:00,19.02,72.84,3.27,24,synthetic_imd_forecast,True,1,SYNTHETIC_DEMO_DATA
2026-08-17T08:22:35.250415+00:00,19.02,72.84,3.02,48,synthetic_imd_forecast,True,1,SYNTHETIC_DEMO_DATA
2026-08-18T08:22:35.250415+00:00,19.02,72.84,3.48,72,synthetic_imd_forecast,True,1,SYNTHETIC_DEMO_DATA
2026-08-15T08:22:35.250415+00:00,19.07,72.88,1.91,0,synthetic_sensor,False,2,SYNTHETIC_DEMO_DATA
2026-08-16T08:22:35.250415+00:00,19.07,72.88,2.18,24,synthetic_imd_forecast,True,2,SYNTHETIC_DEMO_DATA
2026-08-17T08:22:35.250415+00:00,19.07,72.88,1.99,48,synthetic_imd_forecast,True,2,SYNTHETIC_DEMO_DATA
2026-08-18T08:22:35.250415+00:00,19.07,72.88,1.7,72,synthetic_imd_forecast,True,2,SYNTHETIC_DEMO_DATA
2026-08-15T08:22:35.250415+00:00,19.125,72.855,3.38,0,synthetic_sensor,False,3,SYNTHETIC_DEMO_DATA
2026-08-16T08:22:35.250415+00:00,19.125,72.855,3.2,24,synthetic_imd_forecast,True,3,SYNTHETIC_DEMO_DATA
2026-08-17T08:22:35.250415+00:00,19.125,72.855,3.57,48,synthetic_imd_forecast,True,3,SYNTHETIC_DEMO_DATA
2026-08-18T08:22:35.250415+00:00,19.125,72.855,2.94,72,synthetic_imd_forecast,True,3,SYNTHETIC_DEMO_DATA
2026-08-15T08:22:35.250415+00:00,19.04,72.86,0.58,0,synthetic_sensor,False,4,SYNTHETIC_DEMO_DATA
2026-08-16T08:22:35.250415+00:00,19.04,72.86,0.64,24,synthetic_imd_forecast,True,4,SYNTHETIC_DEMO_DATA
2026-08-17T08:22:35.250415+00:00,19.04,72.86,0.53,48,synthetic_imd_forecast,True,4,SYNTHETIC_DEMO_DATA
2026-08-18T08:22:35.250415+00:00,19.04,72.86,0.64,72,synthetic_imd_forecast,True,4,SYNTHETIC_DEMO_DATA
2026-08-15T09:22:35.250415+00:00,19.02,72.84,0.98,0,synthetic_sensor,False,1,SYNTHETIC_DEMO_DATA
2026-08-16T09:22:35.250415+00:00,19.02,72.84,1.02,24,synthetic_imd_forecast,True,1,SYNTHETIC_DEMO_DATA
2026-08-17T09:22:35.250415+00:00,19.02,72.84,1.04,48,synthetic_imd_forecast,True,1,SYNTHETIC_DEMO_DATA
2026-08-18T09:22:35.250415+00:00,19.02,72.84,0.98,72,synthetic_imd_forecast,True,1,SYNTHETIC_DEMO_DATA
2026-08-15T09:22:35.250415+00:00,19.07,72.88,1.09,0,synthetic_sensor,False,2,SYNTHETIC_DEMO_DATA
2026-08-16T09:22:35.250415+00:00,19.07,72.88,1.0,24,synthetic_imd_forecast,True,2,SYNTHETIC_DEMO_DATA
2026-08-17T09:22:35.250415+00:00,19.07,72.88,0.94,48,synthetic_imd_forecast,True,2,SYNTHETIC_DEMO_DATA
2026-08-18T09:22:35.250415+00:00,19.07,72.88,1.03,72,synthetic_imd_forecast,True,2,SYNTHETIC_DEMO_DATA
2026-08-15T09:22:35.250415+00:00,19.125,72.855,3.18,0,synthetic_sensor,False,3,SYNTHETIC_DEMO_DATA
2026-08-16T09:22:35.250415+00:00,19.125,72.855,3.6,24,synthetic_imd_forecast,True,3,SYNTHETIC_DEMO_DATA
2026-08-17T09:22:35.250415+00:00,19.125,72.855,3.53,48,synthetic_imd_forecast,True,3,SYNTHETIC_DEMO_DATA
2026-08-18T09:22:35.250415+00:00,19.125,72.855,3.43,72,synthetic_imd_forecast,True,3,SYNTHETIC_DEMO_DATA
2026-08-15T09:22:35.250415+00:00,19.04,72.86,4.66,0,synthetic_sensor,False,4,SYNTHETIC_DEMO_DATA
2026-08-16T09:22:35.250415+00:00,19.04,72.86,4.89,24,synthetic_imd_forecast,True,4,SYNTHETIC_DEMO_DATA
2026-08-17T09:22:35.250415+00:00,19.04,72.86,4.32,48,synthetic_imd_forecast,True,4,SYNTHETIC_DEMO_DATA
2026-08-18T09:22:35.250415+00:00,19.04,72.86,5.23,72,synthetic_imd_forecast,True,4,SYNTHETIC_DEMO_DATA
2026-08-15T10:22:35.250415+00:00,19.02,72.84,3.33,0,synthetic_sensor,False,1,SYNTHETIC_DEMO_DATA
2026-08-16T10:22:35.250415+00:00,19.02,72.84,3.39,24,synthetic_imd_forecast,True,1,SYNTHETIC_DEMO_DATA
2026-08-17T10:22:35.250415+00:00,19.02,72.84,2.94,48,synthetic_imd_forecast,True,1,SYNTHETIC_DEMO_DATA
2026-08-18T10:22:35.250415+00:00,19.02,72.84,3.28,72,synthetic_imd_forecast,True,1,SYNTHETIC_DEMO_DATA
2026-08-15T10:22:35.250415+00:00,19.07,72.88,1.85,0,synthetic_sensor,False,2,SYNTHETIC_DEMO_DATA
2026-08-16T10:22:35.250415+00:00,19.07,72.88,2.05,24,synthetic_imd_forecast,True,2,SYNTHETIC_DEMO_DATA
2026-08-17T10:22:35.250415+00:00,19.07,72.88,1.88,48,synthetic_imd_forecast,True,2,SYNTHETIC_DEMO_DATA
2026-08-18T10:22:35.250415+00:00,19.07,72.88,1.78,72,synthetic_imd_forecast,True,2,SYNTHETIC_DEMO_DATA
2026-08-15T10:22:35.250415+00:00,19.125,72.855,11.29,0,synthetic_sensor,False,3,SYNTHETIC_DEMO_DATA
2026-08-16T10:22:35.250415+00:00,19.125,72.855,9.97,24,synthetic_imd_forecast,True,3,SYNTHETIC_DEMO_DATA
2026-08-17T10:22:35.250415+00:00,19.125,72.855,11.03,48,synthetic_imd_forecast,True,3,SYNTHETIC_DEMO_DATA
2026-08-18T10:22:35.250415+00:00,19.125,72.855,9.74,72,synthetic_imd_forecast,True,3,SYNTHETIC_DEMO_DATA
2026-08-15T10:22:35.250415+00:00,19.04,72.86,4.04,0,synthetic_sensor,False,4,SYNTHETIC_DEMO_DATA
2026-08-16T10:22:35.250415+00:00,19.04,72.86,4.55,24,synthetic_imd_forecast,True,4,SYNTHETIC_DEMO_DATA
2026-08-17T10:22:35.250415+00:00,19.04,72.86,3.77,48,synthetic_imd_forecast,True,4,SYNTHETIC_DEMO_DATA
2026-08-18T10:22:35.250415+00:00,19.04,72.86,4.47,72,synthetic_imd_forecast,True,4,SYNTHETIC_DEMO_DATA
2026-08-15T11:22:35.250415+00:00,19.02,72.84,1.04,0,synthetic_sensor,False,1,SYNTHETIC_DEMO_DATA
2026-08-16T11:22:35.250415+00:00,19.02,72.84,1.17,24,synthetic_imd_forecast,True,1,SYNTHETIC_DEMO_DATA
2026-08-17T11:22:35.250415+00:00,19.02,72.84,1.12,48,synthetic_imd_forecast,True,1,SYNTHETIC_DEMO_DATA
2026-08-18T11:22:35.250415+00:00,19.02,72.84,1.14,72,synthetic_imd_forecast,True,1,SYNTHETIC_DEMO_DATA
2026-08-15T11:22:35.250415+00:00,19.07,72.88,0.05,0,synthetic_sensor,False,2,SYNTHETIC_DEMO_DATA
2026-08-16T11:22:35.250415+00:00,19.07,72.88,0.06,24,synthetic_imd_forecast,True,2,SYNTHETIC_DEMO_DATA
2026-08-17T11:22:35.250415+00:00,19.07,72.88,0.05,48,synthetic_imd_forecast,True,2,SYNTHETIC_DEMO_DATA
2026-08-18T11:22:35.250415+00:00,19.07,72.88,0.05,72,synthetic_imd_forecast,True,2,SYNTHETIC_DEMO_DATA
2026-08-15T11:22:35.250415+00:00,19.125,72.855,5.31,0,synthetic_sensor,False,3,SYNTHETIC_DEMO_DATA
2026-08-16T11:22:35.250415+00:00,19.125,72.855,4.96,24,synthetic_imd_forecast,True,3,SYNTHETIC_DEMO_DATA
2026-08-17T11:22:35.250415+00:00,19.125,72.855,5.9,48,synthetic_imd_forecast,True,3,SYNTHETIC_DEMO_DATA
2026-08-18T11:22:35.250415+00:00,19.125,72.855,4.69,72,synthetic_imd_forecast,True,3,SYNTHETIC_DEMO_DATA
2026-08-15T11:22:35.250415+00:00,19.04,72.86,3.65,0,synthetic_sensor,False,4,SYNTHETIC_DEMO_DATA
2026-08-16T11:22:35.250415+00:00,19.04,72.86,3.69,24,synthetic_imd_forecast,True,4,SYNTHETIC_DEMO_DATA
2026-08-17T11:22:35.250415+00:00,19.04,72.86,3.21,48,synthetic_imd_forecast,True,4,SYNTHETIC_DEMO_DATA
2026-08-18T11:22:35.250415+00:00,19.04,72.86,3.37,72,synthetic_imd_forecast,True,4,SYNTHETIC_DEMO_DATA
2026-08-15T12:22:35.250415+00:00,19.02,72.84,0.04,0,synthetic_sensor,False,1,SYNTHETIC_DEMO_DATA
2026-08-16T12:22:35.250415+00:00,19.02,72.84,0.04,24,synthetic_imd_forecast,True,1,SYNTHETIC_DEMO_DATA
2026-08-17T12:22:35.250415+00:00,19.02,72.84,0.04,48,synthetic_imd_forecast,True,1,SYNTHETIC_DEMO_DATA
2026-08-18T12:22:35.250415+00:00,19.02,72.84,0.04,72,synthetic_imd_forecast,True,1,SYNTHETIC_DEMO_DATA
2026-08-15T12:22:35.250415+00:00,19.07,72.88,1.06,0,synthetic_sensor,False,2,SYNTHETIC_DEMO_DATA
2026-08-16T12:22:35.250415+00:00,19.07,72.88,1.0,24,synthetic_imd_forecast,True,2,SYNTHETIC_DEMO_DATA
2026-08-17T12:22:35.250415+00:00,19.07,72.88,1.14,48,synthetic_imd_forecast,True,2,SYNTHETIC_DEMO_DATA
2026-08-18T12:22:35.250415+00:00,19.07,72.88,0.92,72,synthetic_imd_forecast,True,2,SYNTHETIC_DEMO_DATA
2026-08-15T12:22:35.250415+00:00,19.125,72.855,7.0,0,synthetic_sensor,False,3,SYNTHETIC_DEMO_DATA
2026-08-16T12:22:35.250415+00:00,19.125,72.855,7.74,24,synthetic_imd_forecast,True,3,SYNTHETIC_DEMO_DATA
2026-08-17T12:22:35.250415+00:00,19.125,72.855,7.35,48,synthetic_imd_forecast,True,3,SYNTHETIC_DEMO_DATA
2026-08-18T12:22:35.250415+00:00,19.125,72.855,7.2,72,synthetic_imd_forecast,True,3,SYNTHETIC_DEMO_DATA
2026-08-15T12:22:35.250415+00:00,19.04,72.86,6.69,0,synthetic_sensor,False,4,SYNTHETIC_DEMO_DATA
2026-08-16T12:22:35.250415+00:00,19.04,72.86,6.06,24,synthetic_imd_forecast,True,4,SYNTHETIC_DEMO_DATA
2026-08-17T12:22:35.250415+00:00,19.04,72.86,5.84,48,synthetic_imd_forecast,True,4,SYNTHETIC_DEMO_DATA
2026-08-18T12:22:35.250415+00:00,19.04,72.86,6.17,72,synthetic_imd_forecast,True,4,SYNTHETIC_DEMO_DATA
2026-08-15T13:22:35.250415+00:00,19.02,72.84,4.75,0,synthetic_sensor,False,1,SYNTHETIC_DEMO_DATA
2026-08-16T13:22:35.250415+00:00,19.02,72.84,4.09,24,synthetic_imd_forecast,True,1,SYNTHETIC_DEMO_DATA
2026-08-17T13:22:35.250415+00:00,19.02,72.84,4.87,48,synthetic_imd_forecast,True,1,SYNTHETIC_DEMO_DATA
2026-08-18T13:22:35.250415+00:00,19.02,72.84,5.46,72,synthetic_imd_forecast,True,1,SYNTHETIC_DEMO_DATA
2026-08-15T13:22:35.250415+00:00,19.07,72.88,5.81,0,synthetic_sensor,False,2,SYNTHETIC_DEMO_DATA
2026-08-16T13:22:35.250415+00:00,19.07,72.88,5.85,24,synthetic_imd_forecast,True,2,SYNTHETIC_DEMO_DATA
2026-08-17T13:22:35.250415+00:00,19.07,72.88,5.05,48,synthetic_imd_forecast,True,2,SYNTHETIC_DEMO_DATA
2026-08-18T13:22:35.250415+00:00,19.07,72.88,6.39,72,synthetic_imd_forecast,True,2,SYNTHETIC_DEMO_DATA
2026-08-15T13:22:35.250415+00:00,19.125,72.855,2.74,0,synthetic_sensor,False,3,SYNTHETIC_DEMO_DATA
2026-08-16T13:22:35.250415+00:00,19.125,72.855,2.42,24,synthetic_imd_forecast,True,3,SYNTHETIC_DEMO_DATA
2026-08-17T13:22:35.250415+00:00,19.125,72.855,2.41,48,synthetic_imd_forecast,True,3,SYNTHETIC_DEMO_DATA
2026-08-18T13:22:35.250415+00:00,19.125,72.855,3.08,72,synthetic_imd_forecast,True,3,SYNTHETIC_DEMO_DATA
2026-08-15T13:22:35.250415+00:00,19.04,72.86,3.32,0,synthetic_sensor,False,4,SYNTHETIC_DEMO_DATA
2026-08-16T13:22:35.250415+00:00,19.04,72.86,3.65,24,synthetic_imd_forecast,True,4,SYNTHETIC_DEMO_DATA
2026-08-17T13:22:35.250415+00:00,19.04,72.86,3.7,48,synthetic_imd_forecast,True,4,SYNTHETIC_DEMO_DATA
2026-08-18T13:22:35.250415+00:00,19.04,72.86,3.39,72,synthetic_imd_forecast,True,4,SYNTHETIC_DEMO_DATA
2026-08-15T14:22:35.250415+00:00,19.02,72.84,2.19,0,synthetic_sensor,False,1,SYNTHETIC_DEMO_DATA
2026-08-16T14:22:35.250415+00:00,19.02,72.84,2.14,24,synthetic_imd_forecast,True,1,SYNTHETIC_DEMO_DATA
2026-08-17T14:22:35.250415+00:00,19.02,72.84,2.07,48,synthetic_imd_forecast,True,1,SYNTHETIC_DEMO_DATA
2026-08-18T14:22:35.250415+00:00,19.02,72.84,2.15,72,synthetic_imd_forecast,True,1,SYNTHETIC_DEMO_DATA
2026-08-15T14:22:35.250415+00:00,19.07,72.88,4.46,0,synthetic_sensor,False,2,SYNTHETIC_DEMO_DATA
2026-08-16T14:22:35.250415+00:00,19.07,72.88,4.6,24,synthetic_imd_forecast,True,2,SYNTHETIC_DEMO_DATA
2026-08-17T14:22:35.250415+00:00,19.07,72.88,4.99,48,synthetic_imd_forecast,True,2,SYNTHETIC_DEMO_DATA
2026-08-18T14:22:35.250415+00:00,19.07,72.88,4.38,72,synthetic_imd_forecast,True,2,SYNTHETIC_DEMO_DATA
2026-08-15T14:22:35.250415+00:00,19.125,72.855,2.8,0,synthetic_sensor,False,3,SYNTHETIC_DEMO_DATA
2026-08-16T14:22:35.250415+00:00,19.125,72.855,2.91,24,synthetic_imd_forecast,True,3,SYNTHETIC_DEMO_DATA
2026-08-17T14:22:35.250415+00:00,19.125,72.855,2.88,48,synthetic_imd_forecast,True,3,SYNTHETIC_DEMO_DATA
2026-08-18T14:22:35.250415+00:00,19.125,72.855,2.97,72,synthetic_imd_forecast,True,3,SYNTHETIC_DEMO_DATA
2026-08-15T14:22:35.250415+00:00,19.04,72.86,0.81,0,synthetic_sensor,False,4,SYNTHETIC_DEMO_DATA
2026-08-16T14:22:35.250415+00:00,19.04,72.86,0.81,24,synthetic_imd_forecast,True,4,SYNTHETIC_DEMO_DATA
2026-08-17T14:22:35.250415+00:00,19.04,72.86,0.71,48,synthetic_imd_forecast,True,4,SYNTHETIC_DEMO_DATA
2026-08-18T14:22:35.250415+00:00,19.04,72.86,0.78,72,synthetic_imd_forecast,True,4,SYNTHETIC_DEMO_DATA
2026-08-15T15:22:35.250415+00:00,19.02,72.84,2.01,0,synthetic_sensor,False,1,SYNTHETIC_DEMO_DATA
2026-08-16T15:22:35.250415+00:00,19.02,72.84,2.1,24,synthetic_imd_forecast,True,1,SYNTHETIC_DEMO_DATA
2026-08-17T15:22:35.250415+00:00,19.02,72.84,2.28,48,synthetic_imd_forecast,True,1,SYNTHETIC_DEMO_DATA
2026-08-18T15:22:35.250415+00:00,19.02,72.84,2.07,72,synthetic_imd_forecast,True,1,SYNTHETIC_DEMO_DATA
2026-08-15T15:22:35.250415+00:00,19.07,72.88,4.08,0,synthetic_sensor,False,2,SYNTHETIC_DEMO_DATA
2026-08-16T15:22:35.250415+00:00,19.07,72.88,4.09,24,synthetic_imd_forecast,True,2,SYNTHETIC_DEMO_DATA
2026-08-17T15:22:35.250415+00:00,19.07,72.88,4.24,48,synthetic_imd_forecast,True,2,SYNTHETIC_DEMO_DATA
2026-08-18T15:22:35.250415+00:00,19.07,72.88,3.55,72,synthetic_imd_forecast,True,2,SYNTHETIC_DEMO_DATA
2026-08-15T15:22:35.250415+00:00,19.125,72.855,0.88,0,synthetic_sensor,False,3,SYNTHETIC_DEMO_DATA
2026-08-16T15:22:35.250415+00:00,19.125,72.855,0.84,24,synthetic_imd_forecast,True,3,SYNTHETIC_DEMO_DATA
2026-08-17T15:22:35.250415+00:00,19.125,72.855,0.87,48,synthetic_imd_forecast,True,3,SYNTHETIC_DEMO_DATA
2026-08-18T15:22:35.250415+00:00,19.125,72.855,0.76,72,synthetic_imd_forecast,True,3,SYNTHETIC_DEMO_DATA
2026-08-15T15:22:35.250415+00:00,19.04,72.86,0.45,0,synthetic_sensor,False,4,SYNTHETIC_DEMO_DATA
2026-08-16T15:22:35.250415+00:00,19.04,72.86,0.42,24,synthetic_imd_forecast,True,4,SYNTHETIC_DEMO_DATA
2026-08-17T15:22:35.250415+00:00,19.04,72.86,0.51,48,synthetic_imd_forecast,True,4,SYNTHETIC_DEMO_DATA
2026-08-18T15:22:35.250415+00:00,19.04,72.86,0.43,72,synthetic_imd_forecast,True,4,SYNTHETIC_DEMO_DATA
2026-08-15T16:22:35.250415+00:00,19.02,72.84,1.97,0,synthetic_sensor,False,1,SYNTHETIC_DEMO_DATA
2026-08-16T16:22:35.250415+00:00,19.02,72.84,1.79,24,synthetic_imd_forecast,True,1,SYNTHETIC_DEMO_DATA
2026-08-17T16:22:35.250415+00:00,19.02,72.84,2.04,48,synthetic_imd_forecast,True,1,SYNTHETIC_DEMO_DATA
2026-08-18T16:22:35.250415+00:00,19.02,72.84,1.84,72,synthetic_imd_forecast,True,1,SYNTHETIC_DEMO_DATA
2026-08-15T16:22:35.250415+00:00,19.07,72.88,0.7,0,synthetic_sensor,False,2,SYNTHETIC_DEMO_DATA
2026-08-16T16:22:35.250415+00:00,19.07,72.88,0.7,24,synthetic_imd_forecast,True,2,SYNTHETIC_DEMO_DATA
2026-08-17T16:22:35.250415+00:00,19.07,72.88,0.6,48,synthetic_imd_forecast,True,2,SYNTHETIC_DEMO_DATA
2026-08-18T16:22:35.250415+00:00,19.07,72.88,0.6,72,synthetic_imd_forecast,True,2,SYNTHETIC_DEMO_DATA
2026-08-15T16:22:35.250415+00:00,19.125,72.855,0.74,0,synthetic_sensor,False,3,SYNTHETIC_DEMO_DATA
2026-08-16T16:22:35.250415+00:00,19.125,72.855,0.64,24,synthetic_imd_forecast,True,3,SYNTHETIC_DEMO_DATA
2026-08-17T16:22:35.250415+00:00,19.125,72.855,0.65,48,synthetic_imd_forecast,True,3,SYNTHETIC_DEMO_DATA
2026-08-18T16:22:35.250415+00:00,19.125,72.855,0.7,72,synthetic_imd_forecast,True,3,SYNTHETIC_DEMO_DATA
2026-08-15T16:22:35.250415+00:00,19.04,72.86,4.87,0,synthetic_sensor,False,4,SYNTHETIC_DEMO_DATA
2026-08-16T16:22:35.250415+00:00,19.04,72.86,4.98,24,synthetic_imd_forecast,True,4,SYNTHETIC_DEMO_DATA
2026-08-17T16:22:35.250415+00:00,19.04,72.86,4.89,48,synthetic_imd_forecast,True,4,SYNTHETIC_DEMO_DATA
2026-08-18T16:22:35.250415+00:00,19.04,72.86,4.57,72,synthetic_imd_forecast,True,4,SYNTHETIC_DEMO_DATA
2026-08-15T17:22:35.250415+00:00,19.02,72.84,8.05,0,synthetic_sensor,False,1,SYNTHETIC_DEMO_DATA
2026-08-16T17:22:35.250415+00:00,19.02,72.84,7.8,24,synthetic_imd_forecast,True,1,SYNTHETIC_DEMO_DATA
2026-08-17T17:22:35.250415+00:00,19.02,72.84,7.05,48,synthetic_imd_forecast,True,1,SYNTHETIC_DEMO_DATA
2026-08-18T17:22:35.250415+00:00,19.02,72.84,8.33,72,synthetic_imd_forecast,True,1,SYNTHETIC_DEMO_DATA
2026-08-15T17:22:35.250415+00:00,19.07,72.88,0.36,0,synthetic_sensor,False,2,SYNTHETIC_DEMO_DATA
2026-08-16T17:22:35.250415+00:00,19.07,72.88,0.34,24,synthetic_imd_forecast,True,2,SYNTHETIC_DEMO_DATA
2026-08-17T17:22:35.250415+00:00,19.07,72.88,0.36,48,synthetic_imd_forecast,True,2,SYNTHETIC_DEMO_DATA
2026-08-18T17:22:35.250415+00:00,19.07,72.88,0.4,72,synthetic_imd_forecast,True,2,SYNTHETIC_DEMO_DATA
2026-08-15T17:22:35.250415+00:00,19.125,72.855,2.04,0,synthetic_sensor,False,3,SYNTHETIC_DEMO_DATA
2026-08-16T17:22:35.250415+00:00,19.125,72.855,2.16,24,synthetic_imd_forecast,True,3,SYNTHETIC_DEMO_DATA
2026-08-17T17:22:35.250415+00:00,19.125,72.855,2.34,48,synthetic_imd_forecast,True,3,SYNTHETIC_DEMO_DATA
2026-08-18T17:22:35.250415+00:00,19.125,72.855,1.81,72,synthetic_imd_forecast,True,3,SYNTHETIC_DEMO_DATA
2026-08-15T17:22:35.250415+00:00,19.04,72.86,0.96,0,synthetic_sensor,False,4,SYNTHETIC_DEMO_DATA
2026-08-16T17:22:35.250415+00:00,19.04,72.86,0.93,24,synthetic_imd_forecast,True,4,SYNTHETIC_DEMO_DATA
2026-08-17T17:22:35.250415+00:00,19.04,72.86,0.94,48,synthetic_imd_forecast,True,4,SYNTHETIC_DEMO_DATA
2026-08-18T17:22:35.250415+00:00,19.04,72.86,0.93,72,synthetic_imd_forecast,True,4,SYNTHETIC_DEMO_DATA
2026-08-15T18:22:35.250415+00:00,19.02,72.84,7.15,0,synthetic_sensor,False,1,SYNTHETIC_DEMO_DATA
2026-08-16T18:22:35.250415+00:00,19.02,72.84,7.61,24,synthetic_imd_forecast,True,1,SYNTHETIC_DEMO_DATA
2026-08-17T18:22:35.250415+00:00,19.02,72.84,7.38,48,synthetic_imd_forecast,True,1,SYNTHETIC_DEMO_DATA
2026-08-18T18:22:35.250415+00:00,19.02,72.84,6.74,72,synthetic_imd_forecast,True,1,SYNTHETIC_DEMO_DATA
2026-08-15T18:22:35.250415+00:00,19.07,72.88,5.21,0,synthetic_sensor,False,2,SYNTHETIC_DEMO_DATA
2026-08-16T18:22:35.250415+00:00,19.07,72.88,5.92,24,synthetic_imd_forecast,True,2,SYNTHETIC_DEMO_DATA
2026-08-17T18:22:35.250415+00:00,19.07,72.88,5.71,48,synthetic_imd_forecast,True,2,SYNTHETIC_DEMO_DATA
2026-08-18T18:22:35.250415+00:00,19.07,72.88,4.43,72,synthetic_imd_forecast,True,2,SYNTHETIC_DEMO_DATA
2026-08-15T18:22:35.250415+00:00,19.125,72.855,3.04,0,synthetic_sensor,False,3,SYNTHETIC_DEMO_DATA
2026-08-16T18:22:35.250415+00:00,19.125,72.855,2.63,24,synthetic_imd_forecast,True,3,SYNTHETIC_DEMO_DATA
2026-08-17T18:22:35.250415+00:00,19.125,72.855,2.82,48,synthetic_imd_forecast,True,3,SYNTHETIC_DEMO_DATA
2026-08-18T18:22:35.250415+00:00,19.125,72.855,2.64,72,synthetic_imd_forecast,True,3,SYNTHETIC_DEMO_DATA
2026-08-15T18:22:35.250415+00:00,19.04,72.86,2.78,0,synthetic_sensor,False,4,SYNTHETIC_DEMO_DATA
2026-08-16T18:22:35.250415+00:00,19.04,72.86,2.94,24,synthetic_imd_forecast,True,4,SYNTHETIC_DEMO_DATA
2026-08-17T18:22:35.250415+00:00,19.04,72.86,2.46,48,synthetic_imd_forecast,True,4,SYNTHETIC_DEMO_DATA
2026-08-18T18:22:35.250415+00:00,19.04,72.86,2.68,72,synthetic_imd_forecast,True,4,SYNTHETIC_DEMO_DATA
2026-08-15T19:22:35.250415+00:00,19.02,72.84,1.83,0,synthetic_sensor,False,1,SYNTHETIC_DEMO_DATA
2026-08-16T19:22:35.250415+00:00,19.02,72.84,1.76,24,synthetic_imd_forecast,True,1,SYNTHETIC_DEMO_DATA
2026-08-17T19:22:35.250415+00:00,19.02,72.84,1.62,48,synthetic_imd_forecast,True,1,SYNTHETIC_DEMO_DATA
2026-08-18T19:22:35.250415+00:00,19.02,72.84,1.79,72,synthetic_imd_forecast,True,1,SYNTHETIC_DEMO_DATA
2026-08-15T19:22:35.250415+00:00,19.07,72.88,4.17,0,synthetic_sensor,False,2,SYNTHETIC_DEMO_DATA
2026-08-16T19:22:35.250415+00:00,19.07,72.88,3.63,24,synthetic_imd_forecast,True,2,SYNTHETIC_DEMO_DATA
2026-08-17T19:22:35.250415+00:00,19.07,72.88,3.64,48,synthetic_imd_forecast,True,2,SYNTHETIC_DEMO_DATA
2026-08-18T19:22:35.250415+00:00,19.07,72.88,3.99,72,synthetic_imd_forecast,True,2,SYNTHETIC_DEMO_DATA
2026-08-15T19:22:35.250415+00:00,19.125,72.855,8.53,0,synthetic_sensor,False,3,SYNTHETIC_DEMO_DATA
2026-08-16T19:22:35.250415+00:00,19.125,72.855,8.96,24,synthetic_imd_forecast,True,3,SYNTHETIC_DEMO_DATA
2026-08-17T19:22:35.250415+00:00,19.125,72.855,8.99,48,synthetic_imd_forecast,True,3,SYNTHETIC_DEMO_DATA
2026-08-18T19:22:35.250415+00:00,19.125,72.855,8.18,72,synthetic_imd_forecast,True,3,SYNTHETIC_DEMO_DATA
2026-08-15T19:22:35.250415+00:00,19.04,72.86,2.7,0,synthetic_sensor,False,4,SYNTHETIC_DEMO_DATA
2026-08-16T19:22:35.250415+00:00,19.04,72.86,2.3,24,synthetic_imd_forecast,True,4,SYNTHETIC_DEMO_DATA
2026-08-17T19:22:35.250415+00:00,19.04,72.86,2.81,48,synthetic_imd_forecast,True,4,SYNTHETIC_DEMO_DATA
2026-08-18T19:22:35.250415+00:00,19.04,72.86,3.03,72,synthetic_imd_forecast,True,4,SYNTHETIC_DEMO_DATA
2026-08-15T20:22:35.250415+00:00,19.02,72.84,2.84,0,synthetic_sensor,False,1,SYNTHETIC_DEMO_DATA
2026-08-16T20:22:35.250415+00:00,19.02,72.84,3.16,24,synthetic_imd_forecast,True,1,SYNTHETIC_DEMO_DATA
2026-08-17T20:22:35.250415+00:00,19.02,72.84,3.03,48,synthetic_imd_forecast,True,1,SYNTHETIC_DEMO_DATA
2026-08-18T20:22:35.250415+00:00,19.02,72.84,2.52,72,synthetic_imd_forecast,True,1,SYNTHETIC_DEMO_DATA
2026-08-15T20:22:35.250415+00:00,19.07,72.88,6.98,0,synthetic_sensor,False,2,SYNTHETIC_DEMO_DATA
2026-08-16T20:22:35.250415+00:00,19.07,72.88,6.07,24,synthetic_imd_forecast,True,2,SYNTHETIC_DEMO_DATA
2026-08-17T20:22:35.250415+00:00,19.07,72.88,7.05,48,synthetic_imd_forecast,True,2,SYNTHETIC_DEMO_DATA
2026-08-18T20:22:35.250415+00:00,19.07,72.88,6.23,72,synthetic_imd_forecast,True,2,SYNTHETIC_DEMO_DATA
2026-08-15T20:22:35.250415+00:00,19.125,72.855,0.04,0,synthetic_sensor,False,3,SYNTHETIC_DEMO_DATA
2026-08-16T20:22:35.250415+00:00,19.125,72.855,0.04,24,synthetic_imd_forecast,True,3,SYNTHETIC_DEMO_DATA
2026-08-17T20:22:35.250415+00:00,19.125,72.855,0.04,48,synthetic_imd_forecast,True,3,SYNTHETIC_DEMO_DATA
2026-08-18T20:22:35.250415+00:00,19.125,72.855,0.04,72,synthetic_imd_forecast,True,3,SYNTHETIC_DEMO_DATA
2026-08-15T20:22:35.250415+00:00,19.04,72.86,2.58,0,synthetic_sensor,False,4,SYNTHETIC_DEMO_DATA
2026-08-16T20:22:35.250415+00:00,19.04,72.86,2.23,24,synthetic_imd_forecast,True,4,SYNTHETIC_DEMO_DATA
2026-08-17T20:22:35.250415+00:00,19.04,72.86,2.29,48,synthetic_imd_forecast,True,4,SYNTHETIC_DEMO_DATA
2026-08-18T20:22:35.250415+00:00,19.04,72.86,2.63,72,synthetic_imd_forecast,True,4,SYNTHETIC_DEMO_DATA
2026-08-15T21:22:35.250415+00:00,19.02,72.84,1.26,0,synthetic_sensor,False,1,SYNTHETIC_DEMO_DATA
2026-08-16T21:22:35.250415+00:00,19.02,72.84,1.35,24,synthetic_imd_forecast,True,1,SYNTHETIC_DEMO_DATA
2026-08-17T21:22:35.250415+00:00,19.02,72.84,1.32,48,synthetic_imd_forecast,True,1,SYNTHETIC_DEMO_DATA
2026-08-18T21:22:35.250415+00:00,19.02,72.84,1.39,72,synthetic_imd_forecast,True,1,SYNTHETIC_DEMO_DATA
2026-08-15T21:22:35.250415+00:00,19.07,72.88,3.54,0,synthetic_sensor,False,2,SYNTHETIC_DEMO_DATA
2026-08-16T21:22:35.250415+00:00,19.07,72.88,3.47,24,synthetic_imd_forecast,True,2,SYNTHETIC_DEMO_DATA
2026-08-17T21:22:35.250415+00:00,19.07,72.88,3.72,48,synthetic_imd_forecast,True,2,SYNTHETIC_DEMO_DATA
2026-08-18T21:22:35.250415+00:00,19.07,72.88,3.3,72,synthetic_imd_forecast,True,2,SYNTHETIC_DEMO_DATA
2026-08-15T21:22:35.250415+00:00,19.125,72.855,1.1,0,synthetic_sensor,False,3,SYNTHETIC_DEMO_DATA
2026-08-16T21:22:35.250415+00:00,19.125,72.855,1.2,24,synthetic_imd_forecast,True,3,SYNTHETIC_DEMO_DATA
2026-08-17T21:22:35.250415+00:00,19.125,72.855,1.08,48,synthetic_imd_forecast,True,3,SYNTHETIC_DEMO_DATA
2026-08-18T21:22:35.250415+00:00,19.125,72.855,1.2,72,synthetic_imd_forecast,True,3,SYNTHETIC_DEMO_DATA
2026-08-15T21:22:35.250415+00:00,19.04,72.86,5.19,0,synthetic_sensor,False,4,SYNTHETIC_DEMO_DATA
2026-08-16T21:22:35.250415+00:00,19.04,72.86,5.75,24,synthetic_imd_forecast,True,4,SYNTHETIC_DEMO_DATA
2026-08-17T21:22:35.250415+00:00,19.04,72.86,5.84,48,synthetic_imd_forecast,True,4,SYNTHETIC_DEMO_DATA
2026-08-18T21:22:35.250415+00:00,19.04,72.86,5.08,72,synthetic_imd_forecast,True,4,SYNTHETIC_DEMO_DATA
2026-08-15T22:22:35.250415+00:00,19.02,72.84,1.15,0,synthetic_sensor,False,1,SYNTHETIC_DEMO_DATA
2026-08-16T22:22:35.250415+00:00,19.02,72.84,1.18,24,synthetic_imd_forecast,True,1,SYNTHETIC_DEMO_DATA
2026-08-17T22:22:35.250415+00:00,19.02,72.84,1.11,48,synthetic_imd_forecast,True,1,SYNTHETIC_DEMO_DATA
2026-08-18T22:22:35.250415+00:00,19.02,72.84,1.18,72,synthetic_imd_forecast,True,1,SYNTHETIC_DEMO_DATA
2026-08-15T22:22:35.250415+00:00,19.07,72.88,3.67,0,synthetic_sensor,False,2,SYNTHETIC_DEMO_DATA
2026-08-16T22:22:35.250415+00:00,19.07,72.88,3.88,24,synthetic_imd_forecast,True,2,SYNTHETIC_DEMO_DATA
2026-08-17T22:22:35.250415+00:00,19.07,72.88,3.53,48,synthetic_imd_forecast,True,2,SYNTHETIC_DEMO_DATA
2026-08-18T22:22:35.250415+00:00,19.07,72.88,3.3,72,synthetic_imd_forecast,True,2,SYNTHETIC_DEMO_DATA
2026-08-15T22:22:35.250415+00:00,19.125,72.855,1.69,0,synthetic_sensor,False,3,SYNTHETIC_DEMO_DATA
2026-08-16T22:22:35.250415+00:00,19.125,72.855,1.51,24,synthetic_imd_forecast,True,3,SYNTHETIC_DEMO_DATA
2026-08-17T22:22:35.250415+00:00,19.125,72.855,1.89,48,synthetic_imd_forecast,True,3,SYNTHETIC_DEMO_DATA
2026-08-18T22:22:35.250415+00:00,19.125,72.855,1.61,72,synthetic_imd_forecast,True,3,SYNTHETIC_DEMO_DATA
2026-08-15T22:22:35.250415+00:00,19.04,72.86,0.5,0,synthetic_sensor,False,4,SYNTHETIC_DEMO_DATA
2026-08-16T22:22:35.250415+00:00,19.04,72.86,0.43,24,synthetic_imd_forecast,True,4,SYNTHETIC_DEMO_DATA
2026-08-17T22:22:35.250415+00:00,19.04,72.86,0.52,48,synthetic_imd_forecast,True,4,SYNTHETIC_DEMO_DATA
2026-08-18T22:22:35.250415+00:00,19.04,72.86,0.52,72,synthetic_imd_forecast,True,4,SYNTHETIC_DEMO_DATA
2026-08-15T23:22:35.250415+00:00,19.02,72.84,1.25,0,synthetic_sensor,False,1,SYNTHETIC_DEMO_DATA
2026-08-16T23:22:35.250415+00:00,19.02,72.84,1.09,24,synthetic_imd_forecast,True,1,SYNTHETIC_DEMO_DATA
2026-08-17T23:22:35.250415+00:00,19.02,72.84,1.22,48,synthetic_imd_forecast,True,1,SYNTHETIC_DEMO_DATA
2026-08-18T23:22:35.250415+00:00,19.02,72.84,1.18,72,synthetic_imd_forecast,True,1,SYNTHETIC_DEMO_DATA
2026-08-15T23:22:35.250415+00:00,19.07,72.88,3.39,0,synthetic_sensor,False,2,SYNTHETIC_DEMO_DATA
2026-08-16T23:22:35.250415+00:00,19.07,72.88,3.5,24,synthetic_imd_forecast,True,2,SYNTHETIC_DEMO_DATA
2026-08-17T23:22:35.250415+00:00,19.07,72.88,3.25,48,synthetic_imd_forecast,True,2,SYNTHETIC_DEMO_DATA
2026-08-18T23:22:35.250415+00:00,19.07,72.88,3.1,72,synthetic_imd_forecast,True,2,SYNTHETIC_DEMO_DATA
2026-08-15T23:22:35.250415+00:00,19.125,72.855,13.28,0,synthetic_sensor,False,3,SYNTHETIC_DEMO_DATA
2026-08-16T23:22:35.250415+00:00,19.125,72.855,13.1,24,synthetic_imd_forecast,True,3,SYNTHETIC_DEMO_DATA
2026-08-17T23:22:35.250415+00:00,19.125,72.855,14.03,48,synthetic_imd_forecast,True,3,SYNTHETIC_DEMO_DATA
2026-08-18T23:22:35.250415+00:00,19.125,72.855,11.85,72,synthetic_imd_forecast,True,3,SYNTHETIC_DEMO_DATA
2026-08-15T23:22:35.250415+00:00,19.04,72.86,1.99,0,synthetic_sensor,False,4,SYNTHETIC_DEMO_DATA
2026-08-16T23:22:35.250415+00:00,19.04,72.86,1.71,24,synthetic_imd_forecast,True,4,SYNTHETIC_DEMO_DATA
2026-08-17T23:22:35.250415+00:00,19.04,72.86,1.99,48,synthetic_imd_forecast,True,4,SYNTHETIC_DEMO_DATA
2026-08-18T23:22:35.250415+00:00,19.04,72.86,2.27,72,synthetic_imd_forecast,True,4,SYNTHETIC_DEMO_DATA
2026-08-16T00:22:35.250415+00:00,19.02,72.84,1.45,0,synthetic_sensor,False,1,SYNTHETIC_DEMO_DATA
2026-08-17T00:22:35.250415+00:00,19.02,72.84,1.25,24,synthetic_imd_forecast,True,1,SYNTHETIC_DEMO_DATA
2026-08-18T00:22:35.250415+00:00,19.02,72.84,1.25,48,synthetic_imd_forecast,True,1,SYNTHETIC_DEMO_DATA
2026-08-19T00:22:35.250415+00:00,19.02,72.84,1.4,72,synthetic_imd_forecast,True,1,SYNTHETIC_DEMO_DATA
2026-08-16T00:22:35.250415+00:00,19.07,72.88,0.52,0,synthetic_sensor,False,2,SYNTHETIC_DEMO_DATA
2026-08-17T00:22:35.250415+00:00,19.07,72.88,0.45,24,synthetic_imd_forecast,True,2,SYNTHETIC_DEMO_DATA
2026-08-18T00:22:35.250415+00:00,19.07,72.88,0.56,48,synthetic_imd_forecast,True,2,SYNTHETIC_DEMO_DATA
2026-08-19T00:22:35.250415+00:00,19.07,72.88,0.51,72,synthetic_imd_forecast,True,2,SYNTHETIC_DEMO_DATA
2026-08-16T00:22:35.250415+00:00,19.125,72.855,1.02,0,synthetic_sensor,False,3,SYNTHETIC_DEMO_DATA
2026-08-17T00:22:35.250415+00:00,19.125,72.855,1.14,24,synthetic_imd_forecast,True,3,SYNTHETIC_DEMO_DATA
2026-08-18T00:22:35.250415+00:00,19.125,72.855,0.9,48,synthetic_imd_forecast,True,3,SYNTHETIC_DEMO_DATA
2026-08-19T00:22:35.250415+00:00,19.125,72.855,1.16,72,synthetic_imd_forecast,True,3,SYNTHETIC_DEMO_DATA
2026-08-16T00:22:35.250415+00:00,19.04,72.86,1.13,0,synthetic_sensor,False,4,SYNTHETIC_DEMO_DATA
2026-08-17T00:22:35.250415+00:00,19.04,72.86,1.26,24,synthetic_imd_forecast,True,4,SYNTHETIC_DEMO_DATA
2026-08-18T00:22:35.250415+00:00,19.04,72.86,1.16,48,synthetic_imd_forecast,True,4,SYNTHETIC_DEMO_DATA
2026-08-19T00:22:35.250415+00:00,19.04,72.86,1.24,72,synthetic_imd_forecast,True,4,SYNTHETIC_DEMO_DATA
2026-08-16T01:22:35.250415+00:00,19.02,72.84,12.41,0,synthetic_sensor,False,1,SYNTHETIC_DEMO_DATA
2026-08-17T01:22:35.250415+00:00,19.02,72.84,11.62,24,synthetic_imd_forecast,True,1,SYNTHETIC_DEMO_DATA
2026-08-18T01:22:35.250415+00:00,19.02,72.84,14.13,48,synthetic_imd_forecast,True,1,SYNTHETIC_DEMO_DATA
2026-08-19T01:22:35.250415+00:00,19.02,72.84,12.0,72,synthetic_imd_forecast,True,1,SYNTHETIC_DEMO_DATA
2026-08-16T01:22:35.250415+00:00,19.07,72.88,1.46,0,synthetic_sensor,False,2,SYNTHETIC_DEMO_DATA
2026-08-17T01:22:35.250415+00:00,19.07,72.88,1.39,24,synthetic_imd_forecast,True,2,SYNTHETIC_DEMO_DATA
2026-08-18T01:22:35.250415+00:00,19.07,72.88,1.48,48,synthetic_imd_forecast,True,2,SYNTHETIC_DEMO_DATA
2026-08-19T01:22:35.250415+00:00,19.07,72.88,1.31,72,synthetic_imd_forecast,True,2,SYNTHETIC_DEMO_DATA
2026-08-16T01:22:35.250415+00:00,19.125,72.855,2.42,0,synthetic_sensor,False,3,SYNTHETIC_DEMO_DATA
2026-08-17T01:22:35.250415+00:00,19.125,72.855,2.45,24,synthetic_imd_forecast,True,3,SYNTHETIC_DEMO_DATA
2026-08-18T01:22:35.250415+00:00,19.125,72.855,2.61,48,synthetic_imd_forecast,True,3,SYNTHETIC_DEMO_DATA
2026-08-19T01:22:35.250415+00:00,19.125,72.855,2.66,72,synthetic_imd_forecast,True,3,SYNTHETIC_DEMO_DATA
2026-08-16T01:22:35.250415+00:00,19.04,72.86,1.74,0,synthetic_sensor,False,4,SYNTHETIC_DEMO_DATA
2026-08-17T01:22:35.250415+00:00,19.04,72.86,1.64,24,synthetic_imd_forecast,True,4,SYNTHETIC_DEMO_DATA
2026-08-18T01:22:35.250415+00:00,19.04,72.86,1.61,48,synthetic_imd_forecast,True,4,SYNTHETIC_DEMO_DATA
2026-08-19T01:22:35.250415+00:00,19.04,72.86,1.58,72,synthetic_imd_forecast,True,4,SYNTHETIC_DEMO_DATA
2026-08-16T02:22:35.250415+00:00,19.02,72.84,0.18,0,synthetic_sensor,False,1,SYNTHETIC_DEMO_DATA
2026-08-17T02:22:35.250415+00:00,19.02,72.84,0.17,24,synthetic_imd_forecast,True,1,SYNTHETIC_DEMO_DATA
2026-08-18T02:22:35.250415+00:00,19.02,72.84,0.17,48,synthetic_imd_forecast,True,1,SYNTHETIC_DEMO_DATA
2026-08-19T02:22:35.250415+00:00,19.02,72.84,0.21,72,synthetic_imd_forecast,True,1,SYNTHETIC_DEMO_DATA
2026-08-16T02:22:35.250415+00:00,19.07,72.88,2.45,0,synthetic_sensor,False,2,SYNTHETIC_DEMO_DATA
2026-08-17T02:22:35.250415+00:00,19.07,72.88,2.34,24,synthetic_imd_forecast,True,2,SYNTHETIC_DEMO_DATA
2026-08-18T02:22:35.250415+00:00,19.07,72.88,2.51,48,synthetic_imd_forecast,True,2,SYNTHETIC_DEMO_DATA
2026-08-19T02:22:35.250415+00:00,19.07,72.88,2.18,72,synthetic_imd_forecast,True,2,SYNTHETIC_DEMO_DATA
2026-08-16T02:22:35.250415+00:00,19.125,72.855,1.76,0,synthetic_sensor,False,3,SYNTHETIC_DEMO_DATA
2026-08-17T02:22:35.250415+00:00,19.125,72.855,1.83,24,synthetic_imd_forecast,True,3,SYNTHETIC_DEMO_DATA
2026-08-18T02:22:35.250415+00:00,19.125,72.855,1.75,48,synthetic_imd_forecast,True,3,SYNTHETIC_DEMO_DATA
2026-08-19T02:22:35.250415+00:00,19.125,72.855,1.71,72,synthetic_imd_forecast,True,3,SYNTHETIC_DEMO_DATA
2026-08-16T02:22:35.250415+00:00,19.04,72.86,15.27,0,synthetic_sensor,False,4,SYNTHETIC_DEMO_DATA
2026-08-17T02:22:35.250415+00:00,19.04,72.86,17.01,24,synthetic_imd_forecast,True,4,SYNTHETIC_DEMO_DATA
2026-08-18T02:22:35.250415+00:00,19.04,72.86,15.84,48,synthetic_imd_forecast,True,4,SYNTHETIC_DEMO_DATA
2026-08-19T02:22:35.250415+00:00,19.04,72.86,15.59,72,synthetic_imd_forecast,True,4,SYNTHETIC_DEMO_DATA
2026-08-16T03:22:35.250415+00:00,19.02,72.84,2.91,0,synthetic_sensor,False,1,SYNTHETIC_DEMO_DATA
2026-08-17T03:22:35.250415+00:00,19.02,72.84,2.65,24,synthetic_imd_forecast,True,1,SYNTHETIC_DEMO_DATA
2026-08-18T03:22:35.250415+00:00,19.02,72.84,2.82,48,synthetic_imd_forecast,True,1,SYNTHETIC_DEMO_DATA
2026-08-19T03:22:35.250415+00:00,19.02,72.84,2.51,72,synthetic_imd_forecast,True,1,SYNTHETIC_DEMO_DATA
2026-08-16T03:22:35.250415+00:00,19.07,72.88,1.94,0,synthetic_sensor,False,2,SYNTHETIC_DEMO_DATA
2026-08-17T03:22:35.250415+00:00,19.07,72.88,1.97,24,synthetic_imd_forecast,True,2,SYNTHETIC_DEMO_DATA
2026-08-18T03:22:35.250415+00:00,19.07,72.88,1.78,48,synthetic_imd_forecast,True,2,SYNTHETIC_DEMO_DATA
2026-08-19T03:22:35.250415+00:00,19.07,72.88,2.21,72,synthetic_imd_forecast,True,2,SYNTHETIC_DEMO_DATA
2026-08-16T03:22:35.250415+00:00,19.125,72.855,7.21,0,synthetic_sensor,False,3,SYNTHETIC_DEMO_DATA
2026-08-17T03:22:35.250415+00:00,19.125,72.855,7.69,24,synthetic_imd_forecast,True,3,SYNTHETIC_DEMO_DATA
2026-08-18T03:22:35.250415+00:00,19.125,72.855,7.28,48,synthetic_imd_forecast,True,3,SYNTHETIC_DEMO_DATA
2026-08-19T03:22:35.250415+00:00,19.125,72.855,8.01,72,synthetic_imd_forecast,True,3,SYNTHETIC_DEMO_DATA
2026-08-16T03:22:35.250415+00:00,19.04,72.86,0.42,0,synthetic_sensor,False,4,SYNTHETIC_DEMO_DATA
2026-08-17T03:22:35.250415+00:00,19.04,72.86,0.46,24,synthetic_imd_forecast,True,4,SYNTHETIC_DEMO_DATA
2026-08-18T03:22:35.250415+00:00,19.04,72.86,0.37,48,synthetic_imd_forecast,True,4,SYNTHETIC_DEMO_DATA
2026-08-19T03:22:35.250415+00:00,19.04,72.86,0.46,72,synthetic_imd_forecast,True,4,SYNTHETIC_DEMO_DATA
2026-08-16T04:22:35.250415+00:00,19.02,72.84,0.97,0,synthetic_sensor,False,1,SYNTHETIC_DEMO_DATA
2026-08-17T04:22:35.250415+00:00,19.02,72.84,1.08,24,synthetic_imd_forecast,True,1,SYNTHETIC_DEMO_DATA
2026-08-18T04:22:35.250415+00:00,19.02,72.84,1.1,48,synthetic_imd_forecast,True,1,SYNTHETIC_DEMO_DATA
2026-08-19T04:22:35.250415+00:00,19.02,72.84,0.87,72,synthetic_imd_forecast,True,1,SYNTHETIC_DEMO_DATA
2026-08-16T04:22:35.250415+00:00,19.07,72.88,1.86,0,synthetic_sensor,False,2,SYNTHETIC_DEMO_DATA
2026-08-17T04:22:35.250415+00:00,19.07,72.88,2.13,24,synthetic_imd_forecast,True,2,SYNTHETIC_DEMO_DATA
2026-08-18T04:22:35.250415+00:00,19.07,72.88,1.85,48,synthetic_imd_forecast,True,2,SYNTHETIC_DEMO_DATA
2026-08-19T04:22:35.250415+00:00,19.07,72.88,2.06,72,synthetic_imd_forecast,True,2,SYNTHETIC_DEMO_DATA
2026-08-16T04:22:35.250415+00:00,19.125,72.855,2.67,0,synthetic_sensor,False,3,SYNTHETIC_DEMO_DATA
2026-08-17T04:22:35.250415+00:00,19.125,72.855,2.57,24,synthetic_imd_forecast,True,3,SYNTHETIC_DEMO_DATA
2026-08-18T04:22:35.250415+00:00,19.125,72.855,2.5,48,synthetic_imd_forecast,True,3,SYNTHETIC_DEMO_DATA
2026-08-19T04:22:35.250415+00:00,19.125,72.855,2.43,72,synthetic_imd_forecast,True,3,SYNTHETIC_DEMO_DATA
2026-08-16T04:22:35.250415+00:00,19.04,72.86,4.3,0,synthetic_sensor,False,4,SYNTHETIC_DEMO_DATA
2026-08-17T04:22:35.250415+00:00,19.04,72.86,4.15,24,synthetic_imd_forecast,True,4,SYNTHETIC_DEMO_DATA
2026-08-18T04:22:35.250415+00:00,19.04,72.86,4.31,48,synthetic_imd_forecast,True,4,SYNTHETIC_DEMO_DATA
2026-08-19T04:22:35.250415+00:00,19.04,72.86,4.29,72,synthetic_imd_forecast,True,4,SYNTHETIC_DEMO_DATA
2026-08-16T05:22:35.250415+00:00,19.02,72.84,2.58,0,synthetic_sensor,False,1,SYNTHETIC_DEMO_DATA
2026-08-17T05:22:35.250415+00:00,19.02,72.84,2.86,24,synthetic_imd_forecast,True,1,SYNTHETIC_DEMO_DATA
2026-08-18T05:22:35.250415+00:00,19.02,72.84,2.95,48,synthetic_imd_forecast,True,1,SYNTHETIC_DEMO_DATA
2026-08-19T05:22:35.250415+00:00,19.02,72.84,2.51,72,synthetic_imd_forecast,True,1,SYNTHETIC_DEMO_DATA
2026-08-16T05:22:35.250415+00:00,19.07,72.88,5.27,0,synthetic_sensor,False,2,SYNTHETIC_DEMO_DATA
2026-08-17T05:22:35.250415+00:00,19.07,72.88,5.69,24,synthetic_imd_forecast,True,2,SYNTHETIC_DEMO_DATA
2026-08-18T05:22:35.250415+00:00,19.07,72.88,5.39,48,synthetic_imd_forecast,True,2,SYNTHETIC_DEMO_DATA
2026-08-19T05:22:35.250415+00:00,19.07,72.88,5.99,72,synthetic_imd_forecast,True,2,SYNTHETIC_DEMO_DATA
2026-08-16T05:22:35.250415+00:00,19.125,72.855,0.67,0,synthetic_sensor,False,3,SYNTHETIC_DEMO_DATA
2026-08-17T05:22:35.250415+00:00,19.125,72.855,0.59,24,synthetic_imd_forecast,True,3,SYNTHETIC_DEMO_DATA
2026-08-18T05:22:35.250415+00:00,19.125,72.855,0.74,48,synthetic_imd_forecast,True,3,SYNTHETIC_DEMO_DATA
2026-08-19T05:22:35.250415+00:00,19.125,72.855,0.66,72,synthetic_imd_forecast,True,3,SYNTHETIC_DEMO_DATA
2026-08-16T05:22:35.250415+00:00,19.04,72.86,5.63,0,synthetic_sensor,False,4,SYNTHETIC_DEMO_DATA
2026-08-17T05:22:35.250415+00:00,19.04,72.86,6.29,24,synthetic_imd_forecast,True,4,SYNTHETIC_DEMO_DATA
2026-08-18T05:22:35.250415+00:00,19.04,72.86,4.89,48,synthetic_imd_forecast,True,4,SYNTHETIC_DEMO_DATA
2026-08-19T05:22:35.250415+00:00,19.04,72.86,6.28,72,synthetic_imd_forecast,True,4,SYNTHETIC_DEMO_DATA
2026-08-16T06:22:35.250415+00:00,19.02,72.84,1.78,0,synthetic_sensor,False,1,SYNTHETIC_DEMO_DATA
2026-08-17T06:22:35.250415+00:00,19.02,72.84,1.79,24,synthetic_imd_forecast,True,1,SYNTHETIC_DEMO_DATA
2026-08-18T06:22:35.250415+00:00,19.02,72.84,1.85,48,synthetic_imd_forecast,True,1,SYNTHETIC_DEMO_DATA
2026-08-19T06:22:35.250415+00:00,19.02,72.84,2.01,72,synthetic_imd_forecast,True,1,SYNTHETIC_DEMO_DATA
2026-08-16T06:22:35.250415+00:00,19.07,72.88,0.06,0,synthetic_sensor,False,2,SYNTHETIC_DEMO_DATA
2026-08-17T06:22:35.250415+00:00,19.07,72.88,0.06,24,synthetic_imd_forecast,True,2,SYNTHETIC_DEMO_DATA
2026-08-18T06:22:35.250415+00:00,19.07,72.88,0.06,48,synthetic_imd_forecast,True,2,SYNTHETIC_DEMO_DATA
2026-08-19T06:22:35.250415+00:00,19.07,72.88,0.06,72,synthetic_imd_forecast,True,2,SYNTHETIC_DEMO_DATA
2026-08-16T06:22:35.250415+00:00,19.125,72.855,3.54,0,synthetic_sensor,False,3,SYNTHETIC_DEMO_DATA
2026-08-17T06:22:35.250415+00:00,19.125,72.855,3.15,24,synthetic_imd_forecast,True,3,SYNTHETIC_DEMO_DATA
2026-08-18T06:22:35.250415+00:00,19.125,72.855,3.33,48,synthetic_imd_forecast,True,3,SYNTHETIC_DEMO_DATA
2026-08-19T06:22:35.250415+00:00,19.125,72.855,3.39,72,synthetic_imd_forecast,True,3,SYNTHETIC_DEMO_DATA
2026-08-16T06:22:35.250415+00:00,19.04,72.86,4.9,0,synthetic_sensor,False,4,SYNTHETIC_DEMO_DATA
2026-08-17T06:22:35.250415+00:00,19.04,72.86,4.57,24,synthetic_imd_forecast,True,4,SYNTHETIC_DEMO_DATA
2026-08-18T06:22:35.250415+00:00,19.04,72.86,4.47,48,synthetic_imd_forecast,True,4,SYNTHETIC_DEMO_DATA
2026-08-19T06:22:35.250415+00:00,19.04,72.86,5.57,72,synthetic_imd_forecast,True,4,SYNTHETIC_DEMO_DATA
2026-08-16T07:22:35.250415+00:00,19.02,72.84,0.03,0,synthetic_sensor,False,1,SYNTHETIC_DEMO_DATA
2026-08-17T07:22:35.250415+00:00,19.02,72.84,0.03,24,synthetic_imd_forecast,True,1,SYNTHETIC_DEMO_DATA
2026-08-18T07:22:35.250415+00:00,19.02,72.84,0.03,48,synthetic_imd_forecast,True,1,SYNTHETIC_DEMO_DATA
2026-08-19T07:22:35.250415+00:00,19.02,72.84,0.03,72,synthetic_imd_forecast,True,1,SYNTHETIC_DEMO_DATA
2026-08-16T07:22:35.250415+00:00,19.07,72.88,1.05,0,synthetic_sensor,False,2,SYNTHETIC_DEMO_DATA
2026-08-17T07:22:35.250415+00:00,19.07,72.88,0.9,24,synthetic_imd_forecast,True,2,SYNTHETIC_DEMO_DATA
2026-08-18T07:22:35.250415+00:00,19.07,72.88,1.12,48,synthetic_imd_forecast,True,2,SYNTHETIC_DEMO_DATA
2026-08-19T07:22:35.250415+00:00,19.07,72.88,1.16,72,synthetic_imd_forecast,True,2,SYNTHETIC_DEMO_DATA
2026-08-16T07:22:35.250415+00:00,19.125,72.855,4.05,0,synthetic_sensor,False,3,SYNTHETIC_DEMO_DATA
2026-08-17T07:22:35.250415+00:00,19.125,72.855,3.62,24,synthetic_imd_forecast,True,3,SYNTHETIC_DEMO_DATA
2026-08-18T07:22:35.250415+00:00,19.125,72.855,4.36,48,synthetic_imd_forecast,True,3,SYNTHETIC_DEMO_DATA
2026-08-19T07:22:35.250415+00:00,19.125,72.855,4.38,72,synthetic_imd_forecast,True,3,SYNTHETIC_DEMO_DATA
2026-08-16T07:22:35.250415+00:00,19.04,72.86,3.22,0,synthetic_sensor,False,4,SYNTHETIC_DEMO_DATA
2026-08-17T07:22:35.250415+00:00,19.04,72.86,3.48,24,synthetic_imd_forecast,True,4,SYNTHETIC_DEMO_DATA
2026-08-18T07:22:35.250415+00:00,19.04,72.86,3.55,48,synthetic_imd_forecast,True,4,SYNTHETIC_DEMO_DATA
2026-08-19T07:22:35.250415+00:00,19.04,72.86,3.33,72,synthetic_imd_forecast,True,4,SYNTHETIC_DEMO_DATA
2026-08-16T08:22:35.250415+00:00,19.02,72.84,0.28,0,synthetic_sensor,False,1,SYNTHETIC_DEMO_DATA
2026-08-17T08:22:35.250415+00:00,19.02,72.84,0.28,24,synthetic_imd_forecast,True,1,SYNTHETIC_DEMO_DATA
2026-08-18T08:22:35.250415+00:00,19.02,72.84,0.24,48,synthetic_imd_forecast,True,1,SYNTHETIC_DEMO_DATA
2026-08-19T08:22:35.250415+00:00,19.02,72.84,0.27,72,synthetic_imd_forecast,True,1,SYNTHETIC_DEMO_DATA
2026-08-16T08:22:35.250415+00:00,19.07,72.88,1.57,0,synthetic_sensor,False,2,SYNTHETIC_DEMO_DATA
2026-08-17T08:22:35.250415+00:00,19.07,72.88,1.37,24,synthetic_imd_forecast,True,2,SYNTHETIC_DEMO_DATA
2026-08-18T08:22:35.250415+00:00,19.07,72.88,1.5,48,synthetic_imd_forecast,True,2,SYNTHETIC_DEMO_DATA
2026-08-19T08:22:35.250415+00:00,19.07,72.88,1.39,72,synthetic_imd_forecast,True,2,SYNTHETIC_DEMO_DATA
2026-08-16T08:22:35.250415+00:00,19.125,72.855,4.95,0,synthetic_sensor,False,3,SYNTHETIC_DEMO_DATA
2026-08-17T08:22:35.250415+00:00,19.125,72.855,5.61,24,synthetic_imd_forecast,True,3,SYNTHETIC_DEMO_DATA
2026-08-18T08:22:35.250415+00:00,19.125,72.855,4.31,48,synthetic_imd_forecast,True,3,SYNTHETIC_DEMO_DATA
2026-08-19T08:22:35.250415+00:00,19.125,72.855,5.63,72,synthetic_imd_forecast,True,3,SYNTHETIC_DEMO_DATA
2026-08-16T08:22:35.250415+00:00,19.04,72.86,2.22,0,synthetic_sensor,False,4,SYNTHETIC_DEMO_DATA
2026-08-17T08:22:35.250415+00:00,19.04,72.86,2.09,24,synthetic_imd_forecast,True,4,SYNTHETIC_DEMO_DATA
2026-08-18T08:22:35.250415+00:00,19.04,72.86,1.94,48,synthetic_imd_forecast,True,4,SYNTHETIC_DEMO_DATA
2026-08-19T08:22:35.250415+00:00,19.04,72.86,2.22,72,synthetic_imd_forecast,True,4,SYNTHETIC_DEMO_DATA
2026-08-16T09:22:35.250415+00:00,19.02,72.84,4.75,0,synthetic_sensor,False,1,SYNTHETIC_DEMO_DATA
2026-08-17T09:22:35.250415+00:00,19.02,72.84,5.05,24,synthetic_imd_forecast,True,1,SYNTHETIC_DEMO_DATA
2026-08-18T09:22:35.250415+00:00,19.02,72.84,4.11,48,synthetic_imd_forecast,True,1,SYNTHETIC_DEMO_DATA
2026-08-19T09:22:35.250415+00:00,19.02,72.84,4.14,72,synthetic_imd_forecast,True,1,SYNTHETIC_DEMO_DATA
2026-08-16T09:22:35.250415+00:00,19.07,72.88,1.55,0,synthetic_sensor,False,2,SYNTHETIC_DEMO_DATA
2026-08-17T09:22:35.250415+00:00,19.07,72.88,1.45,24,synthetic_imd_forecast,True,2,SYNTHETIC_DEMO_DATA
2026-08-18T09:22:35.250415+00:00,19.07,72.88,1.43,48,synthetic_imd_forecast,True,2,SYNTHETIC_DEMO_DATA
2026-08-19T09:22:35.250415+00:00,19.07,72.88,1.45,72,synthetic_imd_forecast,True,2,SYNTHETIC_DEMO_DATA
2026-08-16T09:22:35.250415+00:00,19.125,72.855,4.88,0,synthetic_sensor,False,3,SYNTHETIC_DEMO_DATA
2026-08-17T09:22:35.250415+00:00,19.125,72.855,5.51,24,synthetic_imd_forecast,True,3,SYNTHETIC_DEMO_DATA
2026-08-18T09:22:35.250415+00:00,19.125,72.855,4.74,48,synthetic_imd_forecast,True,3,SYNTHETIC_DEMO_DATA
2026-08-19T09:22:35.250415+00:00,19.125,72.855,5.47,72,synthetic_imd_forecast,True,3,SYNTHETIC_DEMO_DATA
2026-08-16T09:22:35.250415+00:00,19.04,72.86,1.16,0,synthetic_sensor,False,4,SYNTHETIC_DEMO_DATA
2026-08-17T09:22:35.250415+00:00,19.04,72.86,1.15,24,synthetic_imd_forecast,True,4,SYNTHETIC_DEMO_DATA
2026-08-18T09:22:35.250415+00:00,19.04,72.86,1.06,48,synthetic_imd_forecast,True,4,SYNTHETIC_DEMO_DATA
2026-08-19T09:22:35.250415+00:00,19.04,72.86,1.21,72,synthetic_imd_forecast,True,4,SYNTHETIC_DEMO_DATA
2026-08-16T10:22:35.250415+00:00,19.02,72.84,11.59,0,synthetic_sensor,False,1,SYNTHETIC_DEMO_DATA
2026-08-17T10:22:35.250415+00:00,19.02,72.84,11.95,24,synthetic_imd_forecast,True,1,SYNTHETIC_DEMO_DATA
2026-08-18T10:22:35.250415+00:00,19.02,72.84,11.1,48,synthetic_imd_forecast,True,1,SYNTHETIC_DEMO_DATA
2026-08-19T10:22:35.250415+00:00,19.02,72.84,12.1,72,synthetic_imd_forecast,True,1,SYNTHETIC_DEMO_DATA
2026-08-16T10:22:35.250415+00:00,19.07,72.88,0.39,0,synthetic_sensor,False,2,SYNTHETIC_DEMO_DATA
2026-08-17T10:22:35.250415+00:00,19.07,72.88,0.44,24,synthetic_imd_forecast,True,2,SYNTHETIC_DEMO_DATA
2026-08-18T10:22:35.250415+00:00,19.07,72.88,0.39,48,synthetic_imd_forecast,True,2,SYNTHETIC_DEMO_DATA
2026-08-19T10:22:35.250415+00:00,19.07,72.88,0.38,72,synthetic_imd_forecast,True,2,SYNTHETIC_DEMO_DATA
2026-08-16T10:22:35.250415+00:00,19.125,72.855,2.64,0,synthetic_sensor,False,3,SYNTHETIC_DEMO_DATA
2026-08-17T10:22:35.250415+00:00,19.125,72.855,2.74,24,synthetic_imd_forecast,True,3,SYNTHETIC_DEMO_DATA
2026-08-18T10:22:35.250415+00:00,19.125,72.855,2.3,48,synthetic_imd_forecast,True,3,SYNTHETIC_DEMO_DATA
2026-08-19T10:22:35.250415+00:00,19.125,72.855,2.78,72,synthetic_imd_forecast,True,3,SYNTHETIC_DEMO_DATA
2026-08-16T10:22:35.250415+00:00,19.04,72.86,0.83,0,synthetic_sensor,False,4,SYNTHETIC_DEMO_DATA
2026-08-17T10:22:35.250415+00:00,19.04,72.86,0.88,24,synthetic_imd_forecast,True,4,SYNTHETIC_DEMO_DATA
2026-08-18T10:22:35.250415+00:00,19.04,72.86,0.91,48,synthetic_imd_forecast,True,4,SYNTHETIC_DEMO_DATA
2026-08-19T10:22:35.250415+00:00,19.04,72.86,0.91,72,synthetic_imd_forecast,True,4,SYNTHETIC_DEMO_DATA
2026-08-16T11:22:35.250415+00:00,19.02,72.84,2.41,0,synthetic_sensor,False,1,SYNTHETIC_DEMO_DATA
2026-08-17T11:22:35.250415+00:00,19.02,72.84,2.42,24,synthetic_imd_forecast,True,1,SYNTHETIC_DEMO_DATA
2026-08-18T11:22:35.250415+00:00,19.02,72.84,2.15,48,synthetic_imd_forecast,True,1,SYNTHETIC_DEMO_DATA
2026-08-19T11:22:35.250415+00:00,19.02,72.84,2.61,72,synthetic_imd_forecast,True,1,SYNTHETIC_DEMO_DATA
2026-08-16T11:22:35.250415+00:00,19.07,72.88,0.95,0,synthetic_sensor,False,2,SYNTHETIC_DEMO_DATA
2026-08-17T11:22:35.250415+00:00,19.07,72.88,0.95,24,synthetic_imd_forecast,True,2,SYNTHETIC_DEMO_DATA
2026-08-18T11:22:35.250415+00:00,19.07,72.88,0.89,48,synthetic_imd_forecast,True,2,SYNTHETIC_DEMO_DATA
2026-08-19T11:22:35.250415+00:00,19.07,72.88,0.85,72,synthetic_imd_forecast,True,2,SYNTHETIC_DEMO_DATA
2026-08-16T11:22:35.250415+00:00,19.125,72.855,2.98,0,synthetic_sensor,False,3,SYNTHETIC_DEMO_DATA
2026-08-17T11:22:35.250415+00:00,19.125,72.855,2.58,24,synthetic_imd_forecast,True,3,SYNTHETIC_DEMO_DATA
2026-08-18T11:22:35.250415+00:00,19.125,72.855,3.2,48,synthetic_imd_forecast,True,3,SYNTHETIC_DEMO_DATA
2026-08-19T11:22:35.250415+00:00,19.125,72.855,2.82,72,synthetic_imd_forecast,True,3,SYNTHETIC_DEMO_DATA
2026-08-16T11:22:35.250415+00:00,19.04,72.86,0.0,0,synthetic_sensor,False,4,SYNTHETIC_DEMO_DATA
2026-08-17T11:22:35.250415+00:00,19.04,72.86,0.0,24,synthetic_imd_forecast,True,4,SYNTHETIC_DEMO_DATA
2026-08-18T11:22:35.250415+00:00,19.04,72.86,0.0,48,synthetic_imd_forecast,True,4,SYNTHETIC_DEMO_DATA
2026-08-19T11:22:35.250415+00:00,19.04,72.86,0.0,72,synthetic_imd_forecast,True,4,SYNTHETIC_DEMO_DATA
2026-08-16T12:22:35.250415+00:00,19.02,72.84,3.68,0,synthetic_sensor,False,1,SYNTHETIC_DEMO_DATA
2026-08-17T12:22:35.250415+00:00,19.02,72.84,3.2,24,synthetic_imd_forecast,True,1,SYNTHETIC_DEMO_DATA
2026-08-18T12:22:35.250415+00:00,19.02,72.84,4.05,48,synthetic_imd_forecast,True,1,SYNTHETIC_DEMO_DATA
2026-08-19T12:22:35.250415+00:00,19.02,72.84,3.13,72,synthetic_imd_forecast,True,1,SYNTHETIC_DEMO_DATA
2026-08-16T12:22:35.250415+00:00,19.07,72.88,0.85,0,synthetic_sensor,False,2,SYNTHETIC_DEMO_DATA
2026-08-17T12:22:35.250415+00:00,19.07,72.88,0.91,24,synthetic_imd_forecast,True,2,SYNTHETIC_DEMO_DATA
2026-08-18T12:22:35.250415+00:00,19.07,72.88,0.8,48,synthetic_imd_forecast,True,2,SYNTHETIC_DEMO_DATA
2026-08-19T12:22:35.250415+00:00,19.07,72.88,0.75,72,synthetic_imd_forecast,True,2,SYNTHETIC_DEMO_DATA
2026-08-16T12:22:35.250415+00:00,19.125,72.855,1.34,0,synthetic_sensor,False,3,SYNTHETIC_DEMO_DATA
2026-08-17T12:22:35.250415+00:00,19.125,72.855,1.25,24,synthetic_imd_forecast,True,3,SYNTHETIC_DEMO_DATA
2026-08-18T12:22:35.250415+00:00,19.125,72.855,1.48,48,synthetic_imd_forecast,True,3,SYNTHETIC_DEMO_DATA
2026-08-19T12:22:35.250415+00:00,19.125,72.855,1.26,72,synthetic_imd_forecast,True,3,SYNTHETIC_DEMO_DATA
2026-08-16T12:22:35.250415+00:00,19.04,72.86,4.67,0,synthetic_sensor,False,4,SYNTHETIC_DEMO_DATA
2026-08-17T12:22:35.250415+00:00,19.04,72.86,5.22,24,synthetic_imd_forecast,True,4,SYNTHETIC_DEMO_DATA
2026-08-18T12:22:35.250415+00:00,19.04,72.86,4.58,48,synthetic_imd_forecast,True,4,SYNTHETIC_DEMO_DATA
2026-08-19T12:22:35.250415+00:00,19.04,72.86,5.24,72,synthetic_imd_forecast,True,4,SYNTHETIC_DEMO_DATA
2026-08-16T13:22:35.250415+00:00,19.02,72.84,1.42,0,synthetic_sensor,False,1,SYNTHETIC_DEMO_DATA
2026-08-17T13:22:35.250415+00:00,19.02,72.84,1.62,24,synthetic_imd_forecast,True,1,SYNTHETIC_DEMO_DATA
2026-08-18T13:22:35.250415+00:00,19.02,72.84,1.25,48,synthetic_imd_forecast,True,1,SYNTHETIC_DEMO_DATA
2026-08-19T13:22:35.250415+00:00,19.02,72.84,1.5,72,synthetic_imd_forecast,True,1,SYNTHETIC_DEMO_DATA
2026-08-16T13:22:35.250415+00:00,19.07,72.88,2.04,0,synthetic_sensor,False,2,SYNTHETIC_DEMO_DATA
2026-08-17T13:22:35.250415+00:00,19.07,72.88,1.97,24,synthetic_imd_forecast,True,2,SYNTHETIC_DEMO_DATA
2026-08-18T13:22:35.250415+00:00,19.07,72.88,2.12,48,synthetic_imd_forecast,True,2,SYNTHETIC_DEMO_DATA
2026-08-19T13:22:35.250415+00:00,19.07,72.88,2.16,72,synthetic_imd_forecast,True,2,SYNTHETIC_DEMO_DATA
2026-08-16T13:22:35.250415+00:00,19.125,72.855,0.01,0,synthetic_sensor,False,3,SYNTHETIC_DEMO_DATA
2026-08-17T13:22:35.250415+00:00,19.125,72.855,0.01,24,synthetic_imd_forecast,True,3,SYNTHETIC_DEMO_DATA
2026-08-18T13:22:35.250415+00:00,19.125,72.855,0.01,48,synthetic_imd_forecast,True,3,SYNTHETIC_DEMO_DATA
2026-08-19T13:22:35.250415+00:00,19.125,72.855,0.01,72,synthetic_imd_forecast,True,3,SYNTHETIC_DEMO_DATA
2026-08-16T13:22:35.250415+00:00,19.04,72.86,10.15,0,synthetic_sensor,False,4,SYNTHETIC_DEMO_DATA
2026-08-17T13:22:35.250415+00:00,19.04,72.86,10.94,24,synthetic_imd_forecast,True,4,SYNTHETIC_DEMO_DATA
2026-08-18T13:22:35.250415+00:00,19.04,72.86,11.52,48,synthetic_imd_forecast,True,4,SYNTHETIC_DEMO_DATA
2026-08-19T13:22:35.250415+00:00,19.04,72.86,10.77,72,synthetic_imd_forecast,True,4,SYNTHETIC_DEMO_DATA
2026-08-16T14:22:35.250415+00:00,19.02,72.84,1.06,0,synthetic_sensor,False,1,SYNTHETIC_DEMO_DATA
2026-08-17T14:22:35.250415+00:00,19.02,72.84,0.93,24,synthetic_imd_forecast,True,1,SYNTHETIC_DEMO_DATA
2026-08-18T14:22:35.250415+00:00,19.02,72.84,1.15,48,synthetic_imd_forecast,True,1,SYNTHETIC_DEMO_DATA
2026-08-19T14:22:35.250415+00:00,19.02,72.84,1.11,72,synthetic_imd_forecast,True,1,SYNTHETIC_DEMO_DATA
2026-08-16T14:22:35.250415+00:00,19.07,72.88,0.15,0,synthetic_sensor,False,2,SYNTHETIC_DEMO_DATA
2026-08-17T14:22:35.250415+00:00,19.07,72.88,0.14,24,synthetic_imd_forecast,True,2,SYNTHETIC_DEMO_DATA
2026-08-18T14:22:35.250415+00:00,19.07,72.88,0.17,48,synthetic_imd_forecast,True,2,SYNTHETIC_DEMO_DATA
2026-08-19T14:22:35.250415+00:00,19.07,72.88,0.15,72,synthetic_imd_forecast,True,2,SYNTHETIC_DEMO_DATA
2026-08-16T14:22:35.250415+00:00,19.125,72.855,1.7,0,synthetic_sensor,False,3,SYNTHETIC_DEMO_DATA
2026-08-17T14:22:35.250415+00:00,19.125,72.855,1.68,24,synthetic_imd_forecast,True,3,SYNTHETIC_DEMO_DATA
2026-08-18T14:22:35.250415+00:00,19.125,72.855,1.55,48,synthetic_imd_forecast,True,3,SYNTHETIC_DEMO_DATA
2026-08-19T14:22:35.250415+00:00,19.125,72.855,1.63,72,synthetic_imd_forecast,True,3,SYNTHETIC_DEMO_DATA
2026-08-16T14:22:35.250415+00:00,19.04,72.86,1.39,0,synthetic_sensor,False,4,SYNTHETIC_DEMO_DATA
2026-08-17T14:22:35.250415+00:00,19.04,72.86,1.2,24,synthetic_imd_forecast,True,4,SYNTHETIC_DEMO_DATA
2026-08-18T14:22:35.250415+00:00,19.04,72.86,1.5,48,synthetic_imd_forecast,True,4,SYNTHETIC_DEMO_DATA
2026-08-19T14:22:35.250415+00:00,19.04,72.86,1.36,72,synthetic_imd_forecast,True,4,SYNTHETIC_DEMO_DATA
2026-08-16T15:22:35.250415+00:00,19.02,72.84,5.18,0,synthetic_sensor,False,1,SYNTHETIC_DEMO_DATA
2026-08-17T15:22:35.250415+00:00,19.02,72.84,5.72,24,synthetic_imd_forecast,True,1,SYNTHETIC_DEMO_DATA
2026-08-18T15:22:35.250415+00:00,19.02,72.84,4.73,48,synthetic_imd_forecast,True,1,SYNTHETIC_DEMO_DATA
2026-08-19T15:22:35.250415+00:00,19.02,72.84,5.42,72,synthetic_imd_forecast,True,1,SYNTHETIC_DEMO_DATA
2026-08-16T15:22:35.250415+00:00,19.07,72.88,1.92,0,synthetic_sensor,False,2,SYNTHETIC_DEMO_DATA
2026-08-17T15:22:35.250415+00:00,19.07,72.88,2.14,24,synthetic_imd_forecast,True,2,SYNTHETIC_DEMO_DATA
2026-08-18T15:22:35.250415+00:00,19.07,72.88,1.76,48,synthetic_imd_forecast,True,2,SYNTHETIC_DEMO_DATA
2026-08-19T15:22:35.250415+00:00,19.07,72.88,2.02,72,synthetic_imd_forecast,True,2,SYNTHETIC_DEMO_DATA
2026-08-16T15:22:35.250415+00:00,19.125,72.855,2.81,0,synthetic_sensor,False,3,SYNTHETIC_DEMO_DATA
2026-08-17T15:22:35.250415+00:00,19.125,72.855,2.64,24,synthetic_imd_forecast,True,3,SYNTHETIC_DEMO_DATA
2026-08-18T15:22:35.250415+00:00,19.125,72.855,2.5,48,synthetic_imd_forecast,True,3,SYNTHETIC_DEMO_DATA
2026-08-19T15:22:35.250415+00:00,19.125,72.855,2.94,72,synthetic_imd_forecast,True,3,SYNTHETIC_DEMO_DATA
2026-08-16T15:22:35.250415+00:00,19.04,72.86,4.03,0,synthetic_sensor,False,4,SYNTHETIC_DEMO_DATA
2026-08-17T15:22:35.250415+00:00,19.04,72.86,3.81,24,synthetic_imd_forecast,True,4,SYNTHETIC_DEMO_DATA
2026-08-18T15:22:35.250415+00:00,19.04,72.86,4.21,48,synthetic_imd_forecast,True,4,SYNTHETIC_DEMO_DATA
2026-08-19T15:22:35.250415+00:00,19.04,72.86,3.9,72,synthetic_imd_forecast,True,4,SYNTHETIC_DEMO_DATA
2026-08-16T16:22:35.250415+00:00,19.02,72.84,3.75,0,synthetic_sensor,False,1,SYNTHETIC_DEMO_DATA
2026-08-17T16:22:35.250415+00:00,19.02,72.84,3.41,24,synthetic_imd_forecast,True,1,SYNTHETIC_DEMO_DATA
2026-08-18T16:22:35.250415+00:00,19.02,72.84,4.19,48,synthetic_imd_forecast,True,1,SYNTHETIC_DEMO_DATA
2026-08-19T16:22:35.250415+00:00,19.02,72.84,3.51,72,synthetic_imd_forecast,True,1,SYNTHETIC_DEMO_DATA
2026-08-16T16:22:35.250415+00:00,19.07,72.88,1.38,0,synthetic_sensor,False,2,SYNTHETIC_DEMO_DATA
2026-08-17T16:22:35.250415+00:00,19.07,72.88,1.2,24,synthetic_imd_forecast,True,2,SYNTHETIC_DEMO_DATA
2026-08-18T16:22:35.250415+00:00,19.07,72.88,1.22,48,synthetic_imd_forecast,True,2,SYNTHETIC_DEMO_DATA
2026-08-19T16:22:35.250415+00:00,19.07,72.88,1.39,72,synthetic_imd_forecast,True,2,SYNTHETIC_DEMO_DATA
2026-08-16T16:22:35.250415+00:00,19.125,72.855,0.93,0,synthetic_sensor,False,3,SYNTHETIC_DEMO_DATA
2026-08-17T16:22:35.250415+00:00,19.125,72.855,1.02,24,synthetic_imd_forecast,True,3,SYNTHETIC_DEMO_DATA
2026-08-18T16:22:35.250415+00:00,19.125,72.855,0.79,48,synthetic_imd_forecast,True,3,SYNTHETIC_DEMO_DATA
2026-08-19T16:22:35.250415+00:00,19.125,72.855,0.9,72,synthetic_imd_forecast,True,3,SYNTHETIC_DEMO_DATA
2026-08-16T16:22:35.250415+00:00,19.04,72.86,1.23,0,synthetic_sensor,False,4,SYNTHETIC_DEMO_DATA
2026-08-17T16:22:35.250415+00:00,19.04,72.86,1.05,24,synthetic_imd_forecast,True,4,SYNTHETIC_DEMO_DATA
2026-08-18T16:22:35.250415+00:00,19.04,72.86,1.09,48,synthetic_imd_forecast,True,4,SYNTHETIC_DEMO_DATA
2026-08-19T16:22:35.250415+00:00,19.04,72.86,1.2,72,synthetic_imd_forecast,True,4,SYNTHETIC_DEMO_DATA
