{
  "type": "FeatureCollection",
  "features": [
    {
      "type": "Feature",
      "id": 31946252,
      "geometry": {
        "type": "LineString",
        "coordinates": [
          [
            78.0958619,
            11.5953475
          ],
          [
            78.0936303,
            11.5931615
          ],
          [
            78.092257,
            11.5921525
          ],
          [
            78.0908837,
            11.5921525
          ],
          [
            78.0891671,
            11.5904709
          ],
          [
            78.0881372,
            11.5892938
          ],
          [
            78.0874505,
            11.5881166
          ],
          [
            78.0874505,
            11.5866032
          ],
          [
            78.0872789,
            11.5850897
          ],
          [
            78.0859056,
            11.584417
          ],
          [
            78.0850473,
            11.5839125
          ],
          [
            78.0847039,
            11.5822309
          ],
          [
            78.0835023,
            11.5820627
          ],
          [
            78.0829873,
            11.580381
          ],
          [
            78.082129,
            11.5798765
          ],
          [
            78.0812707,
            11.5797084
          ],
          [
            78.082129,
            11.578363
          ],
          [
            78.083159,
            11.577354
          ],
          [
            78.0817857,
            11.5761768
          ],
          [
            78.0814424,
            11.5739906
          ],
          [
            78.0812707,
            11.5718044
          ],
          [
            78.0793705,
            11.5702512
          ],
          [
            78.0791825,
            11.5694786
          ],
          [
            78.0794657,
            11.5689236
          ],
          [
            78.0804941,
            11.5680794
          ],
          [
            78.081099,
            11.565582
          ],
          [
            78.0828157,
            11.5633957
          ],
          [
            78.0828157,
            11.5615457
          ],
          [
            78.0829873,
            11.5596957
          ],
          [
            78.0838456,
            11.5578458
          ],
          [
            78.0829873,
            11.5559958
          ],
          [
            78.0835023,
            11.5544821
          ],
          [
            78.0823179,
            11.552733
          ],
          [
            78.0822964,
            11.550576
          ],
          [
            78.0823007,
            11.5499412
          ],
          [
            78.0819574,
            11.5487639
          ],
          [
            78.0805841,
            11.5472502
          ],
          [
            78.0786958,
            11.5445592
          ],
          [
            78.0781808,
            11.5415318
          ],
          [
            78.0768075,
            11.5405226
          ],
          [
            78.0757414,
            11.5385937
          ],
          [
            78.074506,
            11.5373066
          ],
          [
            78.0734593,
            11.5360442
          ],
          [
            78.0726428,
            11.5348857
          ],
          [
            78.0719417,
            11.5337272
          ],
          [
            78.0718757,
            11.5329253
          ],
          [
            78.0721995,
            11.532477
          ],
          [
            78.0733666,
            11.5314389
          ],
          [
            78.073383,
            11.531022
          ],
          [
            78.0725677,
            11.5300264
          ],
          [
            78.0710184,
            11.5286995
          ],
          [
            78.0694734,
            11.5280792
          ],
          [
            78.0693174,
            11.5277447
          ],
          [
            78.0691443,
            11.5270716
          ],
          [
            78.068853,
            11.5259024
          ],
          [
            78.0685678,
            11.5247122
          ],
          [
            78.0680481,
            11.5237596
          ],
          [
            78.0677858,
            11.5231424
          ],
          [
            78.0671532,
            11.5228638
          ],
          [
            78.0665135,
            11.5227479
          ],
          [
            78.0655482,
            11.5228371
          ],
          [
            78.064453,
            11.5229828
          ],
          [
            78.0634597,
            11.5230394
          ],
          [
            78.0622967,
            11.5226024
          ],
          [
            78.0612852,
            11.5218755
          ],
          [
            78.061232,
            11.5203564
          ],
          [
            78.0609545,
            11.5200187
          ],
          [
            78.060881,
            11.5194455
          ],
          [
            78.060436,
            11.5186504
          ],
          [
            78.0602823,
            11.5184598
          ],
          [
            78.0588723,
            11.5166807
          ],
          [
            78.0581934,
            11.5150994
          ],
          [
            78.0574233,
            11.5123048
          ],
          [
            78.0577878,
            11.5113177
          ],
          [
            78.0591194,
            11.5096998
          ],
          [
            78.05912,
            11.5092411
          ],
          [
            78.057781,
            11.5079947
          ],
          [
            78.0582681,
            11.5070506
          ],
          [
            78.059714,
            11.5056616
          ],
          [
            78.059813,
            11.5036864
          ],
          [
            78.0592981,
            11.5013314
          ],
          [
            78.0603558,
            11.4991267
          ],
          [
            78.0613059,
            11.4970989
          ],
          [
            78.061102,
            11.49642
          ],
          [
            78.0603169,
            11.494978
          ],
          [
            78.0605252,
            11.4942304
          ],
          [
            78.0607455,
            11.4939515
          ],
          [
            78.061396,
            11.493533
          ],
          [
            78.0616117,
            11.49329
          ],
          [
            78.0616249,
            11.4929539
          ],
          [
            78.0614107,
            11.4924149
          ],
          [
            78.0608702,
            11.4918813
          ],
          [
            78.0595954,
            11.4913524
          ],
          [
            78.0588519,
            11.4910343
          ],
          [
            78.0585419,
            11.4905121
          ],
          [
            78.0587758,
            11.4898223
          ],
          [
            78.0589386,
            11.4894734
          ],
          [
            78.0583526,
            11.4876864
          ],
          [
            78.0578293,
            11.4859259
          ],
          [
            78.0579485,
            11.4847469
          ],
          [
            78.0585103,
            11.4841121
          ],
          [
            78.0589604,
            11.4840957
          ]
        ]
      },
      "properties": {
        "id": 31946252,
        "name": "Thirumanimuthar திருமணிமுத்தாறு",
        "drain_type": "canal",
        "capacity": "22 m3/s",
        "status": "normal",
        "district": "Salem",
        "data_source_type": "OpenStreetMap Public Data"
      }
    },
    {
      "type": "Feature",
      "id": 44634426,
      "geometry": {
        "type": "LineString",
        "coordinates": [
          [
            78.1163108,
            11.6417786
          ],
          [
            78.1164708,
            11.6412439
          ],
          [
            78.1168475,
            11.6407885
          ],
          [
            78.1171564,
            11.6405766
          ],
          [
            78.1173917,
            11.6402588
          ],
          [
            78.1175372,
            11.6400748
          ],
          [
            78.1175894,
            11.6398534
          ],
          [
            78.1176539,
            11.6394693
          ],
          [
            78.1175439,
            11.6391054
          ],
          [
            78.1173436,
            11.638886
          ],
          [
            78.117438,
            11.638093
          ],
          [
            78.117282,
            11.6372943
          ],
          [
            78.1167177,
            11.6370535
          ],
          [
            78.1163854,
            11.635913
          ],
          [
            78.1164318,
            11.635504
          ],
          [
            78.1166611,
            11.6346231
          ],
          [
            78.1168203,
            11.6341707
          ],
          [
            78.1169325,
            11.6337275
          ],
          [
            78.1168349,
            11.6334967
          ],
          [
            78.1169116,
            11.6329972
          ],
          [
            78.1170643,
            11.6327934
          ],
          [
            78.1170779,
            11.6327203
          ],
          [
            78.1170497,
            11.6325968
          ],
          [
            78.1170927,
            11.6325206
          ],
          [
            78.1170495,
            11.6322214
          ],
          [
            78.1170631,
            11.6320372
          ],
          [
            78.1171028,
            11.6318512
          ],
          [
            78.1170564,
            11.6315998
          ],
          [
            78.1169196,
            11.6314395
          ],
          [
            78.1168955,
            11.631102
          ],
          [
            78.1168389,
            11.6308317
          ],
          [
            78.1166648,
            11.6304018
          ],
          [
            78.1164296,
            11.6300051
          ],
          [
            78.116119,
            11.6296781
          ],
          [
            78.1158576,
            11.6293391
          ],
          [
            78.1156121,
            11.6291408
          ],
          [
            78.1154392,
            11.6287435
          ],
          [
            78.1154111,
            11.6286212
          ],
          [
            78.1154302,
            11.6284311
          ],
          [
            78.1154349,
            11.6282824
          ],
          [
            78.1158477,
            11.6278398
          ],
          [
            78.1162296,
            11.6276638
          ],
          [
            78.1167807,
            11.6272853
          ],
          [
            78.1168376,
            11.6270259
          ],
          [
            78.1168413,
            11.6265323
          ],
          [
            78.1166103,
            11.6261986
          ],
          [
            78.1163245,
            11.6259775
          ],
          [
            78.1158339,
            11.6257723
          ],
          [
            78.1152738,
            11.6252246
          ],
          [
            78.1150266,
            11.6249057
          ],
          [
            78.1149622,
            11.6247258
          ],
          [
            78.1149179,
            11.6245616
          ],
          [
            78.1148509,
            11.6244589
          ],
          [
            78.114535,
            11.6242637
          ],
          [
            78.1140313,
            11.6239003
          ],
          [
            78.1133085,
            11.6235231
          ],
          [
            78.1126997,
            11.6226347
          ],
          [
            78.1126256,
            11.6224115
          ],
          [
            78.1125408,
            11.6221831
          ],
          [
            78.1123736,
            11.6218001
          ],
          [
            78.1122484,
            11.6216078
          ],
          [
            78.1121975,
            11.621479
          ],
          [
            78.1122082,
            11.6212767
          ],
          [
            78.1121331,
            11.6211349
          ],
          [
            78.1119106,
            11.621021
          ],
          [
            78.1117871,
            11.6206488
          ],
          [
            78.1115918,
            11.6203816
          ],
          [
            78.111394,
            11.6202647
          ],
          [
            78.110557,
            11.620249
          ],
          [
            78.1098158,
            11.6202894
          ],
          [
            78.1094777,
            11.6202342
          ],
          [
            78.1091501,
            11.6200412
          ],
          [
            78.1083029,
            11.6192306
          ],
          [
            78.1077584,
            11.61804
          ],
          [
            78.1077431,
            11.6175149
          ],
          [
            78.1080623,
            11.6163223
          ],
          [
            78.1081111,
            11.6159594
          ],
          [
            78.108041,
            11.6157052
          ],
          [
            78.1079043,
            11.6155389
          ],
          [
            78.1076796,
            11.6153677
          ],
          [
            78.106256,
            11.6147906
          ],
          [
            78.1058849,
            11.6142036
          ],
          [
            78.1055995,
            11.6140053
          ],
          [
            78.1053424,
            11.6137735
          ],
          [
            78.1053572,
            11.6132408
          ],
          [
            78.1053894,
            11.6129504
          ],
          [
            78.1053398,
            11.6127678
          ],
          [
            78.1053296,
            11.6126333
          ],
          [
            78.1052526,
            11.6123935
          ],
          [
            78.1051921,
            11.6123023
          ],
          [
            78.1050099,
            11.6118943
          ],
          [
            78.104916,
            11.6117668
          ],
          [
            78.104849,
            11.6116014
          ],
          [
            78.1046524,
            11.6114654
          ],
          [
            78.1046652,
            11.6113215
          ],
          [
            78.1046261,
            11.6111513
          ],
          [
            78.104468,
            11.6109204
          ],
          [
            78.1043098,
            11.6108919
          ],
          [
            78.1041086,
            11.6103468
          ],
          [
            78.1041355,
            11.6101405
          ],
          [
            78.1040858,
            11.6098647
          ],
          [
            78.1040818,
            11.609732
          ],
          [
            78.1039665,
            11.6096763
          ],
          [
            78.1036688,
            11.6096224
          ],
          [
            78.1035266,
            11.6094688
          ],
          [
            78.1034464,
            11.6092885
          ],
          [
            78.1032785,
            11.6091427
          ],
          [
            78.1030693,
            11.6090928
          ],
          [
            78.1028279,
            11.6090626
          ],
          [
            78.1027273,
            11.6091211
          ],
          [
            78.1025503,
            11.6091855
          ],
          [
            78.1021188,
            11.6091077
          ],
          [
            78.1018529,
            11.6091614
          ],
          [
            78.1015284,
            11.609175
          ],
          [
            78.1013808,
            11.6090773
          ],
          [
            78.1010654,
            11.6089785
          ],
          [
            78.1003509,
            11.6088526
          ],
          [
            78.100194,
            11.6087796
          ],
          [
            78.0999794,
            11.6087441
          ],
          [
            78.0997968,
            11.6085479
          ],
          [
            78.0996213,
            11.6081104
          ],
          [
            78.0991393,
            11.6073614
          ],
          [
            78.0988231,
            11.6070006
          ],
          [
            78.0984798,
            11.6066643
          ],
          [
            78.0980935,
            11.6058404
          ],
          [
            78.0977931,
            11.6050837
          ],
          [
            78.0975785,
            11.6044783
          ],
          [
            78.0967803,
            11.6031668
          ],
          [
            78.0964627,
            11.6024689
          ],
          [
            78.0964112,
            11.6020149
          ],
          [
            78.0963941,
            11.6017122
          ],
          [
            78.0961795,
            11.6013759
          ],
          [
            78.0962396,
            11.6007874
          ],
          [
            78.0962911,
            11.6003922
          ],
          [
            78.0963769,
            11.60014
          ],
          [
            78.0963082,
            11.599913
          ],
          [
            78.0962224,
            11.5998289
          ],
          [
            78.0961194,
            11.5996607
          ],
          [
            78.0958362,
            11.5995262
          ],
          [
            78.0956388,
            11.5991731
          ],
          [
            78.0955186,
            11.599047
          ],
          [
            78.094892,
            11.5986686
          ],
          [
            78.0962052,
            11.5983743
          ],
          [
            78.0968919,
            11.5968609
          ],
          [
            78.0958619,
            11.5953475
          ]
        ]
      },
      "properties": {
        "id": 44634426,
        "name": "Thirumanimuthar திருமணிமுத்தாறு",
        "drain_type": "canal",
        "capacity": "46 m3/s",
        "status": "partially_blocked",
        "district": "Salem",
        "data_source_type": "OpenStreetMap Public Data"
      }
    },
    {
      "type": "Feature",
      "id": 44634427,
      "geometry": {
        "type": "LineString",
        "coordinates": [
          [
            78.2020056,
            11.6936556
          ],
          [
            78.2019233,
            11.6934426
          ],
          [
            78.2017511,
            11.6931295
          ],
          [
            78.2013434,
            11.6925937
          ],
          [
            78.2012935,
            11.692319
          ],
          [
            78.2013462,
            11.6920163
          ],
          [
            78.2014004,
            11.691617
          ],
          [
            78.201345,
            11.6912524
          ],
          [
            78.2013327,
            11.6910939
          ],
          [
            78.20133,
            11.6909206
          ],
          [
            78.2015312,
            11.6907131
          ],
          [
            78.2019174,
            11.6904005
          ],
          [
            78.2021803,
            11.69013
          ],
          [
            78.2025665,
            11.6895574
          ],
          [
            78.2023841,
            11.6892632
          ],
          [
            78.2017833,
            11.6888429
          ],
          [
            78.2015043,
            11.6882441
          ],
          [
            78.2009679,
            11.6870674
          ],
          [
            78.2006407,
            11.6868887
          ],
          [
            78.2001418,
            11.6870306
          ],
          [
            78.1997502,
            11.6871094
          ],
          [
            78.1995227,
            11.6868653
          ],
          [
            78.1994185,
            11.6864888
          ],
          [
            78.1994341,
            11.6859877
          ],
          [
            78.1993757,
            11.6857702
          ],
          [
            78.1991954,
            11.6855439
          ],
          [
            78.1987685,
            11.6853054
          ],
          [
            78.1979569,
            11.6848661
          ],
          [
            78.1971318,
            11.684473
          ],
          [
            78.19688,
            11.6841584
          ],
          [
            78.1964419,
            11.6837106
          ],
          [
            78.1960665,
            11.6836291
          ],
          [
            78.1956912,
            11.6836502
          ],
          [
            78.1950553,
            11.6836747
          ],
          [
            78.1945159,
            11.6834764
          ],
          [
            78.1940677,
            11.6831835
          ],
          [
            78.1937377,
            11.6827002
          ],
          [
            78.1935151,
            11.6821066
          ],
          [
            78.1933944,
            11.6817152
          ],
          [
            78.1932368,
            11.6815584
          ],
          [
            78.1930203,
            11.6814225
          ],
          [
            78.1929283,
            11.6814066
          ]
        ]
      },
      "properties": {
        "id": 44634427,
        "name": "Thirumanimuthar திருமணிமுத்தாறு",
        "drain_type": "canal",
        "capacity": "47 m3/s",
        "status": "normal",
        "district": "Salem",
        "data_source_type": "OpenStreetMap Public Data"
      }
    },
    {
      "type": "Feature",
      "id": 44634428,
      "geometry": {
        "type": "LineString",
        "coordinates": [
          [
            78.1444826,
            11.6466406
          ],
          [
            78.1440615,
            11.6466427
          ],
          [
            78.143693,
            11.6469064
          ],
          [
            78.143326,
            11.6471681
          ],
          [
            78.1426936,
            11.6474717
          ],
          [
            78.1420788,
            11.6476094
          ],
          [
            78.1413064,
            11.6477776
          ],
          [
            78.1408171,
            11.6479036
          ],
          [
            78.1404051,
            11.6480802
          ],
          [
            78.1400103,
            11.6482063
          ],
          [
            78.1396241,
            11.6483156
          ],
          [
            78.1393065,
            11.6482315
          ],
          [
            78.1387057,
            11.6480297
          ],
          [
            78.1382079,
            11.6477776
          ],
          [
            78.1374869,
            11.647374
          ],
          [
            78.1371637,
            11.6474548
          ],
          [
            78.1369748,
            11.6475557
          ],
          [
            78.1369062,
            11.6476398
          ],
          [
            78.136889,
            11.6478499
          ],
          [
            78.1368718,
            11.647976
          ],
          [
            78.1363311,
            11.6480769
          ],
          [
            78.1357904,
            11.6483543
          ],
          [
            78.1353011,
            11.6484972
          ],
          [
            78.1350436,
            11.6487998
          ],
          [
            78.1349321,
            11.6491361
          ],
          [
            78.1345887,
            11.6491949
          ],
          [
            78.1342454,
            11.6491949
          ],
          [
            78.133842,
            11.6490688
          ],
          [
            78.1334987,
            11.649052
          ],
          [
            78.1330695,
            11.6490016
          ],
          [
            78.1326833,
            11.6491109
          ],
          [
            78.1325116,
            11.6491697
          ],
          [
            78.1319795,
            11.6491697
          ],
          [
            78.131722,
            11.6490688
          ],
          [
            78.1313529,
            11.6489427
          ],
          [
            78.1308637,
            11.6489848
          ],
          [
            78.1305547,
            11.6489007
          ],
          [
            78.1301513,
            11.6489007
          ],
          [
            78.1298337,
            11.6489848
          ],
          [
            78.1297221,
            11.6490688
          ],
          [
            78.1295762,
            11.6493378
          ],
          [
            78.1294389,
            11.6496152
          ],
          [
            78.129293,
            11.6497581
          ],
          [
            78.1286664,
            11.6498086
          ],
          [
            78.1278339,
            11.6498674
          ],
          [
            78.1271215,
            11.6498674
          ],
          [
            78.1264606,
            11.6497413
          ],
          [
            78.1262288,
            11.6494723
          ],
          [
            78.1259456,
            11.6491109
          ],
          [
            78.1253448,
            11.6488335
          ],
          [
            78.1248555,
            11.6485224
          ],
          [
            78.1242204,
            11.6481862
          ],
          [
            78.1237312,
            11.647665
          ],
          [
            78.1235166,
            11.6471942
          ],
          [
            78.1232419,
            11.6466058
          ],
          [
            78.1223314,
            11.6462024
          ],
          [
            78.1206697,
            11.645888
          ],
          [
            78.1202839,
            11.6457603
          ],
          [
            78.1198584,
            11.6455485
          ],
          [
            78.1195964,
            11.6452897
          ],
          [
            78.119345,
            11.6447075
          ],
          [
            78.1191946,
            11.6441298
          ],
          [
            78.1189336,
            11.6434747
          ],
          [
            78.1185447,
            11.6429792
          ],
          [
            78.1182915,
            11.6427722
          ],
          [
            78.1179228,
            11.6427593
          ],
          [
            78.1176324,
            11.6429396
          ],
          [
            78.1175614,
            11.6428476
          ],
          [
            78.1175566,
            11.6428452
          ]
        ]
      },
      "properties": {
        "id": 44634428,
        "name": "Thirumanimuthar திருமணிமுத்தாறு",
        "drain_type": "canal",
        "capacity": "48 m3/s",
        "status": "normal",
        "district": "Salem",
        "data_source_type": "OpenStreetMap Public Data"
      }
    },
    {
      "type": "Feature",
      "id": 44634432,
      "geometry": {
        "type": "LineString",
        "coordinates": [
          [
            78.1900872,
            11.6832072
          ],
          [
            78.1900014,
            11.682955
          ],
          [
            78.1897439,
            11.6825347
          ],
          [
            78.1894864,
            11.6819884
          ],
          [
            78.1892718,
            11.681358
          ],
          [
            78.1885852,
            11.6809798
          ],
          [
            78.1877269,
            11.6806435
          ],
          [
            78.1865681,
            11.6801392
          ],
          [
            78.1864602,
            11.6800887
          ],
          [
            78.1855811,
            11.6796769
          ],
          [
            78.1848944,
            11.6796349
          ],
          [
            78.1845082,
            11.6794668
          ],
          [
            78.1843365,
            11.6792567
          ],
          [
            78.184637,
            11.6789204
          ],
          [
            78.1850232,
            11.6784161
          ],
          [
            78.1854094,
            11.6779958
          ],
          [
            78.1854094,
            11.6774915
          ],
          [
            78.1847657,
            11.6769031
          ],
          [
            78.1842936,
            11.6764408
          ],
          [
            78.1838216,
            11.6759365
          ],
          [
            78.1833495,
            11.6755162
          ],
          [
            78.1826629,
            11.6750539
          ],
          [
            78.1820994,
            11.674694
          ],
          [
            78.1816758,
            11.6744235
          ],
          [
            78.1809033,
            11.6740873
          ],
          [
            78.1806352,
            11.6740873
          ],
          [
            78.1799805,
            11.6740414
          ],
          [
            78.1792946,
            11.6738683
          ],
          [
            78.1788005,
            11.6734569
          ],
          [
            78.1786022,
            11.6729641
          ],
          [
            78.1782331,
            11.6726624
          ],
          [
            78.1778763,
            11.6725815
          ],
          [
            78.1772126,
            11.672112
          ],
          [
            78.176699,
            11.6717342
          ],
          [
            78.1761113,
            11.6711002
          ],
          [
            78.1757106,
            11.6711033
          ],
          [
            78.1751527,
            11.6708932
          ],
          [
            78.1748314,
            11.670487
          ],
          [
            78.1745966,
            11.6696545
          ],
          [
            78.1743432,
            11.668944
          ],
          [
            78.1741235,
            11.6683014
          ],
          [
            78.1739647,
            11.6681109
          ],
          [
            78.1737761,
            11.667962
          ],
          [
            78.1730769,
            11.6675422
          ],
          [
            78.1729482,
            11.6674376
          ],
          [
            78.1728194,
            11.6673079
          ],
          [
            78.172675,
            11.6670542
          ],
          [
            78.1725817,
            11.6668089
          ],
          [
            78.1722694,
            11.66622
          ],
          [
            78.1717853,
            11.6659648
          ],
          [
            78.1711186,
            11.6655976
          ],
          [
            78.1706036,
            11.6651353
          ],
          [
            78.1698741,
            11.6646309
          ],
          [
            78.1689449,
            11.6641085
          ],
          [
            78.168107,
            11.663664
          ],
          [
            78.1677273,
            11.6634379
          ],
          [
            78.1673719,
            11.6631719
          ],
          [
            78.1671169,
            11.6628858
          ],
          [
            78.1669025,
            11.6626235
          ],
          [
            78.1666996,
            11.6623721
          ],
          [
            78.1664264,
            11.662111
          ],
          [
            78.1661527,
            11.6619797
          ],
          [
            78.1659074,
            11.6618646
          ],
          [
            78.1655537,
            11.6616358
          ],
          [
            78.1654307,
            11.6613271
          ],
          [
            78.1653036,
            11.6608706
          ],
          [
            78.1652563,
            11.6603021
          ],
          [
            78.1652569,
            11.659558
          ],
          [
            78.1652107,
            11.658964
          ],
          [
            78.1650364,
            11.6586226
          ],
          [
            78.1648112,
            11.6583141
          ],
          [
            78.1644856,
            11.6581222
          ],
          [
            78.1636594,
            11.657866
          ],
          [
            78.1635081,
            11.6578192
          ],
          [
            78.1633515,
            11.6576369
          ],
          [
            78.1631267,
            11.6572571
          ],
          [
            78.1630144,
            11.6570941
          ],
          [
            78.1629129,
            11.6569898
          ],
          [
            78.1625449,
            11.6566609
          ],
          [
            78.1622539,
            11.6561638
          ],
          [
            78.1621762,
            11.6560245
          ],
          [
            78.1620218,
            11.6559414
          ],
          [
            78.1616613,
            11.65586
          ],
          [
            78.1610779,
            11.6557656
          ],
          [
            78.1607827,
            11.6557308
          ],
          [
            78.1601766,
            11.6556793
          ],
          [
            78.1594302,
            11.6556612
          ],
          [
            78.1592857,
            11.6556091
          ],
          [
            78.159154,
            11.6555237
          ],
          [
            78.1590262,
            11.6554012
          ],
          [
            78.1589083,
            11.6552571
          ],
          [
            78.15886,
            11.655188
          ],
          [
            78.1587361,
            11.6549185
          ],
          [
            78.158636,
            11.6546168
          ],
          [
            78.1582965,
            11.6538485
          ],
          [
            78.1580747,
            11.6535705
          ],
          [
            78.1578402,
            11.653305
          ],
          [
            78.1577628,
            11.6530388
          ],
          [
            78.1576984,
            11.6522371
          ],
          [
            78.1576032,
            11.6514193
          ],
          [
            78.1575541,
            11.6512119
          ],
          [
            78.1574471,
            11.651023
          ],
          [
            78.1571289,
            11.6508804
          ],
          [
            78.1556406,
            11.6508423
          ],
          [
            78.1546352,
            11.6507347
          ],
          [
            78.1541283,
            11.6506325
          ],
          [
            78.15399,
            11.6504893
          ],
          [
            78.1538815,
            11.6503003
          ],
          [
            78.1535778,
            11.6500752
          ],
          [
            78.1532529,
            11.6499543
          ],
          [
            78.1528774,
            11.6498602
          ],
          [
            78.1525684,
            11.6498602
          ],
          [
            78.1523843,
            11.6499238
          ],
          [
            78.1520667,
            11.6500501
          ],
          [
            78.1517187,
            11.6501376
          ],
          [
            78.1514513,
            11.6500307
          ],
          [
            78.1511739,
            11.6498158
          ]
        ]
      },
      "properties": {
        "id": 44634432,
        "name": "Thirumanimuthar திருமணிமுத்தாறு",
        "drain_type": "canal",
        "capacity": "52 m3/s",
        "status": "normal",
        "district": "Salem",
        "data_source_type": "OpenStreetMap Public Data"
      }
    },
    {
      "type": "Feature",
      "id": 75502679,
      "geometry": {
        "type": "LineString",
        "coordinates": [
          [
            78.0695977,
            11.4554051
          ],
          [
            78.0674657,
            11.4521854
          ],
          [
            78.0671484,
            11.4509958
          ],
          [
            78.0669025,
            11.449954
          ],
          [
            78.0661648,
            11.4486089
          ],
          [
            78.0659109,
            11.4477926
          ],
          [
            78.0649034,
            11.4462609
          ],
          [
            78.0639674,
            11.4453123
          ],
          [
            78.0623491,
            11.4441461
          ],
          [
            78.0611591,
            11.4434696
          ],
          [
            78.0606039,
            11.442731
          ],
          [
            78.0601755,
            11.4418446
          ],
          [
            78.0594774,
            11.440414
          ],
          [
            78.0593108,
            11.4394032
          ],
          [
            78.0589776,
            11.4383536
          ],
          [
            78.0590094,
            11.4377549
          ],
          [
            78.0587238,
            11.4370473
          ],
          [
            78.0581843,
            11.4367052
          ],
          [
            78.0572403,
            11.436573
          ],
          [
            78.0564233,
            11.4365886
          ],
          [
            78.0554634,
            11.4366741
          ],
          [
            78.0545828,
            11.4369229
          ],
          [
            78.0537578,
            11.4367674
          ],
          [
            78.0534326,
            11.4364719
          ],
          [
            78.0534088,
            11.4361298
          ],
          [
            78.0530915,
            11.4352279
          ],
          [
            78.0530439,
            11.4348547
          ],
          [
            78.0529328,
            11.4344348
          ],
          [
            78.0512273,
            11.4343104
          ],
          [
            78.0504578,
            11.433665
          ],
          [
            78.0503229,
            11.4329964
          ],
          [
            78.0502595,
            11.4324832
          ],
          [
            78.0500453,
            11.432281
          ],
          [
            78.0493041,
            11.4321444
          ],
          [
            78.0492441,
            11.4321333
          ],
          [
            78.0486491,
            11.4323821
          ],
          [
            78.0482842,
            11.4321255
          ],
          [
            78.0482604,
            11.4315346
          ],
          [
            78.0476654,
            11.4301505
          ],
          [
            78.0469356,
            11.4290076
          ],
          [
            78.0450541,
            11.4274315
          ]
        ]
      },
      "properties": {
        "id": 75502679,
        "name": "Thirumanimuthar",
        "drain_type": "canal",
        "capacity": "49 m3/s",
        "status": "normal",
        "district": "Salem",
        "data_source_type": "OpenStreetMap Public Data"
      }
    },
    {
      "type": "Feature",
      "id": 242949877,
      "geometry": {
        "type": "LineString",
        "coordinates": [
          [
            77.9848503,
            11.5438609
          ],
          [
            77.9847323,
            11.5444286
          ],
          [
            77.9847295,
            11.5449553
          ],
          [
            77.9848784,
            11.5452904
          ],
          [
            77.9850347,
            11.5454556
          ],
          [
            77.9849373,
            11.5460198
          ]
        ]
      },
      "properties": {
        "id": 242949877,
        "name": "OSM Drain Segment 77",
        "drain_type": "stream",
        "capacity": "47 m3/s",
        "status": "normal",
        "district": "Salem",
        "data_source_type": "OpenStreetMap Public Data"
      }
    },
    {
      "type": "Feature",
      "id": 459228584,
      "geometry": {
        "type": "LineString",
        "coordinates": [
          [
            77.9993718,
            11.5199955
          ],
          [
            77.9993477,
            11.5200015
          ]
        ]
      },
      "properties": {
        "id": 459228584,
        "name": "OSM Drain Segment 84",
        "drain_type": "stream",
        "capacity": "54 m3/s",
        "status": "normal",
        "district": "Salem",
        "data_source_type": "OpenStreetMap Public Data"
      }
    },
    {
      "type": "Feature",
      "id": 459228586,
      "geometry": {
        "type": "LineString",
        "coordinates": [
          [
            77.9847537,
            11.5421107
          ],
          [
            77.9847618,
            11.5422369
          ],
          [
            77.9847939,
            11.5435114
          ],
          [
            77.9848503,
            11.5438609
          ]
        ]
      },
      "properties": {
        "id": 459228586,
        "name": "OSM Drain Segment 86",
        "drain_type": "stream",
        "capacity": "56 m3/s",
        "status": "partially_blocked",
        "district": "Salem",
        "data_source_type": "OpenStreetMap Public Data"
      }
    },
    {
      "type": "Feature",
      "id": 459228596,
      "geometry": {
        "type": "LineString",
        "coordinates": [
          [
            77.9844909,
            11.5472352
          ],
          [
            77.983607,
            11.5487659
          ],
          [
            77.9834756,
            11.5490076
          ],
          [
            77.9836111,
            11.5495688
          ],
          [
            77.9839169,
            11.5500129
          ],
          [
            77.9839812,
            11.5504281
          ],
          [
            77.9839747,
            11.5507183
          ],
          [
            77.9840187,
            11.5509582
          ],
          [
            77.9841958,
            11.5514031
          ],
          [
            77.984228,
            11.5514609
          ],
          [
            77.9843192,
            11.551587
          ],
          [
            77.9839973,
            11.5523386
          ],
          [
            77.9836701,
            11.5530534
          ],
          [
            77.9836165,
            11.5538995
          ],
          [
            77.9836755,
            11.5545723
          ],
          [
            77.9838525,
            11.5548561
          ],
          [
            77.9844211,
            11.555224
          ],
          [
            77.9846786,
            11.5555709
          ],
          [
            77.9848235,
            11.5559177
          ],
          [
            77.9847805,
            11.5565221
          ],
          [
            77.9850327,
            11.5569846
          ],
          [
            77.9854994,
            11.5570319
          ],
          [
            77.985832,
            11.5572737
          ],
          [
            77.9861002,
            11.558062
          ],
          [
            77.9862289,
            11.5588819
          ],
          [
            77.9864381,
            11.5595336
          ],
          [
            77.9867064,
            11.5604586
          ],
          [
            77.987216,
            11.5610998
          ],
          [
            77.9880582,
            11.5615886
          ],
          [
            77.9888146,
            11.5620405
          ],
          [
            77.9891794,
            11.5623716
          ],
          [
            77.9894851,
            11.5628604
          ],
          [
            77.9898821,
            11.5634806
          ],
          [
            77.9902791,
            11.5639588
          ],
          [
            77.9905795,
            11.5643425
          ],
          [
            77.9907243,
            11.5649626
          ],
          [
            77.9913144,
            11.5649784
          ],
          [
            77.9917275,
            11.5652044
          ],
          [
            77.9923658,
            11.566287
          ],
          [
            77.9926716,
            11.566739
          ],
          [
            77.9929505,
            11.567459
          ],
          [
            77.9926072,
            11.5687255
          ],
          [
            77.9923658,
            11.5702233
          ],
          [
            77.9923015,
            11.5707384
          ],
          [
            77.9924356,
            11.5714583
          ],
          [
            77.9927145,
            11.5720154
          ],
          [
            77.9930364,
            11.5731243
          ],
          [
            77.9932778,
            11.5737655
          ],
          [
            77.9930525,
            11.5744486
          ],
          [
            77.9930847,
            11.5750793
          ],
          [
            77.99331,
            11.5759044
          ],
          [
            77.9934012,
            11.5771183
          ],
          [
            77.9931383,
            11.5773128
          ],
          [
            77.9929827,
            11.577791
          ],
          [
            77.992972,
            11.5783218
          ],
          [
            77.9924731,
            11.5788368
          ],
          [
            77.9919367,
            11.5793834
          ],
          [
            77.991765,
            11.5797617
          ],
          [
            77.991647,
            11.580487
          ],
          [
            77.9916041,
            11.5808338
          ]
        ]
      },
      "properties": {
        "id": 459228596,
        "name": "OSM Drain Segment 96",
        "drain_type": "canal",
        "capacity": "66 m3/s",
        "status": "partially_blocked",
        "district": "Salem",
        "data_source_type": "OpenStreetMap Public Data"
      }
    },
    {
      "type": "Feature",
      "id": 459228597,
      "geometry": {
        "type": "LineString",
        "coordinates": [
          [
            77.9849373,
            11.5460198
          ],
          [
            77.9847296,
            11.5468358
          ],
          [
            77.9844909,
            11.5472352
          ]
        ]
      },
      "properties": {
        "id": 459228597,
        "name": "OSM Drain Segment 97",
        "drain_type": "canal",
        "capacity": "67 m3/s",
        "status": "normal",
        "district": "Salem",
        "data_source_type": "OpenStreetMap Public Data"
      }
    },
    {
      "type": "Feature",
      "id": 460401020,
      "geometry": {
        "type": "LineString",
        "coordinates": [
          [
            78.1007426,
            11.6194484
          ],
          [
            78.1008458,
            11.619384
          ]
        ]
      },
      "properties": {
        "id": 460401020,
        "name": "OSM Drain Segment 20",
        "drain_type": "drain",
        "capacity": "40 m3/s",
        "status": "blocked",
        "district": "Salem",
        "data_source_type": "OpenStreetMap Public Data"
      }
    },
    {
      "type": "Feature",
      "id": 460401021,
      "geometry": {
        "type": "LineString",
        "coordinates": [
          [
            78.1008458,
            11.619384
          ],
          [
            78.1008794,
            11.6193565
          ]
        ]
      },
      "properties": {
        "id": 460401021,
        "name": "OSM Drain Segment 21",
        "drain_type": "drain",
        "capacity": "41 m3/s",
        "status": "partially_blocked",
        "district": "Salem",
        "data_source_type": "OpenStreetMap Public Data"
      }
    },
    {
      "type": "Feature",
      "id": 460401022,
      "geometry": {
        "type": "LineString",
        "coordinates": [
          [
            78.1007117,
            11.6194681
          ],
          [
            78.1007426,
            11.6194484
          ]
        ]
      },
      "properties": {
        "id": 460401022,
        "name": "OSM Drain Segment 22",
        "drain_type": "drain",
        "capacity": "42 m3/s",
        "status": "normal",
        "district": "Salem",
        "data_source_type": "OpenStreetMap Public Data"
      }
    },
    {
      "type": "Feature",
      "id": 766607404,
      "geometry": {
        "type": "LineString",
        "coordinates": [
          [
            78.29907,
            11.7692919
          ],
          [
            78.2991112,
            11.7693322
          ],
          [
            78.2991524,
            11.7693725
          ],
          [
            78.2992583,
            11.7693898
          ],
          [
            78.2993465,
            11.7693725
          ],
          [
            78.2993347,
            11.7692516
          ],
          [
            78.2991288,
            11.7692228
          ],
          [
            78.2990641,
            11.7690557
          ],
          [
            78.2990347,
            11.7684106
          ],
          [
            78.2991877,
            11.7681571
          ],
          [
            78.2992441,
            11.7679212
          ],
          [
            78.2994147,
            11.7677369
          ],
          [
            78.2997031,
            11.7675468
          ],
          [
            78.2999031,
            11.7673107
          ],
          [
            78.3001032,
            11.7669766
          ],
          [
            78.2999325,
            11.7667922
          ],
          [
            78.2996678,
            11.7667231
          ],
          [
            78.2994618,
            11.7664927
          ],
          [
            78.2991656,
            11.7657036
          ],
          [
            78.298995,
            11.7652946
          ],
          [
            78.2987243,
            11.7650815
          ],
          [
            78.2984066,
            11.7649778
          ],
          [
            78.2980301,
            11.7650181
          ],
          [
            78.2979006,
            11.7648107
          ],
          [
            78.2978712,
            11.76454
          ],
          [
            78.2979653,
            11.7643787
          ],
          [
            78.2979947,
            11.7642117
          ],
          [
            78.2977947,
            11.7639582
          ],
          [
            78.2978241,
            11.7638027
          ],
          [
            78.2982772,
            11.763532
          ],
          [
            78.2982889,
            11.7633879
          ],
          [
            78.2980301,
            11.7632036
          ],
          [
            78.2981654,
            11.762881
          ],
          [
            78.298589,
            11.7626334
          ],
          [
            78.2990068,
            11.7623914
          ],
          [
            78.2991421,
            11.7622186
          ],
          [
            78.299048,
            11.7620861
          ],
          [
            78.2987832,
            11.7619479
          ],
          [
            78.2984995,
            11.7620918
          ],
          [
            78.29827,
            11.76204
          ],
          [
            78.298017,
            11.7618672
          ],
          [
            78.2977405,
            11.7619248
          ],
          [
            78.2973874,
            11.7617462
          ],
          [
            78.2974522,
            11.7615964
          ],
          [
            78.2976463,
            11.7610204
          ],
          [
            78.2975522,
            11.7604617
          ],
          [
            78.2977993,
            11.7602543
          ],
          [
            78.2979758,
            11.7599375
          ],
          [
            78.2974816,
            11.7599317
          ],
          [
            78.297158,
            11.7599317
          ],
          [
            78.2969697,
            11.7596725
          ],
          [
            78.2965402,
            11.7591886
          ],
          [
            78.2962578,
            11.7590734
          ],
          [
            78.2957106,
            11.7592002
          ],
          [
            78.2953693,
            11.7593211
          ],
          [
            78.2952163,
            11.7592059
          ],
          [
            78.2951928,
            11.7588603
          ],
          [
            78.2951516,
            11.7587566
          ],
          [
            78.2950104,
            11.7586184
          ],
          [
            78.2948044,
            11.758722
          ],
          [
            78.2946632,
            11.7587566
          ],
          [
            78.2945809,
            11.7583476
          ],
          [
            78.294622,
            11.7581287
          ],
          [
            78.2946338,
            11.7579732
          ],
          [
            78.2944396,
            11.7579098
          ],
          [
            78.2941278,
            11.7578234
          ],
          [
            78.293816,
            11.7578695
          ],
          [
            78.2935277,
            11.7581057
          ],
          [
            78.2932335,
            11.7583303
          ],
          [
            78.292951,
            11.7583534
          ],
          [
            78.2927745,
            11.7583188
          ],
          [
            78.2926686,
            11.7582209
          ],
          [
            78.2926745,
            11.7580942
          ],
          [
            78.2926922,
            11.7579214
          ],
          [
            78.2928216,
            11.757881
          ],
          [
            78.2930216,
            11.7579156
          ],
          [
            78.2932452,
            11.7577831
          ],
          [
            78.29331,
            11.7576449
          ],
          [
            78.2932629,
            11.7574375
          ],
          [
            78.2930334,
            11.7571149
          ],
          [
            78.2927922,
            11.7569824
          ],
          [
            78.2926921,
            11.7570343
          ],
          [
            78.292545,
            11.7573914
          ],
          [
            78.2924332,
            11.7576103
          ],
          [
            78.2922626,
            11.757593
          ],
          [
            78.2921037,
            11.7575008
          ],
          [
            78.2920214,
            11.7572416
          ],
          [
            78.2920037,
            11.7570112
          ],
          [
            78.291739,
            11.7565677
          ],
          [
            78.2914565,
            11.7562796
          ],
          [
            78.2909329,
            11.7562508
          ],
          [
            78.2900856,
            11.7562163
          ],
          [
            78.2898855,
            11.7561472
          ],
          [
            78.2895561,
            11.7559513
          ],
          [
            78.2892795,
            11.7560838
          ],
          [
            78.2891206,
            11.7561011
          ],
          [
            78.2890206,
            11.7559455
          ],
          [
            78.2889441,
            11.7551506
          ],
          [
            78.2886852,
            11.7546206
          ],
          [
            78.2884734,
            11.7543441
          ],
          [
            78.2881363,
            11.7543771
          ],
          [
            78.2879004,
            11.754154
          ],
          [
            78.2879229,
            11.753846
          ],
          [
            78.2877768,
            11.753604
          ],
          [
            78.2873049,
            11.753461
          ],
          [
            78.2870127,
            11.7529769
          ],
          [
            78.2871363,
            11.7527239
          ],
          [
            78.2872936,
            11.7520529
          ],
          [
            78.28717,
            11.7516569
          ],
          [
            78.287024,
            11.7515689
          ],
          [
            78.2869902,
            11.7513158
          ],
          [
            78.2868554,
            11.7496877
          ],
          [
            78.2867543,
            11.7490167
          ],
          [
            78.2865598,
            11.7487303
          ],
          [
            78.2859418,
            11.7483563
          ],
          [
            78.2856159,
            11.7480592
          ],
          [
            78.2854249,
            11.7474542
          ],
          [
            78.2854474,
            11.7469481
          ],
          [
            78.2851328,
            11.74642
          ],
          [
            78.2848743,
            11.745694
          ],
          [
            78.2845608,
            11.7455405
          ],
          [
            78.2843607,
            11.7448665
          ],
          [
            78.2845137,
            11.7436567
          ],
          [
            78.2843019,
            11.7434782
          ],
          [
            78.2838724,
            11.7431901
          ],
          [
            78.2834782,
            11.7427638
          ],
          [
            78.2832365,
            11.7423433
          ],
          [
            78.2826835,
            11.7414907
          ],
          [
            78.2823775,
            11.7413352
          ],
          [
            78.2815714,
            11.7414389
          ],
          [
            78.2810419,
            11.7418306
          ],
          [
            78.2805417,
            11.7422569
          ],
          [
            78.2799946,
            11.7421878
          ],
          [
            78.2791826,
            11.7419055
          ],
          [
            78.2789884,
            11.7415771
          ],
          [
            78.2785824,
            11.7411624
          ],
          [
            78.278353,
            11.7410587
          ],
          [
            78.2779705,
            11.7412027
          ],
          [
            78.2775998,
            11.7415944
          ],
          [
            78.2769879,
            11.7417211
          ],
          [
            78.2765937,
            11.7415253
          ],
          [
            78.275898,
            11.7414446
          ],
          [
            78.2756273,
            11.7414216
          ],
          [
            78.2752861,
            11.7413121
          ],
          [
            78.2742564,
            11.740546
          ],
          [
            78.2735915,
            11.7400966
          ],
          [
            78.2734015,
            11.7399962
          ]
        ]
      },
      "properties": {
        "id": 766607404,
        "name": "Thirumanimuthar திருமணிமுத்தாறு",
        "drain_type": "canal",
        "capacity": "24 m3/s",
        "status": "normal",
        "district": "Salem",
        "data_source_type": "OpenStreetMap Public Data"
      }
    },
    {
      "type": "Feature",
      "id": 824051636,
      "geometry": {
        "type": "LineString",
        "coordinates": [
          [
            78.0591553,
            11.4840887
          ],
          [
            78.0607934,
            11.4840291
          ],
          [
            78.062279,
            11.4838716
          ],
          [
            78.0632623,
            11.4831269
          ],
          [
            78.0643208,
            11.4824059
          ],
          [
            78.0647977,
            11.4814609
          ],
          [
            78.064882,
            11.4809055
          ],
          [
            78.0651345,
            11.4791262
          ],
          [
            78.0652245,
            11.4786383
          ],
          [
            78.0655399,
            11.4781504
          ],
          [
            78.0661363,
            11.4777211
          ],
          [
            78.0666795,
            11.4771075
          ],
          [
            78.0669114,
            11.4765573
          ],
          [
            78.0667215,
            11.4756828
          ],
          [
            78.0664101,
            11.4746674
          ],
          [
            78.0665624,
            11.4739714
          ],
          [
            78.0673426,
            11.4726491
          ],
          [
            78.0680141,
            11.4721894
          ],
          [
            78.069103,
            11.4716367
          ],
          [
            78.0700077,
            11.4713581
          ],
          [
            78.0706626,
            11.471134
          ],
          [
            78.0711805,
            11.4706258
          ],
          [
            78.0713559,
            11.4701006
          ],
          [
            78.0711427,
            11.468023
          ],
          [
            78.0706277,
            11.4653312
          ],
          [
            78.070746,
            11.4644436
          ],
          [
            78.0711135,
            11.4635858
          ],
          [
            78.0711324,
            11.4628806
          ],
          [
            78.0708741,
            11.4623977
          ],
          [
            78.07048,
            11.4616394
          ],
          [
            78.0702844,
            11.4602841
          ],
          [
            78.0689358,
            11.4584229
          ],
          [
            78.0687562,
            11.4576818
          ],
          [
            78.0692544,
            11.4570875
          ],
          [
            78.0695977,
            11.4554051
          ]
        ]
      },
      "properties": {
        "id": 824051636,
        "name": "Thirumanimuthar",
        "drain_type": "canal",
        "capacity": "56 m3/s",
        "status": "partially_blocked",
        "district": "Salem",
        "data_source_type": "OpenStreetMap Public Data"
      }
    },
    {
      "type": "Feature",
      "id": 824051637,
      "geometry": {
        "type": "LineString",
        "coordinates": [
          [
            78.0589604,
            11.4840957
          ],
          [
            78.0591553,
            11.4840887
          ]
        ]
      },
      "properties": {
        "id": 824051637,
        "name": "Thirumanimuthar",
        "drain_type": "canal",
        "capacity": "57 m3/s",
        "status": "normal",
        "district": "Salem",
        "data_source_type": "OpenStreetMap Public Data"
      }
    },
    {
      "type": "Feature",
      "id": 825764129,
      "geometry": {
        "type": "LineString",
        "coordinates": [
          [
            77.9993477,
            11.5200015
          ],
          [
            77.9992539,
            11.5200248
          ]
        ]
      },
      "properties": {
        "id": 825764129,
        "name": "OSM Drain Segment 29",
        "drain_type": "stream",
        "capacity": "49 m3/s",
        "status": "normal",
        "district": "Salem",
        "data_source_type": "OpenStreetMap Public Data"
      }
    },
    {
      "type": "Feature",
      "id": 825764130,
      "geometry": {
        "type": "LineString",
        "coordinates": [
          [
            77.9992539,
            11.5200248
          ],
          [
            77.999192,
            11.5200402
          ],
          [
            77.9986717,
            11.5200691
          ],
          [
            77.998205,
            11.5200743
          ],
          [
            77.997623,
            11.5201111
          ],
          [
            77.9972555,
            11.5202636
          ],
          [
            77.9966279,
            11.5204502
          ],
          [
            77.9962872,
            11.520529
          ],
          [
            77.9959895,
            11.5209206
          ],
          [
            77.9958473,
            11.5212544
          ],
          [
            77.9957937,
            11.521554
          ],
          [
            77.9956569,
            11.5219535
          ],
          [
            77.9954799,
            11.5221164
          ],
          [
            77.9952063,
            11.5222531
          ],
          [
            77.9949568,
            11.5223897
          ],
          [
            77.9940047,
            11.5225685
          ],
          [
            77.9938545,
            11.5226447
          ],
          [
            77.9937954,
            11.5228944
          ],
          [
            77.9937525,
            11.5232833
          ],
          [
            77.993782,
            11.5237984
          ],
          [
            77.9937954,
            11.5244739
          ],
          [
            77.9936882,
            11.5250836
          ],
          [
            77.9934441,
            11.5265107
          ],
          [
            77.9931249,
            11.527194
          ],
          [
            77.9927816,
            11.5275593
          ],
          [
            77.9926743,
            11.5282557
          ],
          [
            77.9927038,
            11.5285816
          ],
          [
            77.9928996,
            11.5293858
          ],
          [
            77.9928459,
            11.5297932
          ],
          [
            77.9926528,
            11.5304265
          ],
          [
            77.9925643,
            11.5312202
          ],
          [
            77.9925804,
            11.5319639
          ],
          [
            77.9926287,
            11.532571
          ],
          [
            77.9927199,
            11.5329416
          ],
          [
            77.9918401,
            11.5334304
          ],
          [
            77.9911722,
            11.5338141
          ],
          [
            77.9905312,
            11.5340086
          ],
          [
            77.9900216,
            11.5341479
          ],
          [
            77.989858,
            11.5343029
          ],
          [
            77.9896783,
            11.5347076
          ],
          [
            77.9893886,
            11.5354776
          ],
          [
            77.9891552,
            11.5360979
          ],
          [
            77.9890104,
            11.5361951
          ],
          [
            77.9886322,
            11.5364119
          ],
          [
            77.9885651,
            11.5365985
          ],
          [
            77.9885678,
            11.5369362
          ],
          [
            77.9881977,
            11.5371885
          ],
          [
            77.9878919,
            11.5373409
          ],
          [
            77.9876639,
            11.5373593
          ],
          [
            77.9871489,
            11.5373935
          ],
          [
            77.9867251,
            11.5374355
          ],
          [
            77.9863979,
            11.5375538
          ],
          [
            77.9860519,
            11.5376694
          ],
          [
            77.9857971,
            11.5378613
          ],
          [
            77.9855181,
            11.538195
          ],
          [
            77.9853036,
            11.5384053
          ],
          [
            77.9851051,
            11.5386838
          ],
          [
            77.9846303,
            11.5396325
          ],
          [
            77.9844667,
            11.5401686
          ],
          [
            77.9844694,
            11.5408835
          ],
          [
            77.9844748,
            11.5411857
          ],
          [
            77.984574,
            11.5417008
          ],
          [
            77.9847537,
            11.5421107
          ]
        ]
      },
      "properties": {
        "id": 825764130,
        "name": "OSM Drain Segment 30",
        "drain_type": "stream",
        "capacity": "50 m3/s",
        "status": "blocked",
        "district": "Salem",
        "data_source_type": "OpenStreetMap Public Data"
      }
    },
    {
      "type": "Feature",
      "id": 974689351,
      "geometry": {
        "type": "LineString",
        "coordinates": [
          [
            78.1027615,
            11.6565682
          ],
          [
            78.1027561,
            11.656203
          ]
        ]
      },
      "properties": {
        "id": 974689351,
        "name": "OSM Drain Segment 51",
        "drain_type": "stream",
        "capacity": "21 m3/s",
        "status": "partially_blocked",
        "district": "Salem",
        "data_source_type": "OpenStreetMap Public Data"
      }
    },
    {
      "type": "Feature",
      "id": 974689368,
      "geometry": {
        "type": "LineString",
        "coordinates": [
          [
            78.0110675,
            11.5640035
          ],
          [
            78.0110769,
            11.5638734
          ],
          [
            78.0112271,
            11.5636474
          ],
          [
            78.0112472,
            11.563537
          ],
          [
            78.0111976,
            11.5633597
          ],
          [
            78.0111949,
            11.5629616
          ],
          [
            78.0110461,
            11.5622994
          ],
          [
            78.0109669,
            11.5617423
          ],
          [
            78.0108851,
            11.5611339
          ],
          [
            78.0108234,
            11.5610709
          ],
          [
            78.0105552,
            11.5609802
          ],
          [
            78.0101716,
            11.5608357
          ],
          [
            78.0095869,
            11.5608593
          ],
          [
            78.0091202,
            11.5609434
          ],
          [
            78.0088654,
            11.5609132
          ],
          [
            78.008742,
            11.560678
          ],
          [
            78.0084363,
            11.5599133
          ],
          [
            78.00805,
            11.5592695
          ],
          [
            78.0075887,
            11.5586572
          ],
          [
            78.0073607,
            11.5586704
          ],
          [
            78.0069476,
            11.5588648
          ],
          [
            78.0067009,
            11.5587308
          ]
        ]
      },
      "properties": {
        "id": 974689368,
        "name": "OSM Drain Segment 68",
        "drain_type": "drain",
        "capacity": "38 m3/s",
        "status": "normal",
        "district": "Salem",
        "data_source_type": "OpenStreetMap Public Data"
      }
    },
    {
      "type": "Feature",
      "id": 974689373,
      "geometry": {
        "type": "LineString",
        "coordinates": [
          [
            78.0232052,
            11.6679358
          ],
          [
            78.0299181,
            11.6656702
          ],
          [
            78.0350733,
            11.6624497
          ],
          [
            78.036916,
            11.6613123
          ],
          [
            78.0372754,
            11.6612545
          ],
          [
            78.0377501,
            11.6613307
          ],
          [
            78.0379938,
            11.6615023
          ]
        ]
      },
      "properties": {
        "id": 974689373,
        "name": "OSM Drain Segment 73",
        "drain_type": "drain",
        "capacity": "43 m3/s",
        "status": "normal",
        "district": "Salem",
        "data_source_type": "OpenStreetMap Public Data"
      }
    },
    {
      "type": "Feature",
      "id": 974689398,
      "geometry": {
        "type": "LineString",
        "coordinates": [
          [
            78.0803516,
            11.6645985
          ],
          [
            78.079488,
            11.6647535
          ],
          [
            78.0774347,
            11.6650923
          ],
          [
            78.0769828,
            11.6649268
          ],
          [
            78.0760252,
            11.6652105
          ],
          [
            78.0758777,
            11.6651238
          ],
          [
            78.0758053,
            11.6640994
          ],
          [
            78.075757,
            11.6637815
          ],
          [
            78.0753332,
            11.6634584
          ],
          [
            78.0750141,
            11.6631169
          ],
          [
            78.0750141,
            11.6627308
          ],
          [
            78.0754191,
            11.6604061
          ],
          [
            78.0753949,
            11.6599043
          ],
          [
            78.0748585,
            11.6585909
          ]
        ]
      },
      "properties": {
        "id": 974689398,
        "name": "OSM Drain Segment 98",
        "drain_type": "drain",
        "capacity": "68 m3/s",
        "status": "normal",
        "district": "Salem",
        "data_source_type": "OpenStreetMap Public Data"
      }
    },
    {
      "type": "Feature",
      "id": 1109082011,
      "geometry": {
        "type": "LineString",
        "coordinates": [
          [
            78.2244369,
            11.6974642
          ],
          [
            78.2244385,
            11.6977373
          ],
          [
            78.2244744,
            11.6980684
          ],
          [
            78.2244693,
            11.6983192
          ],
          [
            78.2243873,
            11.6985298
          ],
          [
            78.2242746,
            11.6987505
          ],
          [
            78.2241363,
            11.6989461
          ],
          [
            78.2238905,
            11.6991117
          ],
          [
            78.2236917,
            11.6991167
          ],
          [
            78.2235227,
            11.6990063
          ],
          [
            78.2232461,
            11.6988508
          ],
          [
            78.2229131,
            11.6988258
          ],
          [
            78.2226724,
            11.6988408
          ],
          [
            78.2224573,
            11.698916
          ],
          [
            78.2224316,
            11.6991618
          ],
          [
            78.2223855,
            11.699533
          ],
          [
            78.2222063,
            11.699859
          ],
          [
            78.2219911,
            11.6999593
          ],
          [
            78.2218272,
            11.6999794
          ],
          [
            78.221484,
            11.6997286
          ],
          [
            78.2210794,
            11.6993574
          ],
          [
            78.2206901,
            11.6992872
          ],
          [
            78.2204699,
            11.6994276
          ],
          [
            78.2201984,
            11.6998891
          ],
          [
            78.2198654,
            11.7006615
          ],
          [
            78.2197234,
            11.7009845
          ],
          [
            78.2194007,
            11.7012001
          ],
          [
            78.2187553,
            11.7011199
          ],
          [
            78.2183814,
            11.70115
          ],
          [
            78.2179511,
            11.7012152
          ],
          [
            78.2175464,
            11.7015763
          ],
          [
            78.2171981,
            11.7020077
          ],
          [
            78.2169574,
            11.7020127
          ],
          [
            78.2166654,
            11.7018572
          ],
          [
            78.2163274,
            11.7016064
          ],
          [
            78.2160303,
            11.7015663
          ],
          [
            78.2156871,
            11.7018672
          ],
          [
            78.2150571,
            11.7023487
          ],
          [
            78.2145551,
            11.7023889
          ],
          [
            78.2139609,
            11.7022735
          ],
          [
            78.2133924,
            11.7019826
          ],
          [
            78.212834,
            11.7013406
          ],
          [
            78.2122809,
            11.700834
          ],
          [
            78.2119668,
            11.700754
          ],
          [
            78.2116236,
            11.7008242
          ],
          [
            78.2112548,
            11.7008292
          ],
          [
            78.210799,
            11.7005433
          ],
          [
            78.2102765,
            11.7000518
          ],
          [
            78.210005,
            11.7000267
          ],
          [
            78.2096004,
            11.7000819
          ],
          [
            78.2092009,
            11.7000718
          ],
          [
            78.2088935,
            11.6998461
          ],
          [
            78.2084786,
            11.699485
          ],
          [
            78.2081814,
            11.6995689
          ],
          [
            78.2077217,
            11.6997988
          ],
          [
            78.2073891,
            11.7002202
          ],
          [
            78.2069685,
            11.700249
          ],
          [
            78.2069391,
            11.7000861
          ],
          [
            78.2067924,
            11.6998275
          ],
          [
            78.2067533,
            11.6993869
          ],
          [
            78.206362,
            11.6990325
          ],
          [
            78.2060099,
            11.6989367
          ],
          [
            78.2056088,
            11.6991475
          ],
          [
            78.2053838,
            11.6993678
          ],
          [
            78.2050708,
            11.6993582
          ],
          [
            78.2048752,
            11.69909
          ],
          [
            78.2047774,
            11.6984003
          ],
          [
            78.2047382,
            11.6977394
          ],
          [
            78.2046306,
            11.6975478
          ],
          [
            78.2043372,
            11.6974999
          ],
          [
            78.2037699,
            11.6973371
          ],
          [
            78.2035449,
            11.6969348
          ],
          [
            78.2030558,
            11.6965325
          ],
          [
            78.2024787,
            11.6959674
          ],
          [
            78.2020385,
            11.6960057
          ],
          [
            78.201697,
            11.6961236
          ],
          [
            78.2015325,
            11.6961804
          ],
          [
            78.2014752,
            11.695989
          ],
          [
            78.2014364,
            11.6957242
          ],
          [
            78.2015969,
            11.6955687
          ],
          [
            78.2024395,
            11.6951628
          ],
          [
            78.2023424,
            11.6948937
          ],
          [
            78.2020888,
            11.6945092
          ],
          [
            78.2020312,
            11.6939896
          ]
        ]
      },
      "properties": {
        "id": 1109082011,
        "name": "Thirumanimuthar River",
        "drain_type": "canal",
        "capacity": "31 m3/s",
        "status": "partially_blocked",
        "district": "Salem",
        "data_source_type": "OpenStreetMap Public Data"
      }
    },
    {
      "type": "Feature",
      "id": 1109082012,
      "geometry": {
        "type": "LineString",
        "coordinates": [
          [
            78.2020312,
            11.6939896
          ],
          [
            78.2020056,
            11.6936556
          ]
        ]
      },
      "properties": {
        "id": 1109082012,
        "name": "Thirumanimuthar",
        "drain_type": "canal",
        "capacity": "32 m3/s",
        "status": "normal",
        "district": "Salem",
        "data_source_type": "OpenStreetMap Public Data"
      }
    },
    {
      "type": "Feature",
      "id": 1109082013,
      "geometry": {
        "type": "LineString",
        "coordinates": [
          [
            78.2067527,
            11.676154
          ],
          [
            78.2066592,
            11.6761875
          ],
          [
            78.2064945,
            11.6762106
          ],
          [
            78.2063089,
            11.6764411
          ],
          [
            78.2060383,
            11.6766658
          ],
          [
            78.2056735,
            11.6770115
          ],
          [
            78.2056264,
            11.6771556
          ],
          [
            78.2056146,
            11.6775243
          ],
          [
            78.2054969,
            11.6777145
          ],
          [
            78.2054028,
            11.677945
          ],
          [
            78.205091,
            11.6781005
          ],
          [
            78.2045614,
            11.6780948
          ],
          [
            78.2039436,
            11.6781582
          ],
          [
            78.2037141,
            11.6782331
          ],
          [
            78.20342,
            11.6782331
          ],
          [
            78.2032258,
            11.6782331
          ],
          [
            78.2024491,
            11.6783714
          ],
          [
            78.2021314,
            11.6786249
          ],
          [
            78.2019784,
            11.6788957
          ],
          [
            78.2016666,
            11.6794661
          ],
          [
            78.2016077,
            11.6797427
          ],
          [
            78.2014312,
            11.679881
          ],
          [
            78.201137,
            11.6799213
          ],
          [
            78.2009193,
            11.67976
          ],
          [
            78.2007605,
            11.67942
          ],
          [
            78.2005898,
            11.6792068
          ],
          [
            78.2004074,
            11.6790282
          ],
          [
            78.2000842,
            11.678989
          ],
          [
            78.1998315,
            11.6789498
          ],
          [
            78.1994649,
            11.6789256
          ],
          [
            78.1990859,
            11.6789226
          ],
          [
            78.1986268,
            11.6789528
          ],
          [
            78.1981832,
            11.6789709
          ],
          [
            78.1980661,
            11.6790584
          ],
          [
            78.1980045,
            11.6791731
          ],
          [
            78.1979138,
            11.6792397
          ]
        ]
      },
      "properties": {
        "id": 1109082013,
        "name": "OSM Drain Segment 13",
        "drain_type": "stream",
        "capacity": "33 m3/s",
        "status": "normal",
        "district": "Salem",
        "data_source_type": "OpenStreetMap Public Data"
      }
    },
    {
      "type": "Feature",
      "id": 1109082015,
      "geometry": {
        "type": "LineString",
        "coordinates": [
          [
            78.192668,
            11.6813624
          ],
          [
            78.1923182,
            11.6813593
          ],
          [
            78.1920581,
            11.6814471
          ],
          [
            78.1919058,
            11.6816206
          ],
          [
            78.1915625,
            11.6821249
          ],
          [
            78.1914337,
            11.6823351
          ],
          [
            78.1911333,
            11.6825452
          ],
          [
            78.1910046,
            11.6827133
          ],
          [
            78.1906612,
            11.6829655
          ],
          [
            78.1900872,
            11.6832072
          ]
        ]
      },
      "properties": {
        "id": 1109082015,
        "name": "Thirumanimuthar திருமணிமுத்தாறு",
        "drain_type": "canal",
        "capacity": "35 m3/s",
        "status": "blocked",
        "district": "Salem",
        "data_source_type": "OpenStreetMap Public Data"
      }
    },
    {
      "type": "Feature",
      "id": 1109082016,
      "geometry": {
        "type": "LineString",
        "coordinates": [
          [
            78.1927724,
            11.6812021
          ],
          [
            78.1927677,
            11.6812093
          ],
          [
            78.192668,
            11.6813624
          ]
        ]
      },
      "properties": {
        "id": 1109082016,
        "name": "OSM Drain Segment 16",
        "drain_type": "canal",
        "capacity": "36 m3/s",
        "status": "partially_blocked",
        "district": "Salem",
        "data_source_type": "OpenStreetMap Public Data"
      }
    },
    {
      "type": "Feature",
      "id": 1109082017,
      "geometry": {
        "type": "LineString",
        "coordinates": [
          [
            78.192829,
            11.6811161
          ],
          [
            78.1927724,
            11.6812021
          ]
        ]
      },
      "properties": {
        "id": 1109082017,
        "name": "OSM Drain Segment 17",
        "drain_type": "canal",
        "capacity": "37 m3/s",
        "status": "normal",
        "district": "Salem",
        "data_source_type": "OpenStreetMap Public Data"
      }
    },
    {
      "type": "Feature",
      "id": 1109082020,
      "geometry": {
        "type": "LineString",
        "coordinates": [
          [
            78.1927332,
            11.6813862
          ],
          [
            78.192668,
            11.6813624
          ]
        ]
      },
      "properties": {
        "id": 1109082020,
        "name": "Thirumanimuthar",
        "drain_type": "canal",
        "capacity": "40 m3/s",
        "status": "blocked",
        "district": "Salem",
        "data_source_type": "OpenStreetMap Public Data"
      }
    },
    {
      "type": "Feature",
      "id": 1109082021,
      "geometry": {
        "type": "LineString",
        "coordinates": [
          [
            78.1929283,
            11.6814066
          ],
          [
            78.1927332,
            11.6813862
          ]
        ]
      },
      "properties": {
        "id": 1109082021,
        "name": "Thirumanimuthar",
        "drain_type": "canal",
        "capacity": "41 m3/s",
        "status": "partially_blocked",
        "district": "Salem",
        "data_source_type": "OpenStreetMap Public Data"
      }
    },
    {
      "type": "Feature",
      "id": 1109082023,
      "geometry": {
        "type": "LineString",
        "coordinates": [
          [
            78.1933128,
            11.6806344
          ],
          [
            78.1931597,
            11.6807243
          ],
          [
            78.1929871,
            11.6808128
          ],
          [
            78.1929209,
            11.6808712
          ],
          [
            78.1929032,
            11.6809976
          ],
          [
            78.192829,
            11.6811161
          ]
        ]
      },
      "properties": {
        "id": 1109082023,
        "name": "OSM Drain Segment 23",
        "drain_type": "stream",
        "capacity": "43 m3/s",
        "status": "normal",
        "district": "Salem",
        "data_source_type": "OpenStreetMap Public Data"
      }
    },
    {
      "type": "Feature",
      "id": 1109082024,
      "geometry": {
        "type": "LineString",
        "coordinates": [
          [
            78.1939298,
            11.680008
          ],
          [
            78.1938421,
            11.6800534
          ]
        ]
      },
      "properties": {
        "id": 1109082024,
        "name": "OSM Drain Segment 24",
        "drain_type": "canal",
        "capacity": "44 m3/s",
        "status": "normal",
        "district": "Salem",
        "data_source_type": "OpenStreetMap Public Data"
      }
    },
    {
      "type": "Feature",
      "id": 1109082027,
      "geometry": {
        "type": "LineString",
        "coordinates": [
          [
            78.1964117,
            11.6793817
          ],
          [
            78.1962853,
            11.6793812
          ],
          [
            78.1960973,
            11.6794265
          ],
          [
            78.1959864,
            11.6794386
          ],
          [
            78.1957984,
            11.6794205
          ],
          [
            78.1955951,
            11.6794205
          ],
          [
            78.1954503,
            11.6794024
          ],
          [
            78.1953087,
            11.6795223
          ],
          [
            78.1951608,
            11.6795948
          ],
          [
            78.1950037,
            11.6795374
          ],
          [
            78.1946679,
            11.6796038
          ],
          [
            78.1944183,
            11.6797396
          ],
          [
            78.1941718,
            11.6798482
          ],
          [
            78.1940054,
            11.6799689
          ],
          [
            78.1939298,
            11.680008
          ]
        ]
      },
      "properties": {
        "id": 1109082027,
        "name": "OSM Drain Segment 27",
        "drain_type": "stream",
        "capacity": "47 m3/s",
        "status": "normal",
        "district": "Salem",
        "data_source_type": "OpenStreetMap Public Data"
      }
    },
    {
      "type": "Feature",
      "id": 1109082028,
      "geometry": {
        "type": "LineString",
        "coordinates": [
          [
            78.1964991,
            11.6793857
          ],
          [
            78.1964117,
            11.6793817
          ]
        ]
      },
      "properties": {
        "id": 1109082028,
        "name": "OSM Drain Segment 28",
        "drain_type": "canal",
        "capacity": "48 m3/s",
        "status": "normal",
        "district": "Salem",
        "data_source_type": "OpenStreetMap Public Data"
      }
    },
    {
      "type": "Feature",
      "id": 1109082029,
      "geometry": {
        "type": "LineString",
        "coordinates": [
          [
            78.1978097,
            11.6793161
          ],
          [
            78.1977971,
            11.6793254
          ],
          [
            78.1976902,
            11.6793028
          ],
          [
            78.1975546,
            11.6792726
          ],
          [
            78.1974223,
            11.6793099
          ],
          [
            78.1973297,
            11.679336
          ],
          [
            78.1969662,
            11.6793782
          ],
          [
            78.1966765,
            11.6793903
          ],
          [
            78.1964991,
            11.6793857
          ]
        ]
      },
      "properties": {
        "id": 1109082029,
        "name": "OSM Drain Segment 29",
        "drain_type": "stream",
        "capacity": "49 m3/s",
        "status": "normal",
        "district": "Salem",
        "data_source_type": "OpenStreetMap Public Data"
      }
    },
    {
      "type": "Feature",
      "id": 1109082030,
      "geometry": {
        "type": "LineString",
        "coordinates": [
          [
            78.1979138,
            11.6792397
          ],
          [
            78.1978752,
            11.679268
          ],
          [
            78.1978097,
            11.6793161
          ]
        ]
      },
      "properties": {
        "id": 1109082030,
        "name": "OSM Drain Segment 30",
        "drain_type": "canal",
        "capacity": "50 m3/s",
        "status": "blocked",
        "district": "Salem",
        "data_source_type": "OpenStreetMap Public Data"
      }
    },
    {
      "type": "Feature",
      "id": 1109082031,
      "geometry": {
        "type": "LineString",
        "coordinates": [
          [
            78.2173022,
            11.677138
          ],
          [
            78.2172535,
            11.6770879
          ],
          [
            78.2171879,
            11.6768565
          ],
          [
            78.2170614,
            11.6765486
          ],
          [
            78.2169257,
            11.6759968
          ],
          [
            78.2168207,
            11.6756658
          ],
          [
            78.2169078,
            11.6753648
          ],
          [
            78.2169692,
            11.6749811
          ],
          [
            78.2170179,
            11.6748406
          ],
          [
            78.2169334,
            11.6744945
          ],
          [
            78.2168668,
            11.6742236
          ],
          [
            78.216749,
            11.6741659
          ],
          [
            78.2165953,
            11.6741408
          ],
          [
            78.2164314,
            11.6741308
          ],
          [
            78.216329,
            11.6741734
          ],
          [
            78.2162534,
            11.6742852
          ],
          [
            78.2161266,
            11.6743816
          ],
          [
            78.2157732,
            11.6744368
          ],
          [
            78.2156477,
            11.6744845
          ],
          [
            78.2151278,
            11.6745522
          ],
          [
            78.2149639,
            11.6745171
          ],
          [
            78.2146899,
            11.6743465
          ],
          [
            78.2143723,
            11.6743666
          ],
          [
            78.2141418,
            11.6745697
          ],
          [
            78.2138787,
            11.6748334
          ],
          [
            78.2136412,
            11.6750378
          ],
          [
            78.2134904,
            11.6751676
          ],
          [
            78.2129314,
            11.6753693
          ],
          [
            78.2124607,
            11.6756401
          ],
          [
            78.2121371,
            11.6757266
          ],
          [
            78.2116781,
            11.675715
          ],
          [
            78.2112957,
            11.6756229
          ],
          [
            78.2111251,
            11.6755883
          ],
          [
            78.2108485,
            11.6756747
          ],
          [
            78.2105955,
            11.675934
          ],
          [
            78.2104013,
            11.6761184
          ],
          [
            78.2101895,
            11.6762163
          ],
          [
            78.2099895,
            11.6762913
          ],
          [
            78.2098247,
            11.6763546
          ],
          [
            78.2096011,
            11.6762855
          ],
          [
            78.2094658,
            11.6761991
          ],
          [
            78.2092716,
            11.6760665
          ],
          [
            78.2089833,
            11.675911
          ],
          [
            78.2087892,
            11.6758764
          ],
          [
            78.2085445,
            11.6758401
          ]
        ]
      },
      "properties": {
        "id": 1109082031,
        "name": "OSM Drain Segment 31",
        "drain_type": "stream",
        "capacity": "51 m3/s",
        "status": "partially_blocked",
        "district": "Salem",
        "data_source_type": "OpenStreetMap Public Data"
      }
    },
    {
      "type": "Feature",
      "id": 1109082032,
      "geometry": {
        "type": "LineString",
        "coordinates": [
          [
            78.2069063,
            11.6760988
          ],
          [
            78.2067527,
            11.676154
          ]
        ]
      },
      "properties": {
        "id": 1109082032,
        "name": "OSM Drain Segment 32",
        "drain_type": "canal",
        "capacity": "52 m3/s",
        "status": "normal",
        "district": "Salem",
        "data_source_type": "OpenStreetMap Public Data"
      }
    },
    {
      "type": "Feature",
      "id": 1109082033,
      "geometry": {
        "type": "LineString",
        "coordinates": [
          [
            78.2084339,
            11.6758237
          ],
          [
            78.2084008,
            11.6758188
          ],
          [
            78.2081773,
            11.6757323
          ],
          [
            78.2078831,
            11.6757669
          ],
          [
            78.2077124,
            11.6758418
          ],
          [
            78.2075536,
            11.6759686
          ],
          [
            78.2071888,
            11.6759974
          ],
          [
            78.2069063,
            11.6760988
          ]
        ]
      },
      "properties": {
        "id": 1109082033,
        "name": "OSM Drain Segment 33",
        "drain_type": "stream",
        "capacity": "53 m3/s",
        "status": "normal",
        "district": "Salem",
        "data_source_type": "OpenStreetMap Public Data"
      }
    },
    {
      "type": "Feature",
      "id": 1109082034,
      "geometry": {
        "type": "LineString",
        "coordinates": [
          [
            78.2085445,
            11.6758401
          ],
          [
            78.2084339,
            11.6758237
          ]
        ]
      },
      "properties": {
        "id": 1109082034,
        "name": "OSM Drain Segment 34",
        "drain_type": "canal",
        "capacity": "54 m3/s",
        "status": "normal",
        "district": "Salem",
        "data_source_type": "OpenStreetMap Public Data"
      }
    },
    {
      "type": "Feature",
      "id": 1109082039,
      "geometry": {
        "type": "LineString",
        "coordinates": [
          [
            78.2244589,
            11.6973461
          ],
          [
            78.2244369,
            11.6974642
          ]
        ]
      },
      "properties": {
        "id": 1109082039,
        "name": "Thirumanimuthar திருமணிமுத்தாறு",
        "drain_type": "canal",
        "capacity": "59 m3/s",
        "status": "normal",
        "district": "Salem",
        "data_source_type": "OpenStreetMap Public Data"
      }
    },
    {
      "type": "Feature",
      "id": 1109082040,
      "geometry": {
        "type": "LineString",
        "coordinates": [
          [
            78.2246022,
            11.6972632
          ],
          [
            78.2244589,
            11.6973461
          ]
        ]
      },
      "properties": {
        "id": 1109082040,
        "name": "Thirumanimuthar River",
        "drain_type": "canal",
        "capacity": "60 m3/s",
        "status": "blocked",
        "district": "Salem",
        "data_source_type": "OpenStreetMap Public Data"
      }
    },
    {
      "type": "Feature",
      "id": 1109082043,
      "geometry": {
        "type": "LineString",
        "coordinates": [
          [
            78.2403146,
            11.7067992
          ],
          [
            78.2401513,
            11.7068934
          ],
          [
            78.2390362,
            11.7066636
          ],
          [
            78.2387232,
            11.7064624
          ],
          [
            78.238733,
            11.7060889
          ],
          [
            78.2385863,
            11.7057632
          ],
          [
            78.2382341,
            11.7053513
          ],
          [
            78.2382537,
            11.7048245
          ],
          [
            78.23797,
            11.7045468
          ],
          [
            78.2379407,
            11.7041253
          ],
          [
            78.2379519,
            11.7032348
          ],
          [
            78.2377693,
            11.7030065
          ],
          [
            78.2375533,
            11.7027782
          ],
          [
            78.2374542,
            11.7026364
          ],
          [
            78.2373706,
            11.7025161
          ],
          [
            78.2373158,
            11.7024439
          ],
          [
            78.2372782,
            11.7023859
          ],
          [
            78.2372566,
            11.7023053
          ],
          [
            78.2372514,
            11.7022382
          ],
          [
            78.2372364,
            11.7021662
          ],
          [
            78.2371939,
            11.7020983
          ],
          [
            78.2371678,
            11.7020517
          ],
          [
            78.2371289,
            11.7020129
          ],
          [
            78.2370445,
            11.7019623
          ],
          [
            78.2369699,
            11.7019188
          ],
          [
            78.2368824,
            11.7018975
          ],
          [
            78.2368129,
            11.7018871
          ],
          [
            78.2367192,
            11.7018926
          ],
          [
            78.236527,
            11.7019272
          ],
          [
            78.236223,
            11.7019921
          ],
          [
            78.2361795,
            11.7020015
          ],
          [
            78.2361334,
            11.7020032
          ],
          [
            78.2360929,
            11.7019959
          ],
          [
            78.2360537,
            11.7019821
          ],
          [
            78.2357594,
            11.7018656
          ],
          [
            78.2355738,
            11.7018104
          ],
          [
            78.2354803,
            11.7017779
          ],
          [
            78.2354379,
            11.7017687
          ],
          [
            78.2353767,
            11.7017679
          ],
          [
            78.2353195,
            11.7017757
          ],
          [
            78.2352508,
            11.7018017
          ],
          [
            78.2351395,
            11.7018652
          ],
          [
            78.2350377,
            11.7019562
          ],
          [
            78.2349504,
            11.7020613
          ],
          [
            78.2348674,
            11.7021179
          ],
          [
            78.2347715,
            11.702163
          ],
          [
            78.2346704,
            11.7021905
          ],
          [
            78.2345846,
            11.7022015
          ],
          [
            78.2345068,
            11.7022033
          ],
          [
            78.2344268,
            11.7021901
          ],
          [
            78.2343548,
            11.7021734
          ],
          [
            78.2343017,
            11.7021481
          ],
          [
            78.2342588,
            11.7021071
          ],
          [
            78.2341438,
            11.701937
          ],
          [
            78.2340649,
            11.7018413
          ],
          [
            78.233973,
            11.7017583
          ],
          [
            78.2338925,
            11.7017119
          ],
          [
            78.2337903,
            11.7016697
          ],
          [
            78.2336119,
            11.7016136
          ],
          [
            78.233526,
            11.7015925
          ],
          [
            78.2334344,
            11.7015855
          ],
          [
            78.2333533,
            11.7015964
          ],
          [
            78.2332519,
            11.7016271
          ],
          [
            78.2330551,
            11.7016927
          ],
          [
            78.2329076,
            11.7017578
          ],
          [
            78.2328361,
            11.7017853
          ],
          [
            78.232753,
            11.7017985
          ],
          [
            78.2326106,
            11.7017938
          ],
          [
            78.2324712,
            11.7017792
          ],
          [
            78.2323354,
            11.701768
          ],
          [
            78.2321938,
            11.7017142
          ],
          [
            78.2321445,
            11.7016884
          ],
          [
            78.2320951,
            11.7016541
          ],
          [
            78.2320473,
            11.7016141
          ],
          [
            78.2320038,
            11.7015627
          ],
          [
            78.2319226,
            11.7014011
          ],
          [
            78.2318721,
            11.7012761
          ],
          [
            78.2316842,
            11.7008576
          ],
          [
            78.2316349,
            11.7008274
          ],
          [
            78.231592,
            11.7008201
          ],
          [
            78.2315188,
            11.7007925
          ],
          [
            78.2314138,
            11.7008727
          ],
          [
            78.2312906,
            11.7009077
          ],
          [
            78.2311679,
            11.7009405
          ],
          [
            78.2310428,
            11.700993
          ],
          [
            78.2309432,
            11.7009973
          ],
          [
            78.2308651,
            11.7009639
          ],
          [
            78.2307856,
            11.700897
          ],
          [
            78.2305764,
            11.7007139
          ],
          [
            78.2303672,
            11.7005104
          ],
          [
            78.2302475,
            11.7003644
          ],
          [
            78.2301531,
            11.7002039
          ],
          [
            78.2301094,
            11.7001299
          ],
          [
            78.2300898,
            11.7000834
          ],
          [
            78.2300762,
            11.700018
          ],
          [
            78.2300208,
            11.6999366
          ],
          [
            78.2299272,
            11.6998552
          ],
          [
            78.2298656,
            11.6998031
          ],
          [
            78.2297806,
            11.6997696
          ],
          [
            78.2297194,
            11.6997561
          ],
          [
            78.2296538,
            11.6997597
          ],
          [
            78.2293102,
            11.6998511
          ],
          [
            78.2290444,
            11.6999239
          ],
          [
            78.2289082,
            11.6999527
          ],
          [
            78.228835,
            11.6999621
          ],
          [
            78.2287501,
            11.6999468
          ],
          [
            78.2286826,
            11.6999003
          ],
          [
            78.2286165,
            11.6998349
          ],
          [
            78.2284992,
            11.6996737
          ],
          [
            78.2284597,
            11.6995823
          ],
          [
            78.2284291,
            11.6994822
          ],
          [
            78.2283863,
            11.699295
          ],
          [
            78.2283457,
            11.6990433
          ],
          [
            78.2283434,
            11.6990027
          ],
          [
            78.2283294,
            11.6989446
          ],
          [
            78.2282604,
            11.6987995
          ],
          [
            78.2282247,
            11.6987317
          ],
          [
            78.228167,
            11.6986582
          ],
          [
            78.228078,
            11.6986144
          ],
          [
            78.2279758,
            11.6985706
          ],
          [
            78.227786,
            11.6984972
          ],
          [
            78.2275808,
            11.6984334
          ],
          [
            78.2273742,
            11.6983463
          ],
          [
            78.227021,
            11.6981641
          ],
          [
            78.2269066,
            11.6980972
          ],
          [
            78.2267835,
            11.6980188
          ],
          [
            78.2267351,
            11.6979805
          ],
          [
            78.2266933,
            11.6979349
          ],
          [
            78.2266546,
            11.6978778
          ],
          [
            78.2266281,
            11.697831
          ],
          [
            78.2266133,
            11.6977742
          ],
          [
            78.2265993,
            11.6977159
          ],
          [
            78.2266017,
            11.6976547
          ],
          [
            78.2266638,
            11.6974623
          ],
          [
            78.2267378,
            11.6972842
          ],
          [
            78.2267603,
            11.6972288
          ],
          [
            78.226771,
            11.6971928
          ],
          [
            78.2267836,
            11.697097
          ],
          [
            78.2267674,
            11.6969923
          ],
          [
            78.2267293,
            11.6968932
          ],
          [
            78.2267003,
            11.6968285
          ],
          [
            78.2266378,
            11.6967564
          ],
          [
            78.2265676,
            11.696691
          ],
          [
            78.2264492,
            11.6966211
          ],
          [
            78.2263741,
            11.6966008
          ],
          [
            78.2262872,
            11.6965761
          ],
          [
            78.2262004,
            11.6965686
          ],
          [
            78.226115,
            11.6965727
          ],
          [
            78.2260031,
            11.6966138
          ],
          [
            78.2259061,
            11.6966707
          ],
          [
            78.2256972,
            11.6968132
          ],
          [
            78.2252882,
            11.6971125
          ],
          [
            78.2252464,
            11.6971444
          ],
          [
            78.2251986,
            11.6971748
          ],
          [
            78.2251435,
            11.6971922
          ],
          [
            78.2250301,
            11.6971975
          ],
          [
            78.2248544,
            11.6971954
          ],
          [
            78.2247857,
            11.6972041
          ],
          [
            78.2247156,
            11.6972285
          ],
          [
            78.2246325,
            11.6972526
          ],
          [
            78.2246022,
            11.6972632
          ]
        ]
      },
      "properties": {
        "id": 1109082043,
        "name": "Thirumanimuthar திருமணிமுத்தாறு",
        "drain_type": "canal",
        "capacity": "63 m3/s",
        "status": "normal",
        "district": "Salem",
        "data_source_type": "OpenStreetMap Public Data"
      }
    },
    {
      "type": "Feature",
      "id": 1109082044,
      "geometry": {
        "type": "LineString",
        "coordinates": [
          [
            78.2404275,
            11.706734
          ],
          [
            78.2403146,
            11.7067992
          ]
        ]
      },
      "properties": {
        "id": 1109082044,
        "name": "Thirumanimuthar River",
        "drain_type": "canal",
        "capacity": "64 m3/s",
        "status": "normal",
        "district": "Salem",
        "data_source_type": "OpenStreetMap Public Data"
      }
    },
    {
      "type": "Feature",
      "id": 1109082047,
      "geometry": {
        "type": "LineString",
        "coordinates": [
          [
            78.2685241,
            11.7347946
          ],
          [
            78.2684901,
            11.7347562
          ],
          [
            78.268182,
            11.7347381
          ],
          [
            78.2680834,
            11.7348256
          ],
          [
            78.2680803,
            11.7350428
          ],
          [
            78.2679971,
            11.7352087
          ],
          [
            78.2678022,
            11.7353464
          ],
          [
            78.2673197,
            11.7352542
          ],
          [
            78.2668784,
            11.7348683
          ],
          [
            78.2665254,
            11.7347646
          ],
          [
            78.2660605,
            11.7344535
          ],
          [
            78.2658252,
            11.7345341
          ],
          [
            78.2653427,
            11.73473
          ],
          [
            78.2648485,
            11.7345917
          ],
          [
            78.2645249,
            11.7344938
          ],
          [
            78.2642836,
            11.7345745
          ],
          [
            78.2642189,
            11.7348625
          ],
          [
            78.2641424,
            11.7351851
          ],
          [
            78.2640365,
            11.7353406
          ],
          [
            78.263607,
            11.735404
          ],
          [
            78.2634305,
            11.7352427
          ],
          [
            78.2634128,
            11.7349892
          ],
          [
            78.2635364,
            11.7346659
          ],
          [
            78.2634893,
            11.7345046
          ],
          [
            78.2632834,
            11.734326
          ],
          [
            78.2632363,
            11.7341417
          ],
          [
            78.2635717,
            11.733629
          ],
          [
            78.2636246,
            11.733531
          ],
          [
            78.2637717,
            11.7332545
          ],
          [
            78.2636835,
            11.7329837
          ],
          [
            78.2635364,
            11.7328916
          ],
          [
            78.2633363,
            11.7328455
          ],
          [
            78.2630068,
            11.7329434
          ],
          [
            78.2628009,
            11.7328109
          ],
          [
            78.2626067,
            11.7325805
          ],
          [
            78.2625008,
            11.7322809
          ],
          [
            78.2627009,
            11.7314513
          ],
          [
            78.2625891,
            11.7309617
          ],
          [
            78.2624185,
            11.7305411
          ],
          [
            78.2620301,
            11.730063
          ],
          [
            78.2618654,
            11.7297115
          ],
          [
            78.2619419,
            11.7294292
          ],
          [
            78.2621007,
            11.7292852
          ],
          [
            78.2623067,
            11.7288647
          ],
          [
            78.2623302,
            11.7286342
          ],
          [
            78.2625126,
            11.7283116
          ],
          [
            78.2628186,
            11.7281215
          ],
          [
            78.2629598,
            11.7280351
          ],
          [
            78.262948,
            11.7278104
          ],
          [
            78.262389,
            11.727361
          ],
          [
            78.2622478,
            11.7271421
          ],
          [
            78.2619831,
            11.7264335
          ],
          [
            78.2618124,
            11.7262261
          ],
          [
            78.2616359,
            11.7260072
          ],
          [
            78.2617654,
            11.7257307
          ],
          [
            78.2619301,
            11.7255521
          ],
          [
            78.2618654,
            11.7253619
          ],
          [
            78.2616594,
            11.7253274
          ],
          [
            78.2613299,
            11.7254484
          ],
          [
            78.2609122,
            11.7255751
          ],
          [
            78.2607357,
            11.7254484
          ],
          [
            78.2605239,
            11.7252698
          ],
          [
            78.2605384,
            11.7249472
          ],
          [
            78.2605914,
            11.7248147
          ],
          [
            78.260762,
            11.724567
          ],
          [
            78.2609797,
            11.7243077
          ],
          [
            78.260862,
            11.7241464
          ],
          [
            78.260709,
            11.7241464
          ],
          [
            78.2601854,
            11.7242271
          ],
          [
            78.25995,
            11.7241349
          ],
          [
            78.259697,
            11.7238699
          ],
          [
            78.2594793,
            11.7235991
          ],
          [
            78.2591557,
            11.7235703
          ],
          [
            78.2585085,
            11.7234666
          ],
          [
            78.2579201,
            11.7235242
          ],
          [
            78.2577907,
            11.7234666
          ],
          [
            78.2577201,
            11.7232535
          ],
          [
            78.257673,
            11.7229308
          ],
          [
            78.2575024,
            11.7226082
          ],
          [
            78.2574141,
            11.7222395
          ],
          [
            78.2574729,
            11.7216461
          ],
          [
            78.2573258,
            11.7214502
          ],
          [
            78.2573376,
            11.7212255
          ],
          [
            78.2574729,
            11.7210815
          ],
          [
            78.2577142,
            11.7206898
          ],
          [
            78.2577083,
            11.7204593
          ],
          [
            78.2574494,
            11.720298
          ],
          [
            78.2572199,
            11.7201194
          ],
          [
            78.2570611,
            11.7196528
          ],
          [
            78.2570081,
            11.7193589
          ],
          [
            78.2568316,
            11.7190017
          ],
          [
            78.2567257,
            11.7187828
          ],
          [
            78.2566492,
            11.7185063
          ],
          [
            78.256508,
            11.7181548
          ],
          [
            78.2566492,
            11.7179532
          ],
          [
            78.2570081,
            11.717982
          ],
          [
            78.2572199,
            11.718126
          ],
          [
            78.2575318,
            11.718345
          ],
          [
            78.2577789,
            11.7184487
          ],
          [
            78.2579731,
            11.7184026
          ],
          [
            78.2579907,
            11.7182528
          ],
          [
            78.257873,
            11.7178841
          ],
          [
            78.257926,
            11.7175902
          ],
          [
            78.2580445,
            11.7172761
          ],
          [
            78.258426,
            11.7168738
          ],
          [
            78.2586021,
            11.716596
          ],
          [
            78.2585141,
            11.7159735
          ],
          [
            78.258426,
            11.7151785
          ],
          [
            78.2586803,
            11.7149774
          ],
          [
            78.2586706,
            11.714623
          ],
          [
            78.2585238,
            11.7143165
          ],
          [
            78.2582695,
            11.7140387
          ],
          [
            78.2577804,
            11.7137993
          ],
          [
            78.2573402,
            11.7135502
          ],
          [
            78.2569392,
            11.7134832
          ],
          [
            78.2565577,
            11.7136269
          ],
          [
            78.2560001,
            11.7139621
          ],
          [
            78.2556578,
            11.7139334
          ],
          [
            78.2553839,
            11.713761
          ],
          [
            78.2551589,
            11.7134928
          ],
          [
            78.2548752,
            11.7133204
          ],
          [
            78.2543373,
            11.713464
          ],
          [
            78.2540438,
            11.7135407
          ],
          [
            78.2538384,
            11.713464
          ],
          [
            78.253633,
            11.7132821
          ],
          [
            78.2533884,
            11.7129373
          ],
          [
            78.2532906,
            11.7126595
          ],
          [
            78.2532319,
            11.7123817
          ],
          [
            78.2532124,
            11.7120082
          ],
          [
            78.2533591,
            11.7116921
          ],
          [
            78.2535156,
            11.711309
          ],
          [
            78.2533102,
            11.7107056
          ],
          [
            78.2529189,
            11.7102745
          ],
          [
            78.252645,
            11.7097861
          ],
          [
            78.2523124,
            11.7094221
          ],
          [
            78.2517647,
            11.7089911
          ],
          [
            78.251256,
            11.7088857
          ],
          [
            78.2508354,
            11.7089432
          ],
          [
            78.2502876,
            11.7091156
          ],
          [
            78.249867,
            11.7090198
          ],
          [
            78.2496127,
            11.7088857
          ],
          [
            78.2493486,
            11.7087133
          ],
          [
            78.2473727,
            11.7083589
          ],
          [
            78.2470792,
            11.7084068
          ],
          [
            78.2468934,
            11.7088953
          ],
          [
            78.2466977,
            11.7091539
          ],
          [
            78.2462478,
            11.7092018
          ],
          [
            78.245925,
            11.7090485
          ],
          [
            78.245563,
            11.7086558
          ],
          [
            78.2453283,
            11.7082536
          ],
          [
            78.2450642,
            11.7078321
          ],
          [
            78.2448783,
            11.7077555
          ],
          [
            78.2445653,
            11.7077842
          ],
          [
            78.244223,
            11.7080428
          ],
          [
            78.2438904,
            11.7080333
          ],
          [
            78.243861,
            11.7075831
          ],
          [
            78.2437632,
            11.7072862
          ],
          [
            78.2435676,
            11.7069988
          ],
          [
            78.2429587,
            11.7069318
          ],
          [
            78.2421859,
            11.7069509
          ],
          [
            78.2417262,
            11.7068072
          ],
          [
            78.2413251,
            11.7064433
          ],
          [
            78.2410415,
            11.7061368
          ],
          [
            78.2407774,
            11.7062996
          ],
          [
            78.2405328,
            11.7066731
          ],
          [
            78.2404275,
            11.706734
          ]
        ]
      },
      "properties": {
        "id": 1109082047,
        "name": "Thirumanimuthar திருமணிமுத்தாறு",
        "drain_type": "canal",
        "capacity": "67 m3/s",
        "status": "normal",
        "district": "Salem",
        "data_source_type": "OpenStreetMap Public Data"
      }
    },
    {
      "type": "Feature",
      "id": 1109082048,
      "geometry": {
        "type": "LineString",
        "coordinates": [
          [
            78.2686035,
            11.7348843
          ],
          [
            78.2685241,
            11.7347946
          ]
        ]
      },
      "properties": {
        "id": 1109082048,
        "name": "Thirumanimuthar River",
        "drain_type": "canal",
        "capacity": "68 m3/s",
        "status": "normal",
        "district": "Salem",
        "data_source_type": "OpenStreetMap Public Data"
      }
    },
    {
      "type": "Feature",
      "id": 1109082049,
      "geometry": {
        "type": "LineString",
        "coordinates": [
          [
            78.2734015,
            11.7399962
          ],
          [
            78.2733444,
            11.7399065
          ],
          [
            78.2725324,
            11.73963
          ],
          [
            78.2723912,
            11.7392267
          ],
          [
            78.2722735,
            11.7386978
          ],
          [
            78.2720264,
            11.7380353
          ],
          [
            78.2717852,
            11.7375341
          ],
          [
            78.2714733,
            11.7369523
          ],
          [
            78.2714675,
            11.7367564
          ],
          [
            78.2714086,
            11.736405
          ],
          [
            78.2713027,
            11.7363762
          ],
          [
            78.2710674,
            11.7363359
          ],
          [
            78.270832,
            11.7363762
          ],
          [
            78.2707379,
            11.7366066
          ],
          [
            78.2707908,
            11.7368716
          ],
          [
            78.2707379,
            11.7371654
          ],
          [
            78.2701318,
            11.7374074
          ],
          [
            78.2699259,
            11.7373325
          ],
          [
            78.2698023,
            11.7371481
          ],
          [
            78.2696729,
            11.7368716
          ],
          [
            78.2696082,
            11.7365375
          ],
          [
            78.2696435,
            11.7362494
          ],
          [
            78.2695905,
            11.7360536
          ],
          [
            78.2694258,
            11.7359038
          ],
          [
            78.2690601,
            11.7357216
          ],
          [
            78.2687705,
            11.7353867
          ],
          [
            78.2686503,
            11.7349372
          ],
          [
            78.2686035,
            11.7348843
          ]
        ]
      },
      "properties": {
        "id": 1109082049,
        "name": "Thirumanimuthar திருமணிமுத்தாறு",
        "drain_type": "canal",
        "capacity": "69 m3/s",
        "status": "normal",
        "district": "Salem",
        "data_source_type": "OpenStreetMap Public Data"
      }
    },
    {
      "type": "Feature",
      "id": 1120033238,
      "geometry": {
        "type": "LineString",
        "coordinates": [
          [
            78.1510014,
            11.649743
          ],
          [
            78.1508303,
            11.64965
          ],
          [
            78.1503733,
            11.649668
          ],
          [
            78.1498873,
            11.6497126
          ],
          [
            78.1494055,
            11.6497147
          ],
          [
            78.1490671,
            11.6497084
          ],
          [
            78.1485784,
            11.6495218
          ],
          [
            78.1482667,
            11.6492918
          ],
          [
            78.1479642,
            11.6490253
          ],
          [
            78.1474834,
            11.648957
          ],
          [
            78.1471177,
            11.6489523
          ],
          [
            78.1469117,
            11.6489355
          ],
          [
            78.1465769,
            11.6487337
          ],
          [
            78.1460019,
            11.6485656
          ],
          [
            78.1456757,
            11.6481117
          ],
          [
            78.1454096,
            11.6477082
          ],
          [
            78.145032,
            11.6471281
          ],
          [
            78.1448517,
            11.6468171
          ],
          [
            78.1444826,
            11.6466406
          ]
        ]
      },
      "properties": {
        "id": 1120033238,
        "name": "Thirumanimuthar திருமணிமுத்தாறு",
        "drain_type": "canal",
        "capacity": "58 m3/s",
        "status": "normal",
        "district": "Salem",
        "data_source_type": "OpenStreetMap Public Data"
      }
    },
    {
      "type": "Feature",
      "id": 1120033239,
      "geometry": {
        "type": "LineString",
        "coordinates": [
          [
            78.1511739,
            11.6498158
          ],
          [
            78.1510014,
            11.649743
          ]
        ]
      },
      "properties": {
        "id": 1120033239,
        "name": "Thirumanimuthar",
        "drain_type": "canal",
        "capacity": "59 m3/s",
        "status": "normal",
        "district": "Salem",
        "data_source_type": "OpenStreetMap Public Data"
      }
    },
    {
      "type": "Feature",
      "id": 1125562059,
      "geometry": {
        "type": "LineString",
        "coordinates": [
          [
            78.2090492,
            11.6727734
          ],
          [
            78.209003,
            11.6728156
          ],
          [
            78.2087193,
            11.6732035
          ],
          [
            78.2082694,
            11.6733041
          ],
          [
            78.2077803,
            11.6732514
          ],
          [
            78.2076531,
            11.6731454
          ],
          [
            78.2075704,
            11.6731246
          ],
          [
            78.2073739,
            11.6730752
          ],
          [
            78.206936,
            11.6729924
          ],
          [
            78.2066031,
            11.6728394
          ],
          [
            78.2061882,
            11.672699
          ],
          [
            78.2059577,
            11.6727491
          ],
          [
            78.2057118,
            11.6727015
          ],
          [
            78.205425,
            11.6726463
          ],
          [
            78.205051,
            11.672561
          ],
          [
            78.2047796,
            11.6725309
          ],
          [
            78.2046361,
            11.6725134
          ],
          [
            78.2044582,
            11.6725056
          ],
          [
            78.2042088,
            11.6724846
          ],
          [
            78.2040444,
            11.6724583
          ],
          [
            78.2039809,
            11.6724351
          ],
          [
            78.2032472,
            11.6721621
          ],
          [
            78.2028706,
            11.6719657
          ],
          [
            78.2026652,
            11.6717789
          ],
          [
            78.2026603,
            11.6717071
          ],
          [
            78.202093,
            11.6712952
          ],
          [
            78.2019267,
            11.6712185
          ],
          [
            78.2015697,
            11.6705767
          ],
          [
            78.2011491,
            11.6705192
          ]
        ]
      },
      "properties": {
        "id": 1125562059,
        "name": "OSM Drain Segment 59",
        "drain_type": "stream",
        "capacity": "29 m3/s",
        "status": "normal",
        "district": "Salem",
        "data_source_type": "OpenStreetMap Public Data"
      }
    },
    {
      "type": "Feature",
      "id": 1125562060,
      "geometry": {
        "type": "LineString",
        "coordinates": [
          [
            78.2142719,
            11.6726404
          ],
          [
            78.2137486,
            11.6726404
          ],
          [
            78.2131861,
            11.6726164
          ],
          [
            78.2119292,
            11.672535
          ],
          [
            78.2107016,
            11.6725158
          ],
          [
            78.2103494,
            11.6724919
          ],
          [
            78.2100511,
            11.6724727
          ],
          [
            78.2097185,
            11.6724344
          ],
          [
            78.2094153,
            11.672511
          ],
          [
            78.2091952,
            11.6726404
          ],
          [
            78.2091237,
            11.6727056
          ]
        ]
      },
      "properties": {
        "id": 1125562060,
        "name": "OSM Drain Segment 60",
        "drain_type": "stream",
        "capacity": "30 m3/s",
        "status": "blocked",
        "district": "Salem",
        "data_source_type": "OpenStreetMap Public Data"
      }
    },
    {
      "type": "Feature",
      "id": 1125562061,
      "geometry": {
        "type": "LineString",
        "coordinates": [
          [
            78.2091237,
            11.6727056
          ],
          [
            78.2090492,
            11.6727734
          ]
        ]
      },
      "properties": {
        "id": 1125562061,
        "name": "OSM Drain Segment 61",
        "drain_type": "stream",
        "capacity": "31 m3/s",
        "status": "partially_blocked",
        "district": "Salem",
        "data_source_type": "OpenStreetMap Public Data"
      }
    },
    {
      "type": "Feature",
      "id": 1125562062,
      "geometry": {
        "type": "LineString",
        "coordinates": [
          [
            78.2352295,
            11.6750089
          ],
          [
            78.2349572,
            11.6752129
          ],
          [
            78.2346117,
            11.6754141
          ],
          [
            78.2340513,
            11.6754873
          ],
          [
            78.233687,
            11.6756245
          ],
          [
            78.2336123,
            11.6760269
          ],
          [
            78.2335469,
            11.6764019
          ],
          [
            78.2334722,
            11.6768135
          ],
          [
            78.2334178,
            11.6768659
          ],
          [
            78.2333473,
            11.6769057
          ],
          [
            78.2331365,
            11.676928
          ],
          [
            78.2329289,
            11.6769344
          ],
          [
            78.23256,
            11.6770009
          ],
          [
            78.2323562,
            11.6771148
          ],
          [
            78.2321071,
            11.6772507
          ],
          [
            78.231824,
            11.6773997
          ],
          [
            78.2315585,
            11.6775913
          ],
          [
            78.2312687,
            11.6779107
          ],
          [
            78.2311092,
            11.6780326
          ],
          [
            78.2309498,
            11.6781544
          ],
          [
            78.2305977,
            11.6783077
          ],
          [
            78.2302015,
            11.6784514
          ],
          [
            78.2297516,
            11.6785855
          ],
          [
            78.2293505,
            11.6789543
          ],
          [
            78.2292283,
            11.6792177
          ],
          [
            78.2291598,
            11.6796344
          ],
          [
            78.2291304,
            11.6799314
          ],
          [
            78.2289593,
            11.6801278
          ],
          [
            78.2287538,
            11.6802619
          ],
          [
            78.2286903,
            11.6803768
          ],
          [
            78.2285289,
            11.6805253
          ],
          [
            78.2283577,
            11.680578
          ],
          [
            78.228118,
            11.6805636
          ],
          [
            78.2278393,
            11.6806881
          ],
          [
            78.2275018,
            11.6807169
          ],
          [
            78.2272621,
            11.680554
          ],
          [
            78.2270567,
            11.6804822
          ],
          [
            78.2268758,
            11.680554
          ],
          [
            78.2267388,
            11.6804965
          ],
          [
            78.226553,
            11.6802475
          ],
          [
            78.2262253,
            11.6801421
          ],
          [
            78.2261617,
            11.6800367
          ],
          [
            78.2260492,
            11.6794476
          ],
          [
            78.226059,
            11.6790501
          ],
          [
            78.2258438,
            11.6788394
          ],
          [
            78.2251786,
            11.678643
          ],
          [
            78.2248415,
            11.6784109
          ],
          [
            78.2247016,
            11.6782059
          ],
          [
            78.2246246,
            11.6781473
          ],
          [
            78.224513,
            11.6780034
          ],
          [
            78.2244079,
            11.6778455
          ],
          [
            78.2244939,
            11.6776755
          ],
          [
            78.2244695,
            11.6773881
          ],
          [
            78.2242967,
            11.6773894
          ],
          [
            78.2239396,
            11.6775619
          ],
          [
            78.2230153,
            11.6781462
          ],
          [
            78.2225506,
            11.6782468
          ],
          [
            78.2224773,
            11.6782228
          ],
          [
            78.2220077,
            11.6776576
          ],
          [
            78.2216801,
            11.6773559
          ],
          [
            78.221367,
            11.6772074
          ],
          [
            78.2208877,
            11.6770733
          ],
          [
            78.2207068,
            11.6770781
          ],
          [
            78.2204671,
            11.6771116
          ],
          [
            78.2203546,
            11.6770685
          ],
          [
            78.2201297,
            11.6768769
          ],
          [
            78.2197971,
            11.6766183
          ],
          [
            78.2195085,
            11.6765033
          ],
          [
            78.2194645,
            11.6764411
          ],
          [
            78.2194449,
            11.6763022
          ],
          [
            78.2195183,
            11.6760244
          ],
          [
            78.2196259,
            11.6756604
          ],
          [
            78.2197579,
            11.6752197
          ],
          [
            78.2197335,
            11.675076
          ],
          [
            78.2196699,
            11.6749419
          ],
          [
            78.2195428,
            11.6749467
          ],
          [
            78.2192346,
            11.6750042
          ],
          [
            78.2189656,
            11.6751287
          ],
          [
            78.2187961,
            11.6752791
          ],
          [
            78.2185221,
            11.6754245
          ],
          [
            78.2184043,
            11.6754346
          ],
          [
            78.2181712,
            11.6753819
          ],
          [
            78.2177384,
            11.6752339
          ],
          [
            78.2177639,
            11.6750738
          ],
          [
            78.2177393,
            11.6748505
          ],
          [
            78.2176684,
            11.6745911
          ],
          [
            78.2176057,
            11.6744779
          ],
          [
            78.2176009,
            11.6743277
          ],
          [
            78.2176638,
            11.6740354
          ],
          [
            78.2177784,
            11.6736657
          ],
          [
            78.2177993,
            11.6733813
          ],
          [
            78.2177945,
            11.6729768
          ],
          [
            78.2176466,
            11.6720837
          ]
        ]
      },
      "properties": {
        "id": 1125562062,
        "name": "OSM Drain Segment 62",
        "drain_type": "stream",
        "capacity": "32 m3/s",
        "status": "normal",
        "district": "Salem",
        "data_source_type": "OpenStreetMap Public Data"
      }
    },
    {
      "type": "Feature",
      "id": 1125562063,
      "geometry": {
        "type": "LineString",
        "coordinates": [
          [
            78.2707976,
            11.6686291
          ],
          [
            78.2698872,
            11.668347
          ],
          [
            78.2685575,
            11.6680128
          ],
          [
            78.2678994,
            11.6681035
          ],
          [
            78.2674791,
            11.6682818
          ],
          [
            78.2668207,
            11.6684465
          ],
          [
            78.2662941,
            11.6672276
          ],
          [
            78.2661073,
            11.6668205
          ],
          [
            78.2658645,
            11.6666604
          ],
          [
            78.2654442,
            11.6664501
          ],
          [
            78.2650332,
            11.6663311
          ],
          [
            78.2644681,
            11.6664089
          ],
          [
            78.2637022,
            11.6666101
          ],
          [
            78.263366,
            11.6668571
          ],
          [
            78.2632866,
            11.6672367
          ],
          [
            78.2630671,
            11.6680554
          ],
          [
            78.2626655,
            11.6681285
          ],
          [
            78.2621752,
            11.6681377
          ],
          [
            78.2618296,
            11.6682474
          ],
          [
            78.2613906,
            11.6684853
          ],
          [
            78.261073,
            11.6685402
          ],
          [
            78.2609283,
            11.6686819
          ],
          [
            78.2605687,
            11.6690204
          ],
          [
            78.2601063,
            11.6693542
          ],
          [
            78.2597468,
            11.6695006
          ],
          [
            78.2594199,
            11.6694777
          ],
          [
            78.259135,
            11.6693725
          ],
          [
            78.2587614,
            11.6690295
          ],
          [
            78.2584812,
            11.668874
          ],
          [
            78.2582057,
            11.6689426
          ],
          [
            78.2579675,
            11.6691621
          ],
          [
            78.257734,
            11.6693405
          ],
          [
            78.2575565,
            11.6693954
          ],
          [
            78.2569121,
            11.6693542
          ],
          [
            78.2562863,
            11.6693908
          ],
          [
            78.2560528,
            11.6695692
          ],
          [
            78.2559827,
            11.6698436
          ],
          [
            78.255824,
            11.670214
          ],
          [
            78.2555297,
            11.6704747
          ],
          [
            78.2551888,
            11.6704747
          ],
          [
            78.254974,
            11.6707766
          ],
          [
            78.2549553,
            11.671362
          ],
          [
            78.2549086,
            11.6715815
          ],
          [
            78.2547639,
            11.6717141
          ],
          [
            78.2543949,
            11.6716318
          ],
          [
            78.253531,
            11.6713528
          ],
          [
            78.2531107,
            11.6711516
          ],
          [
            78.2527324,
            11.6708909
          ],
          [
            78.2525736,
            11.6706577
          ],
          [
            78.2525456,
            11.6703421
          ],
          [
            78.2524709,
            11.670118
          ],
          [
            78.2522234,
            11.6699671
          ],
          [
            78.2520086,
            11.670022
          ],
          [
            78.2518264,
            11.6703284
          ],
          [
            78.2515976,
            11.670676
          ],
          [
            78.2514061,
            11.6707217
          ],
          [
            78.25114,
            11.6706485
          ],
          [
            78.2507664,
            11.670429
          ],
          [
            78.2503601,
            11.6704153
          ],
          [
            78.2500518,
            11.6704473
          ],
          [
            78.2497716,
            11.6703467
          ],
          [
            78.2487209,
            11.6698665
          ],
          [
            78.2481418,
            11.6697247
          ],
          [
            78.2479597,
            11.6697338
          ],
          [
            78.2478569,
            11.6698253
          ],
          [
            78.2477168,
            11.6702095
          ],
          [
            78.2477495,
            11.6705616
          ],
          [
            78.2476001,
            11.6707308
          ],
          [
            78.2472919,
            11.6707537
          ],
          [
            78.2470677,
            11.6706668
          ],
          [
            78.2466941,
            11.6706988
          ],
          [
            78.246526,
            11.6708863
          ],
          [
            78.2462832,
            11.6710418
          ],
          [
            78.2459142,
            11.6710921
          ],
          [
            78.2456013,
            11.6710235
          ],
          [
            78.245083,
            11.6707583
          ],
          [
            78.2445739,
            11.6706668
          ],
          [
            78.2440462,
            11.6708406
          ],
          [
            78.24378,
            11.6711242
          ],
          [
            78.2434158,
            11.6716044
          ],
          [
            78.243327,
            11.6718742
          ],
          [
            78.2431169,
            11.6721852
          ],
          [
            78.242748,
            11.6724047
          ],
          [
            78.2418934,
            11.6725328
          ],
          [
            78.2418468,
            11.6725575
          ]
        ]
      },
      "properties": {
        "id": 1125562063,
        "name": "OSM Drain Segment 63",
        "drain_type": "stream",
        "capacity": "33 m3/s",
        "status": "normal",
        "district": "Salem",
        "data_source_type": "OpenStreetMap Public Data"
      }
    },
    {
      "type": "Feature",
      "id": 1125562064,
      "geometry": {
        "type": "LineString",
        "coordinates": [
          [
            78.2353338,
            11.6749461
          ],
          [
            78.2352295,
            11.6750089
          ]
        ]
      },
      "properties": {
        "id": 1125562064,
        "name": "OSM Drain Segment 64",
        "drain_type": "stream",
        "capacity": "34 m3/s",
        "status": "normal",
        "district": "Salem",
        "data_source_type": "OpenStreetMap Public Data"
      }
    },
    {
      "type": "Feature",
      "id": 1125562067,
      "geometry": {
        "type": "LineString",
        "coordinates": [
          [
            78.241192,
            11.673365
          ],
          [
            78.2411415,
            11.6733743
          ],
          [
            78.2409127,
            11.6733789
          ],
          [
            78.2402262,
            11.6734292
          ],
          [
            78.2397685,
            11.6735161
          ],
          [
            78.2394463,
            11.673388
          ],
          [
            78.2388158,
            11.6730724
          ],
          [
            78.2379379,
            11.6728163
          ],
          [
            78.2374849,
            11.6727477
          ],
          [
            78.2374062,
            11.6727697
          ]
        ]
      },
      "properties": {
        "id": 1125562067,
        "name": "OSM Drain Segment 67",
        "drain_type": "stream",
        "capacity": "37 m3/s",
        "status": "normal",
        "district": "Salem",
        "data_source_type": "OpenStreetMap Public Data"
      }
    },
    {
      "type": "Feature",
      "id": 1125562068,
      "geometry": {
        "type": "LineString",
        "coordinates": [
          [
            78.2412308,
            11.673214
          ],
          [
            78.241192,
            11.673365
          ]
        ]
      },
      "properties": {
        "id": 1125562068,
        "name": "OSM Drain Segment 68",
        "drain_type": "stream",
        "capacity": "38 m3/s",
        "status": "normal",
        "district": "Salem",
        "data_source_type": "OpenStreetMap Public Data"
      }
    },
    {
      "type": "Feature",
      "id": 1125562069,
      "geometry": {
        "type": "LineString",
        "coordinates": [
          [
            78.2768126,
            11.6710176
          ],
          [
            78.2766215,
            11.6707219
          ],
          [
            78.2764675,
            11.6706374
          ],
          [
            78.2763196,
            11.670565
          ],
          [
            78.2761717,
            11.6704986
          ],
          [
            78.2759551,
            11.6704309
          ],
          [
            78.2756315,
            11.6702137
          ],
          [
            78.2748921,
            11.669918
          ],
          [
            78.2745162,
            11.6696977
          ],
          [
            78.274399,
            11.6693605
          ]
        ]
      },
      "properties": {
        "id": 1125562069,
        "name": "OSM Drain Segment 69",
        "drain_type": "stream",
        "capacity": "39 m3/s",
        "status": "normal",
        "district": "Salem",
        "data_source_type": "OpenStreetMap Public Data"
      }
    },
    {
      "type": "Feature",
      "id": 1125562070,
      "geometry": {
        "type": "LineString",
        "coordinates": [
          [
            78.2849036,
            11.6684112
          ],
          [
            78.2847423,
            11.6684839
          ],
          [
            78.2838281,
            11.6683929
          ],
          [
            78.2828853,
            11.6681093
          ],
          [
            78.2820195,
            11.6681244
          ],
          [
            78.2815666,
            11.6681093
          ],
          [
            78.2807409,
            11.668236
          ],
          [
            78.2804051,
            11.6681968
          ],
          [
            78.2799953,
            11.6679976
          ],
          [
            78.2794191,
            11.6676687
          ],
          [
            78.2787598,
            11.6676537
          ],
          [
            78.2783099,
            11.667708
          ],
          [
            78.2780172,
            11.6679524
          ],
          [
            78.2774904,
            11.6681606
          ],
          [
            78.2774088,
            11.6681563
          ]
        ]
      },
      "properties": {
        "id": 1125562070,
        "name": "OSM Drain Segment 70",
        "drain_type": "stream",
        "capacity": "40 m3/s",
        "status": "blocked",
        "district": "Salem",
        "data_source_type": "OpenStreetMap Public Data"
      }
    },
    {
      "type": "Feature",
      "id": 1125562071,
      "geometry": {
        "type": "LineString",
        "coordinates": [
          [
            78.277209,
            11.6681255
          ],
          [
            78.2771761,
            11.6681214
          ],
          [
            78.2767201,
            11.6677623
          ],
          [
            78.2763196,
            11.667717
          ],
          [
            78.2758636,
            11.6679433
          ],
          [
            78.2753737,
            11.6683356
          ],
          [
            78.2751026,
            11.6687218
          ],
          [
            78.2747565,
            11.668816
          ]
        ]
      },
      "properties": {
        "id": 1125562071,
        "name": "OSM Drain Segment 71",
        "drain_type": "stream",
        "capacity": "41 m3/s",
        "status": "partially_blocked",
        "district": "Salem",
        "data_source_type": "OpenStreetMap Public Data"
      }
    },
    {
      "type": "Feature",
      "id": 1125562072,
      "geometry": {
        "type": "LineString",
        "coordinates": [
          [
            78.2774088,
            11.6681563
          ],
          [
            78.277209,
            11.6681255
          ]
        ]
      },
      "properties": {
        "id": 1125562072,
        "name": "OSM Drain Segment 72",
        "drain_type": "stream",
        "capacity": "42 m3/s",
        "status": "normal",
        "district": "Salem",
        "data_source_type": "OpenStreetMap Public Data"
      }
    },
    {
      "type": "Feature",
      "id": 1125562073,
      "geometry": {
        "type": "LineString",
        "coordinates": [
          [
            78.2853374,
            11.6674824
          ],
          [
            78.2853097,
            11.6677177
          ],
          [
            78.2852758,
            11.6680647
          ],
          [
            78.2851125,
            11.6683182
          ],
          [
            78.2850773,
            11.6683456
          ]
        ]
      },
      "properties": {
        "id": 1125562073,
        "name": "OSM Drain Segment 73",
        "drain_type": "stream",
        "capacity": "43 m3/s",
        "status": "normal",
        "district": "Salem",
        "data_source_type": "OpenStreetMap Public Data"
      }
    },
    {
      "type": "Feature",
      "id": 1125562074,
      "geometry": {
        "type": "LineString",
        "coordinates": [
          [
            78.2850773,
            11.6683456
          ],
          [
            78.2849036,
            11.6684112
          ]
        ]
      },
      "properties": {
        "id": 1125562074,
        "name": "OSM Drain Segment 74",
        "drain_type": "stream",
        "capacity": "44 m3/s",
        "status": "normal",
        "district": "Salem",
        "data_source_type": "OpenStreetMap Public Data"
      }
    },
    {
      "type": "Feature",
      "id": 1125562075,
      "geometry": {
        "type": "LineString",
        "coordinates": [
          [
            78.2176466,
            11.6720837
          ],
          [
            78.2174265,
            11.6720464
          ]
        ]
      },
      "properties": {
        "id": 1125562075,
        "name": "OSM Drain Segment 75",
        "drain_type": "stream",
        "capacity": "45 m3/s",
        "status": "blocked",
        "district": "Salem",
        "data_source_type": "OpenStreetMap Public Data"
      }
    },
    {
      "type": "Feature",
      "id": 1126845013,
      "geometry": {
        "type": "LineString",
        "coordinates": [
          [
            78.2325419,
            11.6970733
          ],
          [
            78.2324064,
            11.6969829
          ],
          [
            78.2320143,
            11.6968028
          ],
          [
            78.231903,
            11.6968075
          ],
          [
            78.2317901,
            11.6968486
          ],
          [
            78.2315932,
            11.6969655
          ],
          [
            78.2315126,
            11.6971046
          ],
          [
            78.2313561,
            11.6971725
          ],
          [
            78.2311754,
            11.6972073
          ],
          [
            78.2310608,
            11.6971709
          ],
          [
            78.2309108,
            11.6970098
          ],
          [
            78.2307591,
            11.6969039
          ],
          [
            78.2306075,
            11.6969229
          ],
          [
            78.2304026,
            11.6970935
          ],
          [
            78.2301412,
            11.6971883
          ],
          [
            78.2295797,
            11.6972799
          ],
          [
            78.2293732,
            11.6972357
          ],
          [
            78.229107,
            11.6970745
          ],
          [
            78.2289812,
            11.6968739
          ],
          [
            78.2288327,
            11.6967744
          ],
          [
            78.2287101,
            11.6967681
          ],
          [
            78.228602,
            11.6967823
          ],
          [
            78.2285246,
            11.6968297
          ],
          [
            78.2284631,
            11.6969375
          ],
          [
            78.2283768,
            11.6970551
          ],
          [
            78.2283245,
            11.6971457
          ],
          [
            78.2282135,
            11.6971879
          ],
          [
            78.2281273,
            11.6971758
          ],
          [
            78.2280348,
            11.6971517
          ],
          [
            78.2278962,
            11.6971788
          ],
          [
            78.2278222,
            11.6972271
          ],
          [
            78.2277668,
            11.6973086
          ],
          [
            78.2277637,
            11.6973689
          ],
          [
            78.2277514,
            11.6974987
          ],
          [
            78.2277575,
            11.6976073
          ],
          [
            78.2277175,
            11.6976525
          ],
          [
            78.2276251,
            11.6976646
          ],
          [
            78.2275634,
            11.6976616
          ],
          [
            78.2274895,
            11.6976254
          ],
          [
            78.2274125,
            11.6975288
          ],
          [
            78.2273847,
            11.697375
          ],
          [
            78.2274063,
            11.6972814
          ],
          [
            78.2274248,
            11.6971879
          ],
          [
            78.2274001,
            11.6971276
          ],
          [
            78.2273385,
            11.6970914
          ],
          [
            78.2272646,
            11.6971034
          ],
          [
            78.2270705,
            11.6972362
          ],
          [
            78.2269237,
            11.6972749
          ],
          [
            78.2267603,
            11.6972288
          ]
        ]
      },
      "properties": {
        "id": 1126845013,
        "name": "OSM Drain Segment 13",
        "drain_type": "drain",
        "capacity": "33 m3/s",
        "status": "normal",
        "district": "Salem",
        "data_source_type": "OpenStreetMap Public Data"
      }
    },
    {
      "type": "Feature",
      "id": 1126845014,
      "geometry": {
        "type": "LineString",
        "coordinates": [
          [
            78.235788,
            11.6966373
          ],
          [
            78.2356186,
            11.6967431
          ],
          [
            78.2353992,
            11.6969564
          ],
          [
            78.2352347,
            11.6970828
          ],
          [
            78.2349475,
            11.6971096
          ],
          [
            78.2345215,
            11.6971286
          ],
          [
            78.2340504,
            11.6970765
          ],
          [
            78.2336552,
            11.6969943
          ],
          [
            78.2333647,
            11.6968916
          ],
          [
            78.233197,
            11.6967858
          ],
          [
            78.2330953,
            11.6966894
          ],
          [
            78.2330356,
            11.6965472
          ],
          [
            78.2329566,
            11.6964414
          ],
          [
            78.232884,
            11.696424
          ],
          [
            78.2328033,
            11.6964651
          ],
          [
            78.2327436,
            11.6965314
          ],
          [
            78.2326952,
            11.6966373
          ],
          [
            78.2327162,
            11.6967526
          ],
          [
            78.2327388,
            11.6969011
          ],
          [
            78.2327371,
            11.6970022
          ],
          [
            78.2326968,
            11.6970765
          ],
          [
            78.2326274,
            11.6971049
          ]
        ]
      },
      "properties": {
        "id": 1126845014,
        "name": "OSM Drain Segment 14",
        "drain_type": "drain",
        "capacity": "34 m3/s",
        "status": "normal",
        "district": "Salem",
        "data_source_type": "OpenStreetMap Public Data"
      }
    },
    {
      "type": "Feature",
      "id": 1126845015,
      "geometry": {
        "type": "LineString",
        "coordinates": [
          [
            78.2326274,
            11.6971049
          ],
          [
            78.2325419,
            11.6970733
          ]
        ]
      },
      "properties": {
        "id": 1126845015,
        "name": "OSM Drain Segment 15",
        "drain_type": "drain",
        "capacity": "35 m3/s",
        "status": "blocked",
        "district": "Salem",
        "data_source_type": "OpenStreetMap Public Data"
      }
    },
    {
      "type": "Feature",
      "id": 1126845016,
      "geometry": {
        "type": "LineString",
        "coordinates": [
          [
            78.2361569,
            11.6949193
          ],
          [
            78.2360842,
            11.6951253
          ],
          [
            78.2360455,
            11.6952491
          ],
          [
            78.2360522,
            11.695331
          ],
          [
            78.2360767,
            11.6954469
          ],
          [
            78.2361308,
            11.6955279
          ],
          [
            78.2361773,
            11.6955983
          ],
          [
            78.2362009,
            11.6956644
          ],
          [
            78.2362204,
            11.6957331
          ],
          [
            78.236234,
            11.6958017
          ],
          [
            78.2362146,
            11.6958828
          ],
          [
            78.2361706,
            11.6959639
          ],
          [
            78.236087,
            11.6960648
          ],
          [
            78.2359391,
            11.6961517
          ],
          [
            78.2358428,
            11.6962005
          ],
          [
            78.2357626,
            11.6962633
          ],
          [
            78.2357423,
            11.6963328
          ],
          [
            78.235744,
            11.6963924
          ],
          [
            78.235771,
            11.6965273
          ],
          [
            78.235788,
            11.6966373
          ]
        ]
      },
      "properties": {
        "id": 1126845016,
        "name": "OSM Drain Segment 16",
        "drain_type": "drain",
        "capacity": "36 m3/s",
        "status": "partially_blocked",
        "district": "Salem",
        "data_source_type": "OpenStreetMap Public Data"
      }
    },
    {
      "type": "Feature",
      "id": 1126845017,
      "geometry": {
        "type": "LineString",
        "coordinates": [
          [
            78.2361937,
            11.6948217
          ],
          [
            78.2361569,
            11.6949193
          ]
        ]
      },
      "properties": {
        "id": 1126845017,
        "name": "OSM Drain Segment 17",
        "drain_type": "drain",
        "capacity": "37 m3/s",
        "status": "normal",
        "district": "Salem",
        "data_source_type": "OpenStreetMap Public Data"
      }
    },
    {
      "type": "Feature",
      "id": 1126845018,
      "geometry": {
        "type": "LineString",
        "coordinates": [
          [
            78.2362091,
            11.6947932
          ],
          [
            78.2361937,
            11.6948217
          ]
        ]
      },
      "properties": {
        "id": 1126845018,
        "name": "OSM Drain Segment 18",
        "drain_type": "drain",
        "capacity": "38 m3/s",
        "status": "normal",
        "district": "Salem",
        "data_source_type": "OpenStreetMap Public Data"
      }
    },
    {
      "type": "Feature",
      "id": 1126845019,
      "geometry": {
        "type": "LineString",
        "coordinates": [
          [
            78.2404221,
            11.698038
          ],
          [
            78.2403881,
            11.6980421
          ],
          [
            78.2400985,
            11.6981477
          ],
          [
            78.2400369,
            11.6980753
          ],
          [
            78.2399691,
            11.6978882
          ],
          [
            78.2399321,
            11.6977766
          ],
          [
            78.2398181,
            11.6977706
          ],
          [
            78.2395317,
            11.6978349
          ],
          [
            78.23928,
            11.697925
          ],
          [
            78.2390203,
            11.6978681
          ],
          [
            78.2388993,
            11.6977417
          ],
          [
            78.2387121,
            11.6975174
          ],
          [
            78.2386621,
            11.6973989
          ],
          [
            78.2386313,
            11.6972873
          ],
          [
            78.2385573,
            11.6972842
          ],
          [
            78.2384772,
            11.6972752
          ],
          [
            78.2384279,
            11.697251
          ],
          [
            78.2383786,
            11.697236
          ],
          [
            78.2382554,
            11.6972661
          ],
          [
            78.2382061,
            11.6972329
          ],
          [
            78.2381938,
            11.6971424
          ],
          [
            78.2381445,
            11.6970006
          ],
          [
            78.2380736,
            11.6969343
          ],
          [
            78.237935,
            11.6968679
          ],
          [
            78.2377902,
            11.6968377
          ],
          [
            78.2376114,
            11.6968649
          ],
          [
            78.2374019,
            11.6969403
          ],
          [
            78.2369552,
            11.6971786
          ],
          [
            78.2368473,
            11.6971907
          ],
          [
            78.2367241,
            11.6971364
          ],
          [
            78.2366841,
            11.6970851
          ],
          [
            78.2365177,
            11.6967713
          ],
          [
            78.2364561,
            11.69672
          ],
          [
            78.2363759,
            11.696711
          ],
          [
            78.2362681,
            11.6967532
          ],
          [
            78.2361664,
            11.6967955
          ],
          [
            78.236037,
            11.6968075
          ],
          [
            78.2359477,
            11.6967744
          ],
          [
            78.2358183,
            11.6966929
          ],
          [
            78.235788,
            11.6966373
          ]
        ]
      },
      "properties": {
        "id": 1126845019,
        "name": "OSM Drain Segment 19",
        "drain_type": "drain",
        "capacity": "39 m3/s",
        "status": "normal",
        "district": "Salem",
        "data_source_type": "OpenStreetMap Public Data"
      }
    },
    {
      "type": "Feature",
      "id": 1126845020,
      "geometry": {
        "type": "LineString",
        "coordinates": [
          [
            78.245767,
            11.6954401
          ],
          [
            78.2457589,
            11.6955443
          ],
          [
            78.2457234,
            11.6957039
          ],
          [
            78.2456225,
            11.6958427
          ],
          [
            78.2454715,
            11.6959845
          ],
          [
            78.2453421,
            11.6960418
          ],
          [
            78.2451018,
            11.6961384
          ],
          [
            78.244769,
            11.696066
          ],
          [
            78.2446242,
            11.6960177
          ],
          [
            78.2444054,
            11.6960026
          ],
          [
            78.2443223,
            11.696069
          ],
          [
            78.2442884,
            11.6964159
          ],
          [
            78.2442884,
            11.6966
          ],
          [
            78.2441312,
            11.6968082
          ],
          [
            78.2439772,
            11.6969228
          ],
          [
            78.2437954,
            11.696959
          ],
          [
            78.2435273,
            11.6968776
          ],
          [
            78.2433405,
            11.6969431
          ],
          [
            78.2430509,
            11.6970849
          ],
          [
            78.2428938,
            11.6973594
          ],
          [
            78.2429122,
            11.697637
          ],
          [
            78.2427798,
            11.6978301
          ],
          [
            78.2426473,
            11.6979538
          ],
          [
            78.2425425,
            11.697987
          ],
          [
            78.2424039,
            11.6979749
          ],
          [
            78.2422098,
            11.697993
          ],
          [
            78.2419294,
            11.6980564
          ],
          [
            78.2415597,
            11.6978874
          ],
          [
            78.2413748,
            11.6978241
          ],
          [
            78.2413193,
            11.6978542
          ],
          [
            78.241344,
            11.6979538
          ],
          [
            78.2412577,
            11.6980413
          ],
          [
            78.2411129,
            11.6981439
          ],
          [
            78.2409558,
            11.6981559
          ],
          [
            78.2408634,
            11.6981258
          ],
          [
            78.2407089,
            11.6980631
          ],
          [
            78.2405898,
            11.6980164
          ],
          [
            78.2405621,
            11.6980168
          ]
        ]
      },
      "properties": {
        "id": 1126845020,
        "name": "OSM Drain Segment 20",
        "drain_type": "drain",
        "capacity": "40 m3/s",
        "status": "blocked",
        "district": "Salem",
        "data_source_type": "OpenStreetMap Public Data"
      }
    },
    {
      "type": "Feature",
      "id": 1126845021,
      "geometry": {
        "type": "LineString",
        "coordinates": [
          [
            78.2405621,
            11.6980168
          ],
          [
            78.2404221,
            11.698038
          ]
        ]
      },
      "properties": {
        "id": 1126845021,
        "name": "OSM Drain Segment 21",
        "drain_type": "drain",
        "capacity": "41 m3/s",
        "status": "partially_blocked",
        "district": "Salem",
        "data_source_type": "OpenStreetMap Public Data"
      }
    },
    {
      "type": "Feature",
      "id": 1126845023,
      "geometry": {
        "type": "LineString",
        "coordinates": [
          [
            78.2505561,
            11.6933267
          ],
          [
            78.2504576,
            11.6932603
          ],
          [
            78.2503004,
            11.6931728
          ],
          [
            78.2501464,
            11.6931668
          ],
          [
            78.2498629,
            11.6931064
          ],
          [
            78.2496349,
            11.6930552
          ],
          [
            78.2494777,
            11.692977
          ],
          [
            78.2492503,
            11.6930623
          ],
          [
            78.2490518,
            11.6930576
          ],
          [
            78.2488485,
            11.6930655
          ],
          [
            78.2487291,
            11.6931382
          ],
          [
            78.248429,
            11.6933609
          ],
          [
            78.2482838,
            11.6934763
          ],
          [
            78.2481628,
            11.6935568
          ],
          [
            78.2478676,
            11.693571
          ],
          [
            78.2477579,
            11.6935789
          ],
          [
            78.2475062,
            11.6936216
          ],
          [
            78.2473449,
            11.693699
          ],
          [
            78.2471383,
            11.6939581
          ],
          [
            78.2470125,
            11.6941019
          ],
          [
            78.2468463,
            11.6941777
          ],
          [
            78.2465607,
            11.694301
          ],
          [
            78.24623,
            11.6944258
          ],
          [
            78.2461961,
            11.6945127
          ],
          [
            78.2460816,
            11.6947386
          ],
          [
            78.2459912,
            11.6949029
          ],
          [
            78.2459219,
            11.6951415
          ],
          [
            78.2457879,
            11.6952852
          ],
          [
            78.2457812,
            11.6953346
          ]
        ]
      },
      "properties": {
        "id": 1126845023,
        "name": "OSM Drain Segment 23",
        "drain_type": "drain",
        "capacity": "43 m3/s",
        "status": "normal",
        "district": "Salem",
        "data_source_type": "OpenStreetMap Public Data"
      }
    },
    {
      "type": "Feature",
      "id": 1126845024,
      "geometry": {
        "type": "LineString",
        "coordinates": [
          [
            78.2457812,
            11.6953346
          ],
          [
            78.245767,
            11.6954401
          ]
        ]
      },
      "properties": {
        "id": 1126845024,
        "name": "OSM Drain Segment 24",
        "drain_type": "drain",
        "capacity": "44 m3/s",
        "status": "normal",
        "district": "Salem",
        "data_source_type": "OpenStreetMap Public Data"
      }
    },
    {
      "type": "Feature",
      "id": 1127498304,
      "geometry": {
        "type": "LineString",
        "coordinates": [
          [
            78.2372976,
            11.6728001
          ],
          [
            78.2371907,
            11.67283
          ],
          [
            78.2369151,
            11.673045
          ],
          [
            78.2368358,
            11.6733057
          ],
          [
            78.2368153,
            11.6737145
          ],
          [
            78.2367097,
            11.6739214
          ],
          [
            78.2365978,
            11.6739918
          ],
          [
            78.2364568,
            11.674063
          ],
          [
            78.2362275,
            11.6741499
          ],
          [
            78.236119,
            11.6741852
          ],
          [
            78.2359144,
            11.6742165
          ],
          [
            78.2358482,
            11.6742553
          ],
          [
            78.2357137,
            11.6743532
          ],
          [
            78.2356383,
            11.6745216
          ],
          [
            78.2355717,
            11.6746199
          ],
          [
            78.2354894,
            11.6747625
          ],
          [
            78.2354158,
            11.6748613
          ],
          [
            78.2354056,
            11.6749019
          ],
          [
            78.2353338,
            11.6749461
          ]
        ]
      },
      "properties": {
        "id": 1127498304,
        "name": "OSM Drain Segment 4",
        "drain_type": "stream",
        "capacity": "24 m3/s",
        "status": "normal",
        "district": "Salem",
        "data_source_type": "OpenStreetMap Public Data"
      }
    },
    {
      "type": "Feature",
      "id": 1127498305,
      "geometry": {
        "type": "LineString",
        "coordinates": [
          [
            78.2374062,
            11.6727697
          ],
          [
            78.2372976,
            11.6728001
          ]
        ]
      },
      "properties": {
        "id": 1127498305,
        "name": "OSM Drain Segment 5",
        "drain_type": "stream",
        "capacity": "25 m3/s",
        "status": "blocked",
        "district": "Salem",
        "data_source_type": "OpenStreetMap Public Data"
      }
    },
    {
      "type": "Feature",
      "id": 1180693616,
      "geometry": {
        "type": "LineString",
        "coordinates": [
          [
            78.1249807,
            11.6564413
          ],
          [
            78.1253934,
            11.6568619
          ],
          [
            78.1256324,
            11.6572371
          ],
          [
            78.1259965,
            11.6574656
          ],
          [
            78.1263834,
            11.6575455
          ],
          [
            78.1266585,
            11.6577517
          ],
          [
            78.1270662,
            11.6579671
          ],
          [
            78.1273583,
            11.6586934
          ],
          [
            78.1273466,
            11.6595392
          ],
          [
            78.1275344,
            11.6607003
          ],
          [
            78.1270811,
            11.6623079
          ],
          [
            78.126905,
            11.6626962
          ],
          [
            78.1270302,
            11.6633129
          ],
          [
            78.1265276,
            11.6635562
          ],
          [
            78.1266698,
            11.6640856
          ],
          [
            78.1268853,
            11.6644146
          ],
          [
            78.1268987,
            11.6648585
          ],
          [
            78.1273943,
            11.6652298
          ],
          [
            78.1273659,
            11.665735
          ],
          [
            78.1270966,
            11.6661641
          ],
          [
            78.1272152,
            11.6663519
          ],
          [
            78.127234,
            11.666499
          ],
          [
            78.1274365,
            11.6665594
          ],
          [
            78.1275465,
            11.6667485
          ]
        ]
      },
      "properties": {
        "id": 1180693616,
        "name": "OSM Drain Segment 16",
        "drain_type": "stream",
        "capacity": "36 m3/s",
        "status": "partially_blocked",
        "district": "Salem",
        "data_source_type": "OpenStreetMap Public Data"
      }
    },
    {
      "type": "Feature",
      "id": 1206049035,
      "geometry": {
        "type": "LineString",
        "coordinates": [
          [
            78.2417471,
            11.6726103
          ],
          [
            78.241375,
            11.6728072
          ],
          [
            78.2412536,
            11.6731731
          ],
          [
            78.2412308,
            11.673214
          ]
        ]
      },
      "properties": {
        "id": 1206049035,
        "name": "OSM Drain Segment 35",
        "drain_type": "stream",
        "capacity": "55 m3/s",
        "status": "blocked",
        "district": "Salem",
        "data_source_type": "OpenStreetMap Public Data"
      }
    },
    {
      "type": "Feature",
      "id": 1206049036,
      "geometry": {
        "type": "LineString",
        "coordinates": [
          [
            78.2418468,
            11.6725575
          ],
          [
            78.2417471,
            11.6726103
          ]
        ]
      },
      "properties": {
        "id": 1206049036,
        "name": "OSM Drain Segment 36",
        "drain_type": "stream",
        "capacity": "56 m3/s",
        "status": "partially_blocked",
        "district": "Salem",
        "data_source_type": "OpenStreetMap Public Data"
      }
    },
    {
      "type": "Feature",
      "id": 1206049037,
      "geometry": {
        "type": "LineString",
        "coordinates": [
          [
            78.274399,
            11.6693605
          ],
          [
            78.2741883,
            11.6693669
          ],
          [
            78.2738412,
            11.6694361
          ],
          [
            78.2734764,
            11.6695167
          ],
          [
            78.2733999,
            11.6694534
          ],
          [
            78.2732704,
            11.6691825
          ],
          [
            78.2730704,
            11.6690039
          ],
          [
            78.2728762,
            11.6688829
          ],
          [
            78.2728005,
            11.6688467
          ]
        ]
      },
      "properties": {
        "id": 1206049037,
        "name": "OSM Drain Segment 37",
        "drain_type": "stream",
        "capacity": "57 m3/s",
        "status": "normal",
        "district": "Salem",
        "data_source_type": "OpenStreetMap Public Data"
      }
    },
    {
      "type": "Feature",
      "id": 1206049038,
      "geometry": {
        "type": "LineString",
        "coordinates": [
          [
            78.2710403,
            11.6687929
          ],
          [
            78.2707976,
            11.6686291
          ]
        ]
      },
      "properties": {
        "id": 1206049038,
        "name": "OSM Drain Segment 38",
        "drain_type": "stream",
        "capacity": "58 m3/s",
        "status": "normal",
        "district": "Salem",
        "data_source_type": "OpenStreetMap Public Data"
      }
    },
    {
      "type": "Feature",
      "id": 1213592677,
      "geometry": {
        "type": "LineString",
        "coordinates": [
          [
            78.1174823,
            11.6428086
          ],
          [
            78.1173955,
            11.6427659
          ],
          [
            78.1172355,
            11.6428319
          ],
          [
            78.1169846,
            11.6428345
          ],
          [
            78.1166942,
            11.6426147
          ],
          [
            78.1165515,
            11.6424273
          ],
          [
            78.1164302,
            11.6422171
          ],
          [
            78.1163611,
            11.6419991
          ],
          [
            78.1163108,
            11.6417786
          ]
        ]
      },
      "properties": {
        "id": 1213592677,
        "name": "Thirumanimuthar திருமணிமுத்தாறு",
        "drain_type": "canal",
        "capacity": "47 m3/s",
        "status": "normal",
        "district": "Salem",
        "data_source_type": "OpenStreetMap Public Data"
      }
    },
    {
      "type": "Feature",
      "id": 1213592678,
      "geometry": {
        "type": "LineString",
        "coordinates": [
          [
            78.1175566,
            11.6428452
          ],
          [
            78.1174823,
            11.6428086
          ]
        ]
      },
      "properties": {
        "id": 1213592678,
        "name": "Thirumanimuthar திருமணிமுத்தாறு",
        "drain_type": "canal",
        "capacity": "48 m3/s",
        "status": "normal",
        "district": "Salem",
        "data_source_type": "OpenStreetMap Public Data"
      }
    },
    {
      "type": "Feature",
      "id": 1214253081,
      "geometry": {
        "type": "LineString",
        "coordinates": [
          [
            78.1242608,
            11.6514496
          ],
          [
            78.1244205,
            11.652116
          ],
          [
            78.1248984,
            11.6523203
          ],
          [
            78.124961,
            11.6528943
          ],
          [
            78.1248187,
            11.6533958
          ],
          [
            78.125291,
            11.6537859
          ],
          [
            78.1253555,
            11.6539847
          ]
        ]
      },
      "properties": {
        "id": 1214253081,
        "name": "OSM Drain Segment 81",
        "drain_type": "stream",
        "capacity": "51 m3/s",
        "status": "partially_blocked",
        "district": "Salem",
        "data_source_type": "OpenStreetMap Public Data"
      }
    },
    {
      "type": "Feature",
      "id": 1214253082,
      "geometry": {
        "type": "LineString",
        "coordinates": [
          [
            78.1249287,
            11.6563883
          ],
          [
            78.1249807,
            11.6564413
          ]
        ]
      },
      "properties": {
        "id": 1214253082,
        "name": "OSM Drain Segment 82",
        "drain_type": "stream",
        "capacity": "52 m3/s",
        "status": "normal",
        "district": "Salem",
        "data_source_type": "OpenStreetMap Public Data"
      }
    },
    {
      "type": "Feature",
      "id": 1214253083,
      "geometry": {
        "type": "LineString",
        "coordinates": [
          [
            78.1253434,
            11.6540747
          ],
          [
            78.1253308,
            11.6541685
          ],
          [
            78.1253972,
            11.6545196
          ],
          [
            78.1254579,
            11.6551122
          ],
          [
            78.1250141,
            11.6556285
          ],
          [
            78.1248719,
            11.6558923
          ],
          [
            78.1248586,
            11.6562229
          ],
          [
            78.1249287,
            11.6563883
          ]
        ]
      },
      "properties": {
        "id": 1214253083,
        "name": "OSM Drain Segment 83",
        "drain_type": "stream",
        "capacity": "53 m3/s",
        "status": "normal",
        "district": "Salem",
        "data_source_type": "OpenStreetMap Public Data"
      }
    },
    {
      "type": "Feature",
      "id": 1214253084,
      "geometry": {
        "type": "LineString",
        "coordinates": [
          [
            78.1253555,
            11.6539847
          ],
          [
            78.1253434,
            11.6540747
          ]
        ]
      },
      "properties": {
        "id": 1214253084,
        "name": "OSM Drain Segment 84",
        "drain_type": "stream",
        "capacity": "54 m3/s",
        "status": "normal",
        "district": "Salem",
        "data_source_type": "OpenStreetMap Public Data"
      }
    },
    {
      "type": "Feature",
      "id": 1226386541,
      "geometry": {
        "type": "LineString",
        "coordinates": [
          [
            78.2174265,
            11.6720464
          ],
          [
            78.2172749,
            11.6720369
          ],
          [
            78.2166978,
            11.67208
          ],
          [
            78.2163212,
            11.6721614
          ],
          [
            78.2159935,
            11.6722811
          ],
          [
            78.2159446,
            11.6724009
          ],
          [
            78.215837,
            11.6726883
          ],
          [
            78.2157147,
            11.6727793
          ],
          [
            78.2151425,
            11.6726883
          ]
        ]
      },
      "properties": {
        "id": 1226386541,
        "name": "OSM Drain Segment 41",
        "drain_type": "stream",
        "capacity": "61 m3/s",
        "status": "partially_blocked",
        "district": "Salem",
        "data_source_type": "OpenStreetMap Public Data"
      }
    },
    {
      "type": "Feature",
      "id": 1226386542,
      "geometry": {
        "type": "LineString",
        "coordinates": [
          [
            78.2151425,
            11.6726883
          ],
          [
            78.2150646,
            11.6726936
          ]
        ]
      },
      "properties": {
        "id": 1226386542,
        "name": "OSM Drain Segment 42",
        "drain_type": "stream",
        "capacity": "62 m3/s",
        "status": "normal",
        "district": "Salem",
        "data_source_type": "OpenStreetMap Public Data"
      }
    },
    {
      "type": "Feature",
      "id": 1226386543,
      "geometry": {
        "type": "LineString",
        "coordinates": [
          [
            78.2388978,
            11.6781266
          ],
          [
            78.2386883,
            11.677944
          ],
          [
            78.2386432,
            11.6778855
          ],
          [
            78.2383027,
            11.677805
          ],
          [
            78.2380833,
            11.6777639
          ],
          [
            78.2380059,
            11.6777591
          ],
          [
            78.2378768,
            11.6778065
          ],
          [
            78.2377219,
            11.677816
          ],
          [
            78.2375751,
            11.6778334
          ],
          [
            78.2373863,
            11.6777844
          ],
          [
            78.2371121,
            11.6777449
          ],
          [
            78.2367072,
            11.6776875
          ],
          [
            78.2361681,
            11.6777327
          ],
          [
            78.2358538,
            11.6777297
          ],
          [
            78.2356566,
            11.6777116
          ],
          [
            78.2354717,
            11.6775939
          ],
          [
            78.2352283,
            11.6775064
          ],
          [
            78.2350835,
            11.6775094
          ],
          [
            78.2346029,
            11.6779349
          ],
          [
            78.2343564,
            11.6780103
          ],
          [
            78.2341746,
            11.6780586
          ],
          [
            78.2340575,
            11.6780345
          ],
          [
            78.2339559,
            11.6780133
          ],
          [
            78.2338511,
            11.6780586
          ],
          [
            78.2336786,
            11.678137
          ],
          [
            78.2335245,
            11.6781551
          ],
          [
            78.2334352,
            11.6782034
          ],
          [
            78.2333243,
            11.6783301
          ],
          [
            78.2331579,
            11.6784508
          ],
          [
            78.2330069,
            11.6785021
          ],
          [
            78.2327912,
            11.6786862
          ],
          [
            78.2325078,
            11.6788461
          ],
          [
            78.231947,
            11.6791508
          ],
          [
            78.2315064,
            11.679347
          ],
          [
            78.2312969,
            11.6794496
          ],
          [
            78.2309673,
            11.6795189
          ],
          [
            78.2308533,
            11.6795491
          ],
          [
            78.2307577,
            11.6796276
          ],
          [
            78.2306191,
            11.6796608
          ],
          [
            78.2304404,
            11.6796547
          ],
          [
            78.2301292,
            11.6796517
          ],
          [
            78.2300306,
            11.6797332
          ],
          [
            78.2298458,
            11.6798358
          ],
          [
            78.2297133,
            11.6799896
          ],
          [
            78.2295407,
            11.6801646
          ],
          [
            78.2295007,
            11.6803185
          ],
          [
            78.2294637,
            11.6806233
          ],
          [
            78.2294729,
            11.6807621
          ],
          [
            78.2293559,
            11.6809129
          ],
          [
            78.2291217,
            11.6810065
          ],
          [
            78.2290601,
            11.6810366
          ],
          [
            78.2289677,
            11.681275
          ],
          [
            78.2288937,
            11.6813414
          ],
          [
            78.2287581,
            11.6814349
          ],
          [
            78.2286503,
            11.6814621
          ],
          [
            78.2285979,
            11.6814651
          ],
          [
            78.2284285,
            11.6817909
          ],
          [
            78.2283638,
            11.6818573
          ],
          [
            78.2282652,
            11.6818392
          ],
          [
            78.2281758,
            11.6817215
          ],
          [
            78.2280834,
            11.6814832
          ],
          [
            78.227994,
            11.6814711
          ],
          [
            78.2278123,
            11.6815254
          ],
          [
            78.2275442,
            11.6813323
          ],
          [
            78.2274086,
            11.6812901
          ],
          [
            78.2272731,
            11.6811603
          ],
          [
            78.2269526,
            11.6810849
          ],
          [
            78.2267431,
            11.6810758
          ],
          [
            78.2264843,
            11.6809431
          ],
          [
            78.2257634,
            11.6809039
          ],
          [
            78.2257079,
            11.6808375
          ],
          [
            78.2256802,
            11.6806927
          ],
          [
            78.2255816,
            11.6806233
          ],
          [
            78.2249315,
            11.6808345
          ],
          [
            78.2246665,
            11.6809371
          ],
          [
            78.2243214,
            11.6810246
          ],
          [
            78.2237237,
            11.6811513
          ],
          [
            78.2234433,
            11.6810909
          ],
          [
            78.223203,
            11.6807952
          ],
          [
            78.2228086,
            11.6804694
          ],
          [
            78.2226546,
            11.6804181
          ],
          [
            78.2225221,
            11.6802823
          ],
          [
            78.2220384,
            11.6800409
          ],
          [
            78.2216563,
            11.6799896
          ],
          [
            78.2212281,
            11.6800258
          ],
          [
            78.2206796,
            11.6798901
          ],
          [
            78.2202914,
            11.6798237
          ],
          [
            78.2199648,
            11.6797422
          ],
          [
            78.2195273,
            11.6795914
          ],
          [
            78.219213,
            11.679534
          ],
          [
            78.2190301,
            11.6795878
          ]
        ]
      },
      "properties": {
        "id": 1226386543,
        "name": "OSM Drain Segment 43",
        "drain_type": "stream",
        "capacity": "63 m3/s",
        "status": "normal",
        "district": "Salem",
        "data_source_type": "OpenStreetMap Public Data"
      }
    },
    {
      "type": "Feature",
      "id": 1226386544,
      "geometry": {
        "type": "LineString",
        "coordinates": [
          [
            78.2117516,
            11.6786146
          ],
          [
            78.211688,
            11.6787059
          ],
          [
            78.2116783,
            11.6788386
          ],
          [
            78.2116718,
            11.6789935
          ],
          [
            78.2115672,
            11.6791254
          ],
          [
            78.2114339,
            11.6792111
          ],
          [
            78.211307,
            11.6791593
          ],
          [
            78.2105831,
            11.6794738
          ],
          [
            78.2106601,
            11.6797936
          ],
          [
            78.210657,
            11.6798231
          ],
          [
            78.2103359,
            11.6800174
          ],
          [
            78.2100778,
            11.6801754
          ],
          [
            78.2096942,
            11.6808339
          ]
        ]
      },
      "properties": {
        "id": 1226386544,
        "name": "OSM Drain Segment 44",
        "drain_type": "stream",
        "capacity": "64 m3/s",
        "status": "normal",
        "district": "Salem",
        "data_source_type": "OpenStreetMap Public Data"
      }
    },
    {
      "type": "Feature",
      "id": 1226386545,
      "geometry": {
        "type": "LineString",
        "coordinates": [
          [
            78.2118838,
            11.6784814
          ],
          [
            78.2117516,
            11.6786146
          ]
        ]
      },
      "properties": {
        "id": 1226386545,
        "name": "OSM Drain Segment 45",
        "drain_type": "stream",
        "capacity": "65 m3/s",
        "status": "blocked",
        "district": "Salem",
        "data_source_type": "OpenStreetMap Public Data"
      }
    },
    {
      "type": "Feature",
      "id": 1226386548,
      "geometry": {
        "type": "LineString",
        "coordinates": [
          [
            78.2189172,
            11.679621
          ],
          [
            78.2189049,
            11.6796246
          ],
          [
            78.2187355,
            11.6797271
          ],
          [
            78.2183165,
            11.6797875
          ],
          [
            78.2180607,
            11.6799383
          ],
          [
            78.2179283,
            11.6798991
          ],
          [
            78.2177341,
            11.6799595
          ],
          [
            78.2175277,
            11.6800077
          ],
          [
            78.2173644,
            11.6799534
          ],
          [
            78.2172689,
            11.679875
          ],
          [
            78.2172535,
            11.679703
          ],
          [
            78.2170255,
            11.6795914
          ],
          [
            78.2168745,
            11.6794677
          ],
          [
            78.2167451,
            11.6793198
          ],
          [
            78.2166188,
            11.6792172
          ],
          [
            78.2163446,
            11.6792444
          ],
          [
            78.2161505,
            11.6792927
          ],
          [
            78.2159441,
            11.6792504
          ],
          [
            78.2157438,
            11.6792987
          ],
          [
            78.2155682,
            11.6791599
          ],
          [
            78.2154203,
            11.6791569
          ],
          [
            78.2153463,
            11.6792534
          ],
          [
            78.2153248,
            11.6793621
          ],
          [
            78.2152046,
            11.6794164
          ],
          [
            78.2150444,
            11.6793802
          ],
          [
            78.214459,
            11.6794797
          ],
          [
            78.2142002,
            11.6794918
          ],
          [
            78.2141601,
            11.6797452
          ],
          [
            78.2138305,
            11.679706
          ],
          [
            78.2137473,
            11.6799896
          ],
          [
            78.2133159,
            11.6800168
          ],
          [
            78.2132352,
            11.6799667
          ],
          [
            78.2129158,
            11.6795717
          ],
          [
            78.2125786,
            11.6791673
          ],
          [
            78.2125196,
            11.6791024
          ]
        ]
      },
      "properties": {
        "id": 1226386548,
        "name": "OSM Drain Segment 48",
        "drain_type": "stream",
        "capacity": "68 m3/s",
        "status": "normal",
        "district": "Salem",
        "data_source_type": "OpenStreetMap Public Data"
      }
    },
    {
      "type": "Feature",
      "id": 1226386549,
      "geometry": {
        "type": "LineString",
        "coordinates": [
          [
            78.2190301,
            11.6795878
          ],
          [
            78.2189172,
            11.679621
          ]
        ]
      },
      "properties": {
        "id": 1226386549,
        "name": "OSM Drain Segment 49",
        "drain_type": "stream",
        "capacity": "69 m3/s",
        "status": "normal",
        "district": "Salem",
        "data_source_type": "OpenStreetMap Public Data"
      }
    },
    {
      "type": "Feature",
      "id": 1227610294,
      "geometry": {
        "type": "LineString",
        "coordinates": [
          [
            77.9775349,
            11.6885595
          ],
          [
            77.9771031,
            11.6887302
          ]
        ]
      },
      "properties": {
        "id": 1227610294,
        "name": "OSM Drain Segment 94",
        "drain_type": "canal",
        "capacity": "64 m3/s",
        "status": "normal",
        "district": "Salem",
        "data_source_type": "OpenStreetMap Public Data"
      }
    },
    {
      "type": "Feature",
      "id": 1227610295,
      "geometry": {
        "type": "LineString",
        "coordinates": [
          [
            77.9778649,
            11.689458
          ],
          [
            77.9774259,
            11.6896066
          ]
        ]
      },
      "properties": {
        "id": 1227610295,
        "name": "OSM Drain Segment 95",
        "drain_type": "canal",
        "capacity": "65 m3/s",
        "status": "blocked",
        "district": "Salem",
        "data_source_type": "OpenStreetMap Public Data"
      }
    },
    {
      "type": "Feature",
      "id": 1227610296,
      "geometry": {
        "type": "LineString",
        "coordinates": [
          [
            77.9763647,
            11.6905656
          ],
          [
            77.9762953,
            11.6905046
          ]
        ]
      },
      "properties": {
        "id": 1227610296,
        "name": "OSM Drain Segment 96",
        "drain_type": "canal",
        "capacity": "66 m3/s",
        "status": "partially_blocked",
        "district": "Salem",
        "data_source_type": "OpenStreetMap Public Data"
      }
    },
    {
      "type": "Feature",
      "id": 1227610297,
      "geometry": {
        "type": "LineString",
        "coordinates": [
          [
            77.9760603,
            11.6902848
          ],
          [
            77.9759827,
            11.6902157
          ]
        ]
      },
      "properties": {
        "id": 1227610297,
        "name": "OSM Drain Segment 97",
        "drain_type": "canal",
        "capacity": "67 m3/s",
        "status": "normal",
        "district": "Salem",
        "data_source_type": "OpenStreetMap Public Data"
      }
    },
    {
      "type": "Feature",
      "id": 1227610298,
      "geometry": {
        "type": "LineString",
        "coordinates": [
          [
            77.9762953,
            11.6905046
          ],
          [
            77.9760603,
            11.6902848
          ]
        ]
      },
      "properties": {
        "id": 1227610298,
        "name": "OSM Drain Segment 98",
        "drain_type": "canal",
        "capacity": "68 m3/s",
        "status": "normal",
        "district": "Salem",
        "data_source_type": "OpenStreetMap Public Data"
      }
    },
    {
      "type": "Feature",
      "id": 1228565099,
      "geometry": {
        "type": "LineString",
        "coordinates": [
          [
            78.0815109,
            11.7650085
          ],
          [
            78.0808778,
            11.765039
          ],
          [
            78.0802616,
            11.764858
          ],
          [
            78.0800952,
            11.7643573
          ],
          [
            78.0802678,
            11.7637782
          ],
          [
            78.0798303,
            11.763561
          ],
          [
            78.0787704,
            11.7637239
          ],
          [
            78.0784684,
            11.7637359
          ],
          [
            78.0784007,
            11.763374
          ],
          [
            78.0784869,
            11.7626561
          ],
          [
            78.078222,
            11.7625535
          ],
          [
            78.0775195,
            11.7624691
          ],
          [
            78.0768848,
            11.7627406
          ],
          [
            78.0767739,
            11.7626259
          ],
          [
            78.0766445,
            11.761896
          ],
          [
            78.0762501,
            11.7618236
          ],
          [
            78.0751532,
            11.7618175
          ],
          [
            78.074537,
            11.7613289
          ],
          [
            78.0737791,
            11.7618296
          ],
          [
            78.0733477,
            11.7617693
          ],
          [
            78.072522,
            11.7614616
          ],
          [
            78.0719859,
            11.7618296
          ],
          [
            78.0716778,
            11.7616728
          ],
          [
            78.0714436,
            11.76116
          ],
          [
            78.071456,
            11.7603999
          ],
          [
            78.0709753,
            11.7596759
          ],
          [
            78.0707227,
            11.7592416
          ],
          [
            78.0704084,
            11.7588977
          ],
          [
            78.0701003,
            11.7591209
          ],
          [
            78.0698353,
            11.7596397
          ],
          [
            78.0693855,
            11.759688
          ],
          [
            78.068911,
            11.7593321
          ],
          [
            78.0686399,
            11.7587891
          ],
          [
            78.0680422,
            11.7584875
          ],
          [
            78.0678758,
            11.7579928
          ],
          [
            78.0677587,
            11.7576067
          ],
          [
            78.0675061,
            11.7575645
          ],
          [
            78.0667173,
            11.7574016
          ],
          [
            78.0660703,
            11.7567319
          ],
          [
            78.0654726,
            11.7565389
          ],
          [
            78.0647886,
            11.7567862
          ],
          [
            78.0644004,
            11.756937
          ],
          [
            78.0639937,
            11.7566716
          ],
          [
            78.0637225,
            11.756195
          ],
          [
            78.0637595,
            11.7556701
          ],
          [
            78.06355,
            11.7552237
          ],
          [
            78.0622251,
            11.7545179
          ],
          [
            78.0621204,
            11.753987
          ],
          [
            78.0619848,
            11.7533837
          ],
          [
            78.0612392,
            11.7524968
          ],
          [
            78.0589839,
            11.7523762
          ],
          [
            78.0583615,
            11.7521168
          ],
          [
            78.0579733,
            11.7513325
          ],
          [
            78.0577207,
            11.751242
          ],
          [
            78.0574618,
            11.7515074
          ],
          [
            78.0571291,
            11.7522616
          ],
          [
            78.0565314,
            11.7524305
          ],
          [
            78.0555269,
            11.7525029
          ],
          [
            78.0548614,
            11.7522133
          ],
          [
            78.0548304,
            11.752109
          ]
        ]
      },
      "properties": {
        "id": 1228565099,
        "name": "OSM Drain Segment 99",
        "drain_type": "stream",
        "capacity": "69 m3/s",
        "status": "normal",
        "district": "Salem",
        "data_source_type": "OpenStreetMap Public Data"
      }
    },
    {
      "type": "Feature",
      "id": 1228565100,
      "geometry": {
        "type": "LineString",
        "coordinates": [
          [
            78.0497619,
            11.7405699
          ],
          [
            78.049826,
            11.7399178
          ],
          [
            78.0499816,
            11.7393925
          ],
          [
            78.0499387,
            11.7389619
          ],
          [
            78.0497563,
            11.7387255
          ],
          [
            78.0491555,
            11.7385469
          ],
          [
            78.0483991,
            11.7384051
          ],
          [
            78.0481738,
            11.7380847
          ],
          [
            78.0480772,
            11.7374597
          ],
          [
            78.0482274,
            11.7371026
          ],
          [
            78.0481362,
            11.7367927
          ],
          [
            78.0477661,
            11.7365196
          ],
          [
            78.047589,
            11.7361624
          ]
        ]
      },
      "properties": {
        "id": 1228565100,
        "name": "OSM Drain Segment 0",
        "drain_type": "stream",
        "capacity": "20 m3/s",
        "status": "blocked",
        "district": "Salem",
        "data_source_type": "OpenStreetMap Public Data"
      }
    },
    {
      "type": "Feature",
      "id": 1228565101,
      "geometry": {
        "type": "LineString",
        "coordinates": [
          [
            78.0497538,
            11.7406525
          ],
          [
            78.0497619,
            11.7405699
          ]
        ]
      },
      "properties": {
        "id": 1228565101,
        "name": "OSM Drain Segment 1",
        "drain_type": "stream",
        "capacity": "21 m3/s",
        "status": "partially_blocked",
        "district": "Salem",
        "data_source_type": "OpenStreetMap Public Data"
      }
    },
    {
      "type": "Feature",
      "id": 1228565110,
      "geometry": {
        "type": "LineString",
        "coordinates": [
          [
            78.0547994,
            11.7520051
          ],
          [
            78.054732,
            11.7517789
          ],
          [
            78.0546026,
            11.7508318
          ],
          [
            78.0546643,
            11.7503371
          ],
          [
            78.0548984,
            11.7499389
          ],
          [
            78.0548614,
            11.7494864
          ],
          [
            78.0545841,
            11.7489796
          ],
          [
            78.0543315,
            11.7483039
          ],
          [
            78.053629,
            11.7480807
          ],
          [
            78.0528279,
            11.7480385
          ],
          [
            78.0522425,
            11.7482617
          ],
          [
            78.0516818,
            11.7485453
          ],
          [
            78.0511888,
            11.7483703
          ],
          [
            78.0506342,
            11.7481048
          ],
          [
            78.0504124,
            11.7477489
          ],
          [
            78.0502283,
            11.7460943
          ],
          [
            78.0496812,
            11.7455166
          ],
          [
            78.0492198,
            11.7445081
          ],
          [
            78.0491555,
            11.7440985
          ],
          [
            78.0492306,
            11.7434682
          ],
          [
            78.049649,
            11.742922
          ],
          [
            78.0496651,
            11.7420607
          ],
          [
            78.0496543,
            11.7413884
          ],
          [
            78.0497294,
            11.7408999
          ],
          [
            78.0497538,
            11.7406525
          ]
        ]
      },
      "properties": {
        "id": 1228565110,
        "name": "OSM Drain Segment 10",
        "drain_type": "stream",
        "capacity": "30 m3/s",
        "status": "blocked",
        "district": "Salem",
        "data_source_type": "OpenStreetMap Public Data"
      }
    },
    {
      "type": "Feature",
      "id": 1228565111,
      "geometry": {
        "type": "LineString",
        "coordinates": [
          [
            78.0548304,
            11.752109
          ],
          [
            78.0547994,
            11.7520051
          ]
        ]
      },
      "properties": {
        "id": 1228565111,
        "name": "OSM Drain Segment 11",
        "drain_type": "stream",
        "capacity": "31 m3/s",
        "status": "partially_blocked",
        "district": "Salem",
        "data_source_type": "OpenStreetMap Public Data"
      }
    },
    {
      "type": "Feature",
      "id": 1229592322,
      "geometry": {
        "type": "LineString",
        "coordinates": [
          [
            78.2012675,
            11.6962489
          ],
          [
            78.2010393,
            11.6962367
          ],
          [
            78.2007243,
            11.6960392
          ],
          [
            78.2006499,
            11.6958711
          ],
          [
            78.2006376,
            11.6957429
          ],
          [
            78.2005155,
            11.6956458
          ],
          [
            78.2003951,
            11.6956181
          ],
          [
            78.2002412,
            11.6956701
          ],
          [
            78.200158,
            11.6956857
          ],
          [
            78.2000023,
            11.6956216
          ],
          [
            78.1998041,
            11.6955575
          ],
          [
            78.1996059,
            11.6955661
          ],
          [
            78.1994519,
            11.6956302
          ],
          [
            78.1992413,
            11.6957065
          ],
          [
            78.1989741,
            11.695755
          ],
          [
            78.198875,
            11.6957931
          ],
          [
            78.1987264,
            11.6959491
          ],
          [
            78.1985512,
            11.6961085
          ],
          [
            78.1983229,
            11.6962471
          ],
          [
            78.1981513,
            11.6961986
          ],
          [
            78.1979619,
            11.6962142
          ],
          [
            78.197447,
            11.6962731
          ],
          [
            78.1967427,
            11.696384
          ],
          [
            78.196617,
            11.6963615
          ],
          [
            78.1962861,
            11.6962159
          ],
          [
            78.1960897,
            11.6960461
          ],
          [
            78.1958243,
            11.6958798
          ],
          [
            78.1957917,
            11.6958674
          ]
        ]
      },
      "properties": {
        "id": 1229592322,
        "name": "OSM Drain Segment 22",
        "drain_type": "stream",
        "capacity": "42 m3/s",
        "status": "normal",
        "district": "Salem",
        "data_source_type": "OpenStreetMap Public Data"
      }
    },
    {
      "type": "Feature",
      "id": 1229592323,
      "geometry": {
        "type": "LineString",
        "coordinates": [
          [
            78.1843103,
            11.6890829
          ],
          [
            78.1842599,
            11.6890748
          ],
          [
            78.1838972,
            11.6891042
          ],
          [
            78.1834548,
            11.6891181
          ],
          [
            78.1833362,
            11.689099
          ],
          [
            78.1832654,
            11.689028
          ],
          [
            78.1832123,
            11.6888477
          ],
          [
            78.1831639,
            11.6887985
          ],
          [
            78.1829869,
            11.6888247
          ],
          [
            78.1829493,
            11.6884281
          ],
          [
            78.182834,
            11.6883388
          ],
          [
            78.1827669,
            11.6881103
          ],
          [
            78.1822868,
            11.6881471
          ],
          [
            78.1818362,
            11.6881707
          ],
          [
            78.1815626,
            11.6881602
          ],
          [
            78.1810557,
            11.6882022
          ],
          [
            78.1805836,
            11.6883677
          ],
          [
            78.1801035,
            11.6886277
          ]
        ]
      },
      "properties": {
        "id": 1229592323,
        "name": "OSM Drain Segment 23",
        "drain_type": "stream",
        "capacity": "43 m3/s",
        "status": "normal",
        "district": "Salem",
        "data_source_type": "OpenStreetMap Public Data"
      }
    },
    {
      "type": "Feature",
      "id": 1229592324,
      "geometry": {
        "type": "LineString",
        "coordinates": [
          [
            78.1844156,
            11.6890999
          ],
          [
            78.1843103,
            11.6890829
          ]
        ]
      },
      "properties": {
        "id": 1229592324,
        "name": "OSM Drain Segment 24",
        "drain_type": "stream",
        "capacity": "44 m3/s",
        "status": "normal",
        "district": "Salem",
        "data_source_type": "OpenStreetMap Public Data"
      }
    },
    {
      "type": "Feature",
      "id": 1229592327,
      "geometry": {
        "type": "LineString",
        "coordinates": [
          [
            78.1901773,
            11.6922753
          ],
          [
            78.1901492,
            11.6922615
          ],
          [
            78.1899846,
            11.6922009
          ],
          [
            78.189928,
            11.6921454
          ],
          [
            78.1898855,
            11.6920103
          ],
          [
            78.1898572,
            11.6918959
          ],
          [
            78.18982,
            11.6918855
          ],
          [
            78.1897138,
            11.6919479
          ],
          [
            78.1896661,
            11.6919618
          ],
          [
            78.1896094,
            11.6918907
          ],
          [
            78.189551,
            11.6918283
          ],
          [
            78.1894218,
            11.6918127
          ],
          [
            78.1891139,
            11.6919721
          ],
          [
            78.1890025,
            11.6919739
          ],
          [
            78.1888503,
            11.6919254
          ],
          [
            78.1887264,
            11.6918543
          ],
          [
            78.1884043,
            11.6918058
          ],
          [
            78.1882751,
            11.6917867
          ],
          [
            78.1878611,
            11.6917382
          ],
          [
            78.1874629,
            11.6916065
          ],
          [
            78.1872771,
            11.6915701
          ],
          [
            78.1871108,
            11.6915805
          ],
          [
            78.1869214,
            11.6915822
          ],
          [
            78.1867869,
            11.6915147
          ],
          [
            78.186656,
            11.6913604
          ],
          [
            78.186525,
            11.6911906
          ],
          [
            78.1864595,
            11.6910087
          ],
          [
            78.1864241,
            11.6909064
          ],
          [
            78.1862118,
            11.6907227
          ],
          [
            78.1860331,
            11.6905494
          ],
          [
            78.1858349,
            11.6902029
          ],
          [
            78.1857853,
            11.6901162
          ],
          [
            78.1856561,
            11.6899291
          ],
          [
            78.1855889,
            11.6898182
          ],
          [
            78.1854314,
            11.6896813
          ],
          [
            78.1851182,
            11.6894387
          ],
          [
            78.1848598,
            11.6892099
          ],
          [
            78.1847271,
            11.6890956
          ],
          [
            78.1845944,
            11.6890696
          ],
          [
            78.1844528,
            11.6891059
          ],
          [
            78.1844156,
            11.6890999
          ]
        ]
      },
      "properties": {
        "id": 1229592327,
        "name": "OSM Drain Segment 27",
        "drain_type": "stream",
        "capacity": "47 m3/s",
        "status": "normal",
        "district": "Salem",
        "data_source_type": "OpenStreetMap Public Data"
      }
    },
    {
      "type": "Feature",
      "id": 1229592328,
      "geometry": {
        "type": "LineString",
        "coordinates": [
          [
            78.1902659,
            11.6923187
          ],
          [
            78.1901773,
            11.6922753
          ]
        ]
      },
      "properties": {
        "id": 1229592328,
        "name": "OSM Drain Segment 28",
        "drain_type": "stream",
        "capacity": "48 m3/s",
        "status": "normal",
        "district": "Salem",
        "data_source_type": "OpenStreetMap Public Data"
      }
    },
    {
      "type": "Feature",
      "id": 1229592331,
      "geometry": {
        "type": "LineString",
        "coordinates": [
          [
            78.1956809,
            11.6958255
          ],
          [
            78.1955358,
            11.6957706
          ],
          [
            78.1949872,
            11.6955505
          ],
          [
            78.1945201,
            11.6953668
          ],
          [
            78.1942776,
            11.695346
          ],
          [
            78.1941644,
            11.6953322
          ],
          [
            78.1940971,
            11.6952559
          ],
          [
            78.1939202,
            11.695074
          ],
          [
            78.1936848,
            11.6948435
          ],
          [
            78.19343,
            11.6946754
          ],
          [
            78.1930796,
            11.6943999
          ],
          [
            78.1928266,
            11.6941816
          ],
          [
            78.1926213,
            11.6940031
          ],
          [
            78.1924779,
            11.6938489
          ],
          [
            78.1922833,
            11.6936929
          ],
          [
            78.1921683,
            11.6935837
          ],
          [
            78.1919081,
            11.6933411
          ],
          [
            78.1917984,
            11.6932787
          ],
          [
            78.1916285,
            11.693121
          ],
          [
            78.191425,
            11.6929755
          ],
          [
            78.1909649,
            11.6927242
          ],
          [
            78.1905455,
            11.6925041
          ],
          [
            78.1902659,
            11.6923187
          ]
        ]
      },
      "properties": {
        "id": 1229592331,
        "name": "OSM Drain Segment 31",
        "drain_type": "stream",
        "capacity": "51 m3/s",
        "status": "partially_blocked",
        "district": "Salem",
        "data_source_type": "OpenStreetMap Public Data"
      }
    },
    {
      "type": "Feature",
      "id": 1229592332,
      "geometry": {
        "type": "LineString",
        "coordinates": [
          [
            78.1957917,
            11.6958674
          ],
          [
            78.1956809,
            11.6958255
          ]
        ]
      },
      "properties": {
        "id": 1229592332,
        "name": "OSM Drain Segment 32",
        "drain_type": "stream",
        "capacity": "52 m3/s",
        "status": "normal",
        "district": "Salem",
        "data_source_type": "OpenStreetMap Public Data"
      }
    },
    {
      "type": "Feature",
      "id": 1229592335,
      "geometry": {
        "type": "LineString",
        "coordinates": [
          [
            78.2015325,
            11.6961804
          ],
          [
            78.2014448,
            11.6961984
          ],
          [
            78.2013932,
            11.696209
          ],
          [
            78.2013671,
            11.6962173
          ]
        ]
      },
      "properties": {
        "id": 1229592335,
        "name": "OSM Drain Segment 35",
        "drain_type": "stream",
        "capacity": "55 m3/s",
        "status": "blocked",
        "district": "Salem",
        "data_source_type": "OpenStreetMap Public Data"
      }
    },
    {
      "type": "Feature",
      "id": 1229592336,
      "geometry": {
        "type": "LineString",
        "coordinates": [
          [
            78.2013671,
            11.6962173
          ],
          [
            78.2012675,
            11.6962489
          ]
        ]
      },
      "properties": {
        "id": 1229592336,
        "name": "OSM Drain Segment 36",
        "drain_type": "stream",
        "capacity": "56 m3/s",
        "status": "partially_blocked",
        "district": "Salem",
        "data_source_type": "OpenStreetMap Public Data"
      }
    },
    {
      "type": "Feature",
      "id": 1229592339,
      "geometry": {
        "type": "LineString",
        "coordinates": [
          [
            78.201697,
            11.6961236
          ],
          [
            78.2015677,
            11.6958841
          ],
          [
            78.2014364,
            11.6957242
          ]
        ]
      },
      "properties": {
        "id": 1229592339,
        "name": "OSM Drain Segment 39",
        "drain_type": "canal",
        "capacity": "59 m3/s",
        "status": "normal",
        "district": "Salem",
        "data_source_type": "OpenStreetMap Public Data"
      }
    },
    {
      "type": "Feature",
      "id": 1229592340,
      "geometry": {
        "type": "LineString",
        "coordinates": [
          [
            78.2014448,
            11.6961984
          ],
          [
            78.2013655,
            11.6960562
          ],
          [
            78.2013552,
            11.6958564
          ],
          [
            78.2014364,
            11.6957242
          ]
        ]
      },
      "properties": {
        "id": 1229592340,
        "name": "OSM Drain Segment 40",
        "drain_type": "canal",
        "capacity": "60 m3/s",
        "status": "blocked",
        "district": "Salem",
        "data_source_type": "OpenStreetMap Public Data"
      }
    },
    {
      "type": "Feature",
      "id": 1229592348,
      "geometry": {
        "type": "LineString",
        "coordinates": [
          [
            78.1974223,
            11.6793099
          ],
          [
            78.1974445,
            11.6794274
          ],
          [
            78.1976462,
            11.6795037
          ],
          [
            78.1976887,
            11.6796007
          ],
          [
            78.1975118,
            11.6802662
          ],
          [
            78.1974233,
            11.6804048
          ],
          [
            78.1965102,
            11.6807965
          ],
          [
            78.1963757,
            11.6808554
          ],
          [
            78.1961802,
            11.6813004
          ],
          [
            78.1960111,
            11.6815798
          ],
          [
            78.1958943,
            11.6817115
          ],
          [
            78.1956324,
            11.6817427
          ],
          [
            78.1954236,
            11.681656
          ],
          [
            78.1950414,
            11.6817392
          ],
          [
            78.1948149,
            11.6818813
          ],
          [
            78.1947406,
            11.6821239
          ],
          [
            78.1947901,
            11.6824601
          ],
          [
            78.1948715,
            11.6827651
          ],
          [
            78.1949635,
            11.6830077
          ],
          [
            78.1949989,
            11.6831637
          ],
          [
            78.1948538,
            11.6833023
          ],
          [
            78.1946308,
            11.6834513
          ],
          [
            78.1945159,
            11.6834764
          ]
        ]
      },
      "properties": {
        "id": 1229592348,
        "name": "OSM Drain Segment 48",
        "drain_type": "stream",
        "capacity": "68 m3/s",
        "status": "normal",
        "district": "Salem",
        "data_source_type": "OpenStreetMap Public Data"
      }
    },
    {
      "type": "Feature",
      "id": 1229901412,
      "geometry": {
        "type": "LineString",
        "coordinates": [
          [
            78.212225,
            11.6787949
          ],
          [
            78.2118838,
            11.6784814
          ]
        ]
      },
      "properties": {
        "id": 1229901412,
        "name": "OSM Drain Segment 12",
        "drain_type": "stream",
        "capacity": "32 m3/s",
        "status": "normal",
        "district": "Salem",
        "data_source_type": "OpenStreetMap Public Data"
      }
    },
    {
      "type": "Feature",
      "id": 1229901413,
      "geometry": {
        "type": "LineString",
        "coordinates": [
          [
            78.2123042,
            11.6788676
          ],
          [
            78.212225,
            11.6787949
          ]
        ]
      },
      "properties": {
        "id": 1229901413,
        "name": "OSM Drain Segment 13",
        "drain_type": "stream",
        "capacity": "33 m3/s",
        "status": "normal",
        "district": "Salem",
        "data_source_type": "OpenStreetMap Public Data"
      }
    },
    {
      "type": "Feature",
      "id": 1229901416,
      "geometry": {
        "type": "LineString",
        "coordinates": [
          [
            78.2124523,
            11.6790284
          ],
          [
            78.2123156,
            11.6788781
          ],
          [
            78.2123042,
            11.6788676
          ]
        ]
      },
      "properties": {
        "id": 1229901416,
        "name": "OSM Drain Segment 16",
        "drain_type": "stream",
        "capacity": "36 m3/s",
        "status": "partially_blocked",
        "district": "Salem",
        "data_source_type": "OpenStreetMap Public Data"
      }
    },
    {
      "type": "Feature",
      "id": 1229901417,
      "geometry": {
        "type": "LineString",
        "coordinates": [
          [
            78.2125196,
            11.6791024
          ],
          [
            78.2124523,
            11.6790284
          ]
        ]
      },
      "properties": {
        "id": 1229901417,
        "name": "OSM Drain Segment 17",
        "drain_type": "stream",
        "capacity": "37 m3/s",
        "status": "normal",
        "district": "Salem",
        "data_source_type": "OpenStreetMap Public Data"
      }
    },
    {
      "type": "Feature",
      "id": 1232214884,
      "geometry": {
        "type": "LineString",
        "coordinates": [
          [
            78.049767,
            11.6607781
          ],
          [
            78.0505523,
            11.660033
          ],
          [
            78.0513999,
            11.6597598
          ]
        ]
      },
      "properties": {
        "id": 1232214884,
        "name": "OSM Drain Segment 84",
        "drain_type": "drain",
        "capacity": "54 m3/s",
        "status": "normal",
        "district": "Salem",
        "data_source_type": "OpenStreetMap Public Data"
      }
    },
    {
      "type": "Feature",
      "id": 1232214885,
      "geometry": {
        "type": "LineString",
        "coordinates": [
          [
            78.048141,
            11.6620531
          ],
          [
            78.0483949,
            11.6618945
          ]
        ]
      },
      "properties": {
        "id": 1232214885,
        "name": "OSM Drain Segment 85",
        "drain_type": "drain",
        "capacity": "55 m3/s",
        "status": "blocked",
        "district": "Salem",
        "data_source_type": "OpenStreetMap Public Data"
      }
    },
    {
      "type": "Feature",
      "id": 1232214888,
      "geometry": {
        "type": "LineString",
        "coordinates": [
          [
            78.0380833,
            11.6615653
          ],
          [
            78.0385038,
            11.6618613
          ],
          [
            78.0391663,
            11.6623499
          ],
          [
            78.0394936,
            11.6624497
          ],
          [
            78.0402634,
            11.6625469
          ],
          [
            78.0415589,
            11.6626073
          ],
          [
            78.0427042,
            11.6623946
          ],
          [
            78.0466068,
            11.6623053
          ],
          [
            78.0474865,
            11.6622238
          ],
          [
            78.048141,
            11.6620531
          ]
        ]
      },
      "properties": {
        "id": 1232214888,
        "name": "OSM Drain Segment 88",
        "drain_type": "drain",
        "capacity": "58 m3/s",
        "status": "normal",
        "district": "Salem",
        "data_source_type": "OpenStreetMap Public Data"
      }
    },
    {
      "type": "Feature",
      "id": 1232214889,
      "geometry": {
        "type": "LineString",
        "coordinates": [
          [
            78.0379938,
            11.6615023
          ],
          [
            78.0380833,
            11.6615653
          ]
        ]
      },
      "properties": {
        "id": 1232214889,
        "name": "OSM Drain Segment 89",
        "drain_type": "drain",
        "capacity": "59 m3/s",
        "status": "normal",
        "district": "Salem",
        "data_source_type": "OpenStreetMap Public Data"
      }
    },
    {
      "type": "Feature",
      "id": 1232214890,
      "geometry": {
        "type": "LineString",
        "coordinates": [
          [
            78.0483949,
            11.6618945
          ],
          [
            78.0486077,
            11.6617615
          ],
          [
            78.0490932,
            11.6614174
          ],
          [
            78.0497038,
            11.6608381
          ]
        ]
      },
      "properties": {
        "id": 1232214890,
        "name": "OSM Drain Segment 90",
        "drain_type": "drain",
        "capacity": "60 m3/s",
        "status": "blocked",
        "district": "Salem",
        "data_source_type": "OpenStreetMap Public Data"
      }
    },
    {
      "type": "Feature",
      "id": 1232214891,
      "geometry": {
        "type": "LineString",
        "coordinates": [
          [
            78.0497038,
            11.6608381
          ],
          [
            78.049767,
            11.6607781
          ]
        ]
      },
      "properties": {
        "id": 1232214891,
        "name": "OSM Drain Segment 91",
        "drain_type": "drain",
        "capacity": "61 m3/s",
        "status": "partially_blocked",
        "district": "Salem",
        "data_source_type": "OpenStreetMap Public Data"
      }
    },
    {
      "type": "Feature",
      "id": 1232483114,
      "geometry": {
        "type": "LineString",
        "coordinates": [
          [
            78.1820994,
            11.674694
          ],
          [
            78.1824629,
            11.6741829
          ],
          [
            78.182693,
            11.6737357
          ],
          [
            78.1830434,
            11.6737323
          ],
          [
            78.1832593,
            11.6737323
          ],
          [
            78.1833017,
            11.673507
          ],
          [
            78.1833265,
            11.6731569
          ],
          [
            78.1832699,
            11.6727202
          ],
          [
            78.1831531,
            11.6722003
          ],
          [
            78.183054,
            11.6715175
          ],
          [
            78.1830646,
            11.6712645
          ],
          [
            78.1829549,
            11.6711501
          ],
          [
            78.1826824,
            11.671112
          ],
          [
            78.1825107,
            11.6710531
          ],
          [
            78.1822984,
            11.6709751
          ],
          [
            78.1822099,
            11.6706961
          ],
          [
            78.1821993,
            11.6702888
          ],
          [
            78.1821795,
            11.6699958
          ]
        ]
      },
      "properties": {
        "id": 1232483114,
        "name": "OSM Drain Segment 14",
        "drain_type": "ditch",
        "capacity": "34 m3/s",
        "status": "normal",
        "district": "Salem",
        "data_source_type": "OpenStreetMap Public Data"
      }
    },
    {
      "type": "Feature",
      "id": 1232483115,
      "geometry": {
        "type": "LineString",
        "coordinates": [
          [
            78.1814806,
            11.6684634
          ],
          [
            78.1813304,
            11.668223
          ],
          [
            78.1812437,
            11.6681087
          ],
          [
            78.1812313,
            11.6680289
          ],
          [
            78.1812915,
            11.6678522
          ],
          [
            78.1815587,
            11.6675489
          ],
          [
            78.1819763,
            11.6672508
          ],
          [
            78.1824523,
            11.6669302
          ],
          [
            78.1829797,
            11.6665039
          ],
          [
            78.1833123,
            11.6662075
          ],
          [
            78.1833527,
            11.6661475
          ]
        ]
      },
      "properties": {
        "id": 1232483115,
        "name": "OSM Drain Segment 15",
        "drain_type": "ditch",
        "capacity": "35 m3/s",
        "status": "blocked",
        "district": "Salem",
        "data_source_type": "OpenStreetMap Public Data"
      }
    },
    {
      "type": "Feature",
      "id": 1232483116,
      "geometry": {
        "type": "LineString",
        "coordinates": [
          [
            78.181617,
            11.6686131
          ],
          [
            78.1814806,
            11.6684634
          ]
        ]
      },
      "properties": {
        "id": 1232483116,
        "name": "OSM Drain Segment 16",
        "drain_type": "ditch",
        "capacity": "36 m3/s",
        "status": "partially_blocked",
        "district": "Salem",
        "data_source_type": "OpenStreetMap Public Data"
      }
    },
    {
      "type": "Feature",
      "id": 1232483117,
      "geometry": {
        "type": "LineString",
        "coordinates": [
          [
            78.1834099,
            11.6660625
          ],
          [
            78.1834663,
            11.6659788
          ],
          [
            78.1840874,
            11.6655507
          ],
          [
            78.1847369,
            11.6650758
          ],
          [
            78.1852235,
            11.6647483
          ]
        ]
      },
      "properties": {
        "id": 1232483117,
        "name": "OSM Drain Segment 17",
        "drain_type": "ditch",
        "capacity": "37 m3/s",
        "status": "normal",
        "district": "Salem",
        "data_source_type": "OpenStreetMap Public Data"
      }
    },
    {
      "type": "Feature",
      "id": 1232483118,
      "geometry": {
        "type": "LineString",
        "coordinates": [
          [
            78.1833527,
            11.6661475
          ],
          [
            78.1834099,
            11.6660625
          ]
        ]
      },
      "properties": {
        "id": 1232483118,
        "name": "OSM Drain Segment 18",
        "drain_type": "ditch",
        "capacity": "38 m3/s",
        "status": "normal",
        "district": "Salem",
        "data_source_type": "OpenStreetMap Public Data"
      }
    },
    {
      "type": "Feature",
      "id": 1232483119,
      "geometry": {
        "type": "LineString",
        "coordinates": [
          [
            78.1819474,
            11.668921
          ],
          [
            78.181948,
            11.6689128
          ],
          [
            78.1819285,
            11.6688608
          ],
          [
            78.181617,
            11.6686131
          ]
        ]
      },
      "properties": {
        "id": 1232483119,
        "name": "OSM Drain Segment 19",
        "drain_type": "ditch",
        "capacity": "39 m3/s",
        "status": "normal",
        "district": "Salem",
        "data_source_type": "OpenStreetMap Public Data"
      }
    },
    {
      "type": "Feature",
      "id": 1232483120,
      "geometry": {
        "type": "LineString",
        "coordinates": [
          [
            78.1819397,
            11.6690326
          ],
          [
            78.1819474,
            11.668921
          ]
        ]
      },
      "properties": {
        "id": 1232483120,
        "name": "OSM Drain Segment 20",
        "drain_type": "ditch",
        "capacity": "40 m3/s",
        "status": "blocked",
        "district": "Salem",
        "data_source_type": "OpenStreetMap Public Data"
      }
    },
    {
      "type": "Feature",
      "id": 1232483133,
      "geometry": {
        "type": "LineString",
        "coordinates": [
          [
            78.1821727,
            11.6698954
          ],
          [
            78.182132,
            11.6697308
          ],
          [
            78.1820418,
            11.6695419
          ],
          [
            78.1819161,
            11.669379
          ],
          [
            78.1819303,
            11.6691675
          ],
          [
            78.1819397,
            11.6690326
          ]
        ]
      },
      "properties": {
        "id": 1232483133,
        "name": "OSM Drain Segment 33",
        "drain_type": "ditch",
        "capacity": "53 m3/s",
        "status": "normal",
        "district": "Salem",
        "data_source_type": "OpenStreetMap Public Data"
      }
    },
    {
      "type": "Feature",
      "id": 1232483134,
      "geometry": {
        "type": "LineString",
        "coordinates": [
          [
            78.1821795,
            11.6699958
          ],
          [
            78.1821727,
            11.6698954
          ]
        ]
      },
      "properties": {
        "id": 1232483134,
        "name": "OSM Drain Segment 34",
        "drain_type": "ditch",
        "capacity": "54 m3/s",
        "status": "normal",
        "district": "Salem",
        "data_source_type": "OpenStreetMap Public Data"
      }
    },
    {
      "type": "Feature",
      "id": 1239335489,
      "geometry": {
        "type": "LineString",
        "coordinates": [
          [
            78.2150646,
            11.6726936
          ],
          [
            78.2147267,
            11.6726883
          ],
          [
            78.2143746,
            11.6726512
          ]
        ]
      },
      "properties": {
        "id": 1239335489,
        "name": "OSM Drain Segment 89",
        "drain_type": "stream",
        "capacity": "59 m3/s",
        "status": "normal",
        "district": "Salem",
        "data_source_type": "OpenStreetMap Public Data"
      }
    },
    {
      "type": "Feature",
      "id": 1239335490,
      "geometry": {
        "type": "LineString",
        "coordinates": [
          [
            78.2143746,
            11.6726512
          ],
          [
            78.2142719,
            11.6726404
          ]
        ]
      },
      "properties": {
        "id": 1239335490,
        "name": "OSM Drain Segment 90",
        "drain_type": "stream",
        "capacity": "60 m3/s",
        "status": "blocked",
        "district": "Salem",
        "data_source_type": "OpenStreetMap Public Data"
      }
    },
    {
      "type": "Feature",
      "id": 1346352950,
      "geometry": {
        "type": "LineString",
        "coordinates": [
          [
            78.3076379,
            11.6466213
          ],
          [
            78.3076981,
            11.6467516
          ],
          [
            78.3076885,
            11.6469595
          ],
          [
            78.3076315,
            11.6472077
          ],
          [
            78.3076632,
            11.6473007
          ],
          [
            78.3080338,
            11.6474
          ],
          [
            78.3082809,
            11.6474372
          ],
          [
            78.308433,
            11.6475706
          ],
          [
            78.3085153,
            11.6477568
          ],
          [
            78.308737,
            11.6482439
          ],
          [
            78.308902,
            11.6486181
          ],
          [
            78.3090067,
            11.6487719
          ],
          [
            78.3090941,
            11.6489502
          ],
          [
            78.3092715,
            11.6494466
          ],
          [
            78.3095787,
            11.6497599
          ],
          [
            78.3095977,
            11.649974
          ],
          [
            78.309532,
            11.6504383
          ],
          [
            78.3097816,
            11.6507365
          ],
          [
            78.3100761,
            11.6508245
          ],
          [
            78.3105902,
            11.6508539
          ],
          [
            78.3107798,
            11.6508734
          ],
          [
            78.3108797,
            11.6510494
          ],
          [
            78.3111242,
            11.6515969
          ],
          [
            78.3113239,
            11.6520515
          ],
          [
            78.3115535,
            11.6523351
          ],
          [
            78.3118779,
            11.6525551
          ],
          [
            78.3120975,
            11.6525942
          ],
          [
            78.3123421,
            11.6526822
          ],
          [
            78.3126765,
            11.6529706
          ],
          [
            78.3131109,
            11.6535067
          ],
          [
            78.3133293,
            11.6538579
          ],
          [
            78.313655,
            11.6543141
          ],
          [
            78.313857,
            11.6545361
          ],
          [
            78.3138405,
            11.6546734
          ],
          [
            78.3138776,
            11.6547784
          ],
          [
            78.3141703,
            11.6550206
          ],
          [
            78.3142568,
            11.6552104
          ],
          [
            78.3143063,
            11.6554728
          ],
          [
            78.3144176,
            11.6556827
          ],
          [
            78.3146361,
            11.6558523
          ],
          [
            78.3148092,
            11.6560057
          ],
          [
            78.3150071,
            11.6560138
          ],
          [
            78.3153616,
            11.656147
          ],
          [
            78.3157532,
            11.6562358
          ],
          [
            78.3160724,
            11.6565558
          ],
          [
            78.3164469,
            11.6567459
          ],
          [
            78.3166001,
            11.6568226
          ],
          [
            78.3167023,
            11.6569426
          ],
          [
            78.3168101,
            11.6569559
          ],
          [
            78.3169518,
            11.6569537
          ],
          [
            78.3171329,
            11.6569241
          ],
          [
            78.3174142,
            11.6569477
          ],
          [
            78.3175901,
            11.6569462
          ],
          [
            78.317655,
            11.6570113
          ],
          [
            78.3177168,
            11.6571308
          ],
          [
            78.3177358,
            11.6572332
          ],
          [
            78.3178245,
            11.6574053
          ],
          [
            78.3178625,
            11.6575248
          ],
          [
            78.3179274,
            11.657638
          ],
          [
            78.3179844,
            11.6576768
          ],
          [
            78.3180557,
            11.6576752
          ],
          [
            78.3181799,
            11.6576578
          ],
          [
            78.3182854,
            11.6576521
          ],
          [
            78.3184082,
            11.6577291
          ],
          [
            78.3185558,
            11.6578794
          ],
          [
            78.318644,
            11.6579301
          ],
          [
            78.318692,
            11.6579301
          ],
          [
            78.3187687,
            11.6579545
          ],
          [
            78.3189423,
            11.6580654
          ],
          [
            78.3190568,
            11.6581236
          ],
          [
            78.3191281,
            11.658167
          ],
          [
            78.3191789,
            11.6581691
          ],
          [
            78.3192329,
            11.6581553
          ],
          [
            78.3193206,
            11.6581198
          ],
          [
            78.3194359,
            11.6580758
          ],
          [
            78.319523,
            11.6580758
          ],
          [
            78.3196271,
            11.6580951
          ],
          [
            78.3197974,
            11.6583086
          ],
          [
            78.320015,
            11.6585454
          ],
          [
            78.3204697,
            11.6589851
          ],
          [
            78.3205604,
            11.6590618
          ],
          [
            78.320647,
            11.6592959
          ],
          [
            78.3207748,
            11.6596512
          ],
          [
            78.3208266,
            11.6598709
          ],
          [
            78.3208573,
            11.6600982
          ],
          [
            78.3209128,
            11.6602606
          ],
          [
            78.3209782,
            11.6604272
          ],
          [
            78.321058,
            11.6605899
          ],
          [
            78.3211795,
            11.6607401
          ],
          [
            78.3212237,
            11.6607739
          ],
          [
            78.3213406,
            11.6607532
          ],
          [
            78.3214365,
            11.6607156
          ],
          [
            78.3214864,
            11.6606856
          ],
          [
            78.3215688,
            11.6606856
          ],
          [
            78.3216417,
            11.6607908
          ],
          [
            78.3218258,
            11.661095
          ],
          [
            78.3219562,
            11.6612603
          ],
          [
            78.3220387,
            11.6613392
          ],
          [
            78.3221499,
            11.6612997
          ],
          [
            78.3222669,
            11.6612227
          ],
          [
            78.3224428,
            11.6611821
          ],
          [
            78.3225961,
            11.6611776
          ],
          [
            78.3227331,
            11.6612458
          ],
          [
            78.3228561,
            11.6613754
          ],
          [
            78.3230001,
            11.6615142
          ],
          [
            78.3231023,
            11.6615915
          ],
          [
            78.323242,
            11.6616397
          ],
          [
            78.3234657,
            11.6616461
          ],
          [
            78.3237285,
            11.6616486
          ]
        ]
      },
      "properties": {
        "id": 1346352950,
        "name": "Thean Mazhai Oodai",
        "drain_type": "stream",
        "capacity": "20 m3/s",
        "status": "blocked",
        "district": "Salem",
        "data_source_type": "OpenStreetMap Public Data"
      }
    },
    {
      "type": "Feature",
      "id": 1346352951,
      "geometry": {
        "type": "LineString",
        "coordinates": [
          [
            78.3238277,
            11.6617363
          ],
          [
            78.323835,
            11.6617885
          ],
          [
            78.3238617,
            11.6618689
          ],
          [
            78.323967,
            11.6619545
          ],
          [
            78.3240741,
            11.6619825
          ],
          [
            78.3241704,
            11.6619318
          ],
          [
            78.3242882,
            11.6618008
          ],
          [
            78.3244488,
            11.6617046
          ],
          [
            78.3246076,
            11.6617081
          ],
          [
            78.3247372,
            11.6619154
          ],
          [
            78.3249336,
            11.662024
          ],
          [
            78.3251395,
            11.6621016
          ],
          [
            78.3254911,
            11.6623187
          ],
          [
            78.3258142,
            11.6624707
          ],
          [
            78.326101,
            11.662647
          ],
          [
            78.3265621,
            11.6627296
          ],
          [
            78.3268151,
            11.6627241
          ],
          [
            78.3273437,
            11.6626194
          ],
          [
            78.3275349,
            11.6625148
          ],
          [
            78.3278667,
            11.6624928
          ],
          [
            78.3282097,
            11.6626965
          ],
          [
            78.3284178,
            11.6628452
          ],
          [
            78.3285752,
            11.6630875
          ],
          [
            78.3285977,
            11.6631371
          ]
        ]
      },
      "properties": {
        "id": 1346352951,
        "name": "Thean Mazhai Oodai",
        "drain_type": "stream",
        "capacity": "21 m3/s",
        "status": "partially_blocked",
        "district": "Salem",
        "data_source_type": "OpenStreetMap Public Data"
      }
    },
    {
      "type": "Feature",
      "id": 1346352952,
      "geometry": {
        "type": "LineString",
        "coordinates": [
          [
            78.3237285,
            11.6616486
          ],
          [
            78.3238277,
            11.6617363
          ]
        ]
      },
      "properties": {
        "id": 1346352952,
        "name": "OSM Drain Segment 52",
        "drain_type": "stream",
        "capacity": "22 m3/s",
        "status": "normal",
        "district": "Salem",
        "data_source_type": "OpenStreetMap Public Data"
      }
    },
    {
      "type": "Feature",
      "id": 1459603690,
      "geometry": {
        "type": "LineString",
        "coordinates": [
          [
            78.1595489,
            11.6963365
          ],
          [
            78.1593987,
            11.6962734
          ],
          [
            78.1592163,
            11.6961684
          ],
          [
            78.1589427,
            11.6961106
          ],
          [
            78.158873,
            11.6959372
          ],
          [
            78.158837,
            11.6953836
          ],
          [
            78.1587998,
            11.6952711
          ],
          [
            78.1588134,
            11.6951023
          ],
          [
            78.1589316,
            11.694831
          ],
          [
            78.1589249,
            11.6947019
          ],
          [
            78.1588242,
            11.6945656
          ],
          [
            78.1587491,
            11.6944028
          ],
          [
            78.1587813,
            11.6942189
          ],
          [
            78.1588725,
            11.6939195
          ],
          [
            78.1589905,
            11.6937304
          ],
          [
            78.1591407,
            11.693557
          ],
          [
            78.1592437,
            11.6933017
          ],
          [
            78.1592571,
            11.6932269
          ],
          [
            78.159288,
            11.6930456
          ],
          [
            78.1592826,
            11.6928749
          ],
          [
            78.1593443,
            11.6927423
          ],
          [
            78.1593523,
            11.6926727
          ],
          [
            78.1592974,
            11.6926214
          ],
          [
            78.159182,
            11.6925295
          ],
          [
            78.1589634,
            11.692322
          ],
          [
            78.1588132,
            11.6921172
          ],
          [
            78.1587542,
            11.6919806
          ],
          [
            78.1585396,
            11.6917967
          ],
          [
            78.1582875,
            11.6913922
          ],
          [
            78.1580085,
            11.6907724
          ],
          [
            78.1579419,
            11.6903317
          ],
          [
            78.157944,
            11.6902608
          ],
          [
            78.1580122,
            11.6901733
          ],
          [
            78.1581293,
            11.6901483
          ],
          [
            78.1582293,
            11.6901274
          ],
          [
            78.1583464,
            11.6900732
          ],
          [
            78.1584848,
            11.6900253
          ],
          [
            78.1585699,
            11.6899419
          ],
          [
            78.1585492,
            11.6895075
          ],
          [
            78.1582863,
            11.6893394
          ],
          [
            78.1580825,
            11.6893027
          ],
          [
            78.1578786,
            11.6892081
          ],
          [
            78.1576748,
            11.6891083
          ],
          [
            78.1575514,
            11.689061
          ],
          [
            78.1574119,
            11.6889559
          ],
          [
            78.1572134,
            11.6888351
          ],
          [
            78.157133,
            11.6887248
          ],
          [
            78.1571383,
            11.6886197
          ],
          [
            78.1571759,
            11.6885672
          ],
          [
            78.1572295,
            11.6884884
          ],
          [
            78.1572563,
            11.6884044
          ],
          [
            78.15731,
            11.6883571
          ],
          [
            78.1574334,
            11.6883256
          ],
          [
            78.1574655,
            11.6882152
          ],
          [
            78.1574655,
            11.6880944
          ],
          [
            78.157428,
            11.6879999
          ],
          [
            78.1572188,
            11.6879368
          ],
          [
            78.1569774,
            11.6878738
          ],
          [
            78.1566877,
            11.6877057
          ],
          [
            78.1565268,
            11.6874903
          ],
          [
            78.1566019,
            11.6871068
          ],
          [
            78.1566823,
            11.686923
          ],
          [
            78.1567574,
            11.6868337
          ],
          [
            78.1568862,
            11.68655
          ],
          [
            78.1568755,
            11.686219
          ],
          [
            78.1568808,
            11.6858513
          ],
          [
            78.1571598,
            11.6856674
          ],
          [
            78.157546,
            11.6854678
          ],
          [
            78.1578951,
            11.6853629
          ],
          [
            78.1583994,
            11.68499
          ],
          [
            78.1584798,
            11.6845644
          ],
          [
            78.158453,
            11.6843963
          ],
          [
            78.1583242,
            11.6841599
          ],
          [
            78.1581955,
            11.6838552
          ],
          [
            78.1580292,
            11.6837239
          ],
          [
            78.1578575,
            11.6835873
          ],
          [
            78.1575732,
            11.683498
          ],
          [
            78.1572675,
            11.6834613
          ],
          [
            78.1570958,
            11.6833089
          ],
          [
            78.1570368,
            11.6831881
          ],
          [
            78.156908,
            11.6829254
          ],
          [
            78.1567364,
            11.6829149
          ],
          [
            78.1566559,
            11.6828098
          ],
          [
            78.1565272,
            11.6826575
          ],
          [
            78.1557976,
            11.682232
          ],
          [
            78.1554757,
            11.6821427
          ],
          [
            78.1553255,
            11.6819063
          ],
          [
            78.1551539,
            11.6816331
          ],
          [
            78.155111,
            11.6812969
          ],
          [
            78.1549876,
            11.6812811
          ],
          [
            78.1548803,
            11.6813494
          ],
          [
            78.1546604,
            11.681507
          ],
          [
            78.1544565,
            11.6816331
          ],
          [
            78.1543224,
            11.6816279
          ],
          [
            78.1541883,
            11.6814808
          ],
          [
            78.154081,
            11.6811761
          ],
          [
            78.1539254,
            11.6810605
          ],
          [
            78.153786,
            11.6809817
          ],
          [
            78.1535714,
            11.6810447
          ],
          [
            78.1532656,
            11.6810552
          ],
          [
            78.1530027,
            11.6810027
          ],
          [
            78.1528525,
            11.6808661
          ],
          [
            78.1528579,
            11.6807033
          ],
          [
            78.1529008,
            11.6805142
          ],
          [
            78.1530457,
            11.6802147
          ],
          [
            78.1533514,
            11.6799205
          ],
          [
            78.1534695,
            11.6798522
          ],
          [
            78.153566,
            11.6797892
          ],
          [
            78.1536787,
            11.6797577
          ],
          [
            78.1537001,
            11.6796421
          ],
          [
            78.1536411,
            11.6794372
          ],
          [
            78.1534909,
            11.6790432
          ],
          [
            78.15311,
            11.6788699
          ],
          [
            78.152579,
            11.6786545
          ],
          [
            78.1524985,
            11.6785179
          ],
          [
            78.1525575,
            11.6779505
          ],
          [
            78.1526165,
            11.6778822
          ],
          [
            78.1526755,
            11.6774725
          ],
          [
            78.1525629,
            11.6773043
          ],
          [
            78.1525414,
            11.6771257
          ],
          [
            78.1523912,
            11.6769786
          ],
          [
            78.1521176,
            11.6769576
          ],
          [
            78.1517421,
            11.6770627
          ],
          [
            78.1514793,
            11.6771573
          ],
          [
            78.1512218,
            11.6770469
          ],
          [
            78.150798,
            11.6768631
          ],
          [
            78.1505351,
            11.6766792
          ],
          [
            78.1504493,
            11.6764743
          ]
        ]
      },
      "properties": {
        "id": 1459603690,
        "name": "OSM Drain Segment 90",
        "drain_type": "ditch",
        "capacity": "60 m3/s",
        "status": "blocked",
        "district": "Salem",
        "data_source_type": "OpenStreetMap Public Data"
      }
    },
    {
      "type": "Feature",
      "id": 1459603691,
      "geometry": {
        "type": "LineString",
        "coordinates": [
          [
            78.1329488,
            11.6628522
          ],
          [
            78.1328958,
            11.662801
          ],
          [
            78.1326254,
            11.6625395
          ],
          [
            78.1323213,
            11.6622251
          ],
          [
            78.1315474,
            11.6619107
          ],
          [
            78.1311081,
            11.6620033
          ],
          [
            78.129361,
            11.6624237
          ],
          [
            78.1289417,
            11.6624678
          ],
          [
            78.1288574,
            11.6624766
          ],
          [
            78.1283776,
            11.6624733
          ],
          [
            78.1270811,
            11.6623079
          ]
        ]
      },
      "properties": {
        "id": 1459603691,
        "name": "OSM Drain Segment 91",
        "drain_type": "ditch",
        "capacity": "61 m3/s",
        "status": "partially_blocked",
        "district": "Salem",
        "data_source_type": "OpenStreetMap Public Data"
      }
    },
    {
      "type": "Feature",
      "id": 1459603692,
      "geometry": {
        "type": "LineString",
        "coordinates": [
          [
            78.1331628,
            11.6629863
          ],
          [
            78.1329488,
            11.6628522
          ]
        ]
      },
      "properties": {
        "id": 1459603692,
        "name": "OSM Drain Segment 92",
        "drain_type": "ditch",
        "capacity": "62 m3/s",
        "status": "normal",
        "district": "Salem",
        "data_source_type": "OpenStreetMap Public Data"
      }
    },
    {
      "type": "Feature",
      "id": 1459603693,
      "geometry": {
        "type": "LineString",
        "coordinates": [
          [
            78.1455152,
            11.6710612
          ],
          [
            78.1454943,
            11.6710288
          ],
          [
            78.145408,
            11.6706544
          ],
          [
            78.1453708,
            11.6696549
          ],
          [
            78.1452762,
            11.669357
          ],
          [
            78.1449991,
            11.6691254
          ],
          [
            78.1446983,
            11.6688705
          ],
          [
            78.1446341,
            11.668619
          ],
          [
            78.1445395,
            11.6684866
          ],
          [
            78.1444584,
            11.6680167
          ],
          [
            78.1443671,
            11.6676129
          ],
          [
            78.1442083,
            11.6671198
          ],
          [
            78.1439385,
            11.6667248
          ],
          [
            78.1437938,
            11.6665184
          ],
          [
            78.1437746,
            11.6664892
          ],
          [
            78.1437469,
            11.6663016
          ],
          [
            78.1435553,
            11.6659701
          ],
          [
            78.1433382,
            11.6657845
          ],
          [
            78.1427889,
            11.6653134
          ],
          [
            78.1420907,
            11.6647775
          ],
          [
            78.1416542,
            11.6645148
          ],
          [
            78.1409219,
            11.6645086
          ],
          [
            78.1401002,
            11.6645044
          ],
          [
            78.1397595,
            11.6645211
          ],
          [
            78.1393763,
            11.6645795
          ],
          [
            78.139272,
            11.6645419
          ],
          [
            78.1390144,
            11.6642438
          ],
          [
            78.138908,
            11.6641104
          ],
          [
            78.1388037,
            11.6639102
          ],
          [
            78.1386994,
            11.6637872
          ],
          [
            78.1385376,
            11.6637413
          ],
          [
            78.1379287,
            11.6637914
          ],
          [
            78.1378339,
            11.6637981
          ],
          [
            78.137752,
            11.6637541
          ],
          [
            78.1372146,
            11.6635721
          ],
          [
            78.1365631,
            11.6636333
          ]
        ]
      },
      "properties": {
        "id": 1459603693,
        "name": "OSM Drain Segment 93",
        "drain_type": "ditch",
        "capacity": "63 m3/s",
        "status": "normal",
        "district": "Salem",
        "data_source_type": "OpenStreetMap Public Data"
      }
    },
    {
      "type": "Feature",
      "id": 1459603694,
      "geometry": {
        "type": "LineString",
        "coordinates": [
          [
            78.1504493,
            11.6764743
          ],
          [
            78.150401,
            11.6760645
          ]
        ]
      },
      "properties": {
        "id": 1459603694,
        "name": "OSM Drain Segment 94",
        "drain_type": "ditch",
        "capacity": "64 m3/s",
        "status": "normal",
        "district": "Salem",
        "data_source_type": "OpenStreetMap Public Data"
      }
    },
    {
      "type": "Feature",
      "id": 1459603695,
      "geometry": {
        "type": "LineString",
        "coordinates": [
          [
            78.1364627,
            11.6636427
          ],
          [
            78.1362279,
            11.6636648
          ],
          [
            78.1353763,
            11.663721
          ],
          [
            78.1352005,
            11.6637971
          ],
          [
            78.1345449,
            11.6641976
          ],
          [
            78.1337474,
            11.6645749
          ],
          [
            78.133673,
            11.6643366
          ],
          [
            78.1337102,
            11.6642539
          ],
          [
            78.1337812,
            11.6640718
          ],
          [
            78.1337846,
            11.664009
          ],
          [
            78.1336494,
            11.6634397
          ],
          [
            78.1335683,
            11.6630988
          ],
          [
            78.1331628,
            11.6629863
          ]
        ]
      },
      "properties": {
        "id": 1459603695,
        "name": "OSM Drain Segment 95",
        "drain_type": "ditch",
        "capacity": "65 m3/s",
        "status": "blocked",
        "district": "Salem",
        "data_source_type": "OpenStreetMap Public Data"
      }
    },
    {
      "type": "Feature",
      "id": 1459603696,
      "geometry": {
        "type": "LineString",
        "coordinates": [
          [
            78.1365631,
            11.6636333
          ],
          [
            78.1364627,
            11.6636427
          ]
        ]
      },
      "properties": {
        "id": 1459603696,
        "name": "OSM Drain Segment 96",
        "drain_type": "ditch",
        "capacity": "66 m3/s",
        "status": "partially_blocked",
        "district": "Salem",
        "data_source_type": "OpenStreetMap Public Data"
      }
    },
    {
      "type": "Feature",
      "id": 1459603697,
      "geometry": {
        "type": "LineString",
        "coordinates": [
          [
            78.150401,
            11.6760645
          ],
          [
            78.1504225,
            11.67597
          ],
          [
            78.1504761,
            11.6753816
          ],
          [
            78.1504654,
            11.6750349
          ],
          [
            78.1503635,
            11.6748773
          ],
          [
            78.1501918,
            11.6747775
          ],
          [
            78.1497948,
            11.6746566
          ],
          [
            78.1495833,
            11.6744544
          ],
          [
            78.1495056,
            11.674365
          ],
          [
            78.1493941,
            11.6742657
          ],
          [
            78.1492893,
            11.6741499
          ],
          [
            78.1490663,
            11.6740076
          ],
          [
            78.1487959,
            11.6738752
          ],
          [
            78.1485594,
            11.6736766
          ],
          [
            78.1484377,
            11.6735641
          ],
          [
            78.14787,
            11.6732464
          ],
          [
            78.147576,
            11.6730048
          ],
          [
            78.1473004,
            11.6727086
          ],
          [
            78.1471972,
            11.6726482
          ],
          [
            78.1470979,
            11.672421
          ],
          [
            78.1469159,
            11.672027
          ],
          [
            78.1465779,
            11.671738
          ],
          [
            78.1461058,
            11.6716645
          ],
          [
            78.1459876,
            11.6715781
          ]
        ]
      },
      "properties": {
        "id": 1459603697,
        "name": "OSM Drain Segment 97",
        "drain_type": "ditch",
        "capacity": "67 m3/s",
        "status": "normal",
        "district": "Salem",
        "data_source_type": "OpenStreetMap Public Data"
      }
    },
    {
      "type": "Feature",
      "id": 1459603698,
      "geometry": {
        "type": "LineString",
        "coordinates": [
          [
            78.1455724,
            11.6711497
          ],
          [
            78.1455152,
            11.6710612
          ]
        ]
      },
      "properties": {
        "id": 1459603698,
        "name": "OSM Drain Segment 98",
        "drain_type": "ditch",
        "capacity": "68 m3/s",
        "status": "normal",
        "district": "Salem",
        "data_source_type": "OpenStreetMap Public Data"
      }
    },
    {
      "type": "Feature",
      "id": 1459603699,
      "geometry": {
        "type": "LineString",
        "coordinates": [
          [
            78.1459054,
            11.6715179
          ],
          [
            78.145725,
            11.671386
          ],
          [
            78.1455724,
            11.6711497
          ]
        ]
      },
      "properties": {
        "id": 1459603699,
        "name": "OSM Drain Segment 99",
        "drain_type": "ditch",
        "capacity": "69 m3/s",
        "status": "normal",
        "district": "Salem",
        "data_source_type": "OpenStreetMap Public Data"
      }
    },
    {
      "type": "Feature",
      "id": 1459603700,
      "geometry": {
        "type": "LineString",
        "coordinates": [
          [
            78.1459876,
            11.6715781
          ],
          [
            78.1459054,
            11.6715179
          ]
        ]
      },
      "properties": {
        "id": 1459603700,
        "name": "OSM Drain Segment 0",
        "drain_type": "ditch",
        "capacity": "20 m3/s",
        "status": "blocked",
        "district": "Salem",
        "data_source_type": "OpenStreetMap Public Data"
      }
    },
    {
      "type": "Feature",
      "id": 1500152447,
      "geometry": {
        "type": "LineString",
        "coordinates": [
          [
            78.1938421,
            11.6800534
          ],
          [
            78.1936881,
            11.6800564
          ],
          [
            78.1935648,
            11.6801952
          ],
          [
            78.1935001,
            11.680506
          ],
          [
            78.1934585,
            11.6806046
          ],
          [
            78.1933128,
            11.6806344
          ]
        ]
      },
      "properties": {
        "id": 1500152447,
        "name": "OSM Drain Segment 47",
        "drain_type": "stream",
        "capacity": "67 m3/s",
        "status": "normal",
        "district": "Salem",
        "data_source_type": "OpenStreetMap Public Data"
      }
    },
    {
      "type": "Feature",
      "id": 1546861787,
      "geometry": {
        "type": "LineString",
        "coordinates": [
          [
            78.2728005,
            11.6688467
          ],
          [
            78.2726644,
            11.6690039
          ],
          [
            78.2723173,
            11.6690673
          ],
          [
            78.2719525,
            11.6690788
          ],
          [
            78.2715171,
            11.6689348
          ],
          [
            78.2711523,
            11.6688195
          ],
          [
            78.2710403,
            11.6687929
          ]
        ]
      },
      "properties": {
        "id": 1546861787,
        "name": "OSM Drain Segment 87",
        "drain_type": "stream",
        "capacity": "57 m3/s",
        "status": "normal",
        "district": "Salem",
        "data_source_type": "OpenStreetMap Public Data"
      }
    },
    {
      "type": "Feature",
      "id": 1546861788,
      "geometry": {
        "type": "LineString",
        "coordinates": [
          [
            78.2747565,
            11.668816
          ],
          [
            78.2742589,
            11.6684046
          ],
          [
            78.2737882,
            11.6683124
          ],
          [
            78.2734411,
            11.6683873
          ],
          [
            78.2731233,
            11.6684968
          ],
          [
            78.2728939,
            11.6687388
          ],
          [
            78.2728005,
            11.6688467
          ]
        ]
      },
      "properties": {
        "id": 1546861788,
        "name": "OSM Drain Segment 88",
        "drain_type": "stream",
        "capacity": "58 m3/s",
        "status": "normal",
        "district": "Salem",
        "data_source_type": "OpenStreetMap Public Data"
      }
    },
    {
      "type": "Feature",
      "id": 1546861789,
      "geometry": {
        "type": "LineString",
        "coordinates": [
          [
            78.274399,
            11.6693605
          ],
          [
            78.2744835,
            11.6692889
          ],
          [
            78.274573,
            11.6690292
          ],
          [
            78.2747565,
            11.668816
          ]
        ]
      },
      "properties": {
        "id": 1546861789,
        "name": "OSM Drain Segment 89",
        "drain_type": "stream",
        "capacity": "59 m3/s",
        "status": "normal",
        "district": "Salem",
        "data_source_type": "OpenStreetMap Public Data"
      }
    }
  ]
}