{
  "type": "FeatureCollection",
  "features": [
    {
      "type": "Feature",
      "id": 51815981,
      "geometry": {
        "type": "Polygon",
        "coordinates": [
          [
            [
              77.631603,
              10.1922479
            ],
            [
              77.6312557,
              10.1925507
            ],
            [
              77.630405,
              10.1929774
            ],
            [
              77.6283099,
              10.1938377
            ],
            [
              77.6280191,
              10.1941757
            ],
            [
              77.6269258,
              10.1953995
            ],
            [
              77.6262274,
              10.1956729
            ],
            [
              77.6252129,
              10.1954466
            ],
            [
              77.6236233,
              10.1957515
            ],
            [
              77.621569,
              10.1975436
            ],
            [
              77.6214997,
              10.19765
            ],
            [
              77.6208522,
              10.1986454
            ],
            [
              77.6196746,
              10.1996363
            ],
            [
              77.6161157,
              10.2011012
            ],
            [
              77.615561,
              10.2021593
            ],
            [
              77.6167262,
              10.20405
            ],
            [
              77.6161391,
              10.2044135
            ],
            [
              77.6162987,
              10.2052854
            ],
            [
              77.6171064,
              10.2053406
            ],
            [
              77.617207,
              10.2056281
            ],
            [
              77.6176462,
              10.2062904
            ],
            [
              77.619218,
              10.2085213
            ],
            [
              77.6193267,
              10.2087528
            ],
            [
              77.6196352,
              10.2088188
            ],
            [
              77.6209234,
              10.2073249
            ],
            [
              77.6236536,
              10.205033
            ],
            [
              77.6260315,
              10.2031991
            ],
            [
              77.6292219,
              10.2016224
            ],
            [
              77.6305369,
              10.201582
            ],
            [
              77.6313627,
              10.2012912
            ],
            [
              77.6320312,
              10.200842
            ],
            [
              77.6331981,
              10.2008643
            ],
            [
              77.6339837,
              10.2008334
            ],
            [
              77.6348963,
              10.2005296
            ],
            [
              77.6358906,
              10.2002892
            ],
            [
              77.6362918,
              10.2002585
            ],
            [
              77.6361038,
              10.1999369
            ],
            [
              77.6359472,
              10.1996852
            ],
            [
              77.6347501,
              10.1976358
            ],
            [
              77.6317877,
              10.1925642
            ],
            [
              77.631603,
              10.1922479
            ]
          ]
        ]
      },
      "properties": {
        "id": 51815981,
        "name": "Manjalar Reservoir",
        "type": "reservoir",
        "district": "Theni",
        "data_source_type": "OpenStreetMap Public Data"
      }
    },
    {
      "type": "Feature",
      "id": 339279300,
      "geometry": {
        "type": "Polygon",
        "coordinates": [
          [
            [
              77.4933177,
              10.1324754
            ],
            [
              77.4934753,
              10.1324689
            ],
            [
              77.493467,
              10.1323771
            ],
            [
              77.4933267,
              10.1323788
            ],
            [
              77.4933177,
              10.1324754
            ]
          ]
        ]
      },
      "properties": {
        "id": 339279300,
        "name": "OSM Waterbody",
        "type": "lake",
        "district": "Theni",
        "data_source_type": "OpenStreetMap Public Data"
      }
    },
    {
      "type": "Feature",
      "id": 339279340,
      "geometry": {
        "type": "Polygon",
        "coordinates": [
          [
            [
              77.456777,
              10.1317242
            ],
            [
              77.4565839,
              10.1317242
            ],
            [
              77.4562505,
              10.131617
            ],
            [
              77.4561828,
              10.1316462
            ],
            [
              77.4564139,
              10.1317957
            ],
            [
              77.4565839,
              10.1318834
            ],
            [
              77.4568859,
              10.1319907
            ],
            [
              77.4571071,
              10.1321077
            ],
            [
              77.457396,
              10.1323546
            ],
            [
              77.4575197,
              10.1324391
            ],
            [
              77.457849,
              10.1327984
            ],
            [
              77.4581384,
              10.1332097
            ],
            [
              77.4583205,
              10.1333246
            ],
            [
              77.4585656,
              10.133428
            ],
            [
              77.4588784,
              10.1336578
            ],
            [
              77.4590231,
              10.133706
            ],
            [
              77.4593989,
              10.1337497
            ],
            [
              77.4595063,
              10.1337451
            ],
            [
              77.4598331,
              10.1336945
            ],
            [
              77.4602369,
              10.1335865
            ],
            [
              77.4603769,
              10.1335245
            ],
            [
              77.460461,
              10.133467
            ],
            [
              77.46051,
              10.1334578
            ],
            [
              77.4605567,
              10.1334762
            ],
            [
              77.4606734,
              10.1337244
            ],
            [
              77.4607598,
              10.1337841
            ],
            [
              77.4608134,
              10.1337818
            ],
            [
              77.4608578,
              10.1337566
            ],
            [
              77.4610422,
              10.1335911
            ],
            [
              77.4611356,
              10.1335566
            ],
            [
              77.4612336,
              10.1335452
            ],
            [
              77.4613573,
              10.1334785
            ],
            [
              77.4614857,
              10.1334808
            ],
            [
              77.4615347,
              10.1335038
            ],
            [
              77.4616748,
              10.1336715
            ],
            [
              77.4617705,
              10.1337244
            ],
            [
              77.4619199,
              10.1337267
            ],
            [
              77.4620692,
              10.1336715
            ],
            [
              77.4621673,
              10.1336623
            ],
            [
              77.4622116,
              10.1336417
            ],
            [
              77.462249,
              10.1336095
            ],
            [
              77.4623283,
              10.1334303
            ],
            [
              77.4625127,
              10.1333292
            ],
            [
              77.4633484,
              10.1326398
            ],
            [
              77.4638853,
              10.1322607
            ],
            [
              77.4641629,
              10.132107
            ],
            [
              77.4640603,
              10.1314821
            ],
            [
              77.4639827,
              10.1310766
            ],
            [
              77.4638733,
              10.1307664
            ],
            [
              77.4638179,
              10.1305973
            ],
            [
              77.463583,
              10.1298687
            ],
            [
              77.4633738,
              10.1294567
            ],
            [
              77.4627695,
              10.1297722
            ],
            [
              77.4626761,
              10.1298595
            ],
            [
              77.4625734,
              10.1300042
            ],
            [
              77.4624124,
              10.1300755
            ],
            [
              77.4620832,
              10.1301214
            ],
            [
              77.4621276,
              10.1302593
            ],
            [
              77.4620716,
              10.1304201
            ],
            [
              77.4620296,
              10.1304615
            ],
            [
              77.4618802,
              10.1305327
            ],
            [
              77.4618545,
              10.1305833
            ],
            [
              77.4618125,
              10.1306178
            ],
            [
              77.4617588,
              10.1306223
            ],
            [
              77.4616654,
              10.1306913
            ],
            [
              77.4614904,
              10.1306982
            ],
            [
              77.4613783,
              10.1307303
            ],
            [
              77.4611636,
              10.1308246
            ],
            [
              77.4610188,
              10.1309142
            ],
            [
              77.4609652,
              10.1309257
            ],
            [
              77.4607387,
              10.1309234
            ],
            [
              77.4603349,
              10.130836
            ],
            [
              77.4602182,
              10.1308475
            ],
            [
              77.4601155,
              10.1308935
            ],
            [
              77.4600712,
              10.130928
            ],
            [
              77.4600245,
              10.1310337
            ],
            [
              77.4599218,
              10.131075
            ],
            [
              77.4599544,
              10.1311853
            ],
            [
              77.4599218,
              10.1312359
            ],
            [
              77.4597724,
              10.1313278
            ],
            [
              77.459637,
              10.1314519
            ],
            [
              77.4593756,
              10.131615
            ],
            [
              77.4591888,
              10.1317781
            ],
            [
              77.4589157,
              10.131831
            ],
            [
              77.4587477,
              10.1318126
            ],
            [
              77.458638,
              10.1317827
            ],
            [
              77.4585236,
              10.1318011
            ],
            [
              77.4584839,
              10.1318471
            ],
            [
              77.4583835,
              10.1320562
            ],
            [
              77.4583298,
              10.1320723
            ],
            [
              77.4581408,
              10.1318632
            ],
            [
              77.4579937,
              10.1317736
            ],
            [
              77.4578233,
              10.1317069
            ],
            [
              77.4577159,
              10.1317046
            ],
            [
              77.4575455,
              10.1317598
            ],
            [
              77.4572654,
              10.1317322
            ],
            [
              77.4571067,
              10.131785
            ],
            [
              77.4569713,
              10.1317644
            ],
            [
              77.456871,
              10.1317161
            ],
            [
              77.456777,
              10.1317242
            ]
          ]
        ]
      },
      "properties": {
        "id": 339279340,
        "name": "Sothuparai Reservoir",
        "type": "reservoir",
        "district": "Theni",
        "data_source_type": "OpenStreetMap Public Data"
      }
    },
    {
      "type": "Feature",
      "id": 339288854,
      "geometry": {
        "type": "Polygon",
        "coordinates": [
          [
            [
              77.5038854,
              9.9182568
            ],
            [
              77.5038366,
              9.9182327
            ],
            [
              77.5037855,
              9.9182568
            ],
            [
              77.5037669,
              9.9182774
            ],
            [
              77.5037507,
              9.91833
            ],
            [
              77.5037542,
              9.9183872
            ],
            [
              77.5037971,
              9.9184547
            ],
            [
              77.5038738,
              9.9186275
            ],
            [
              77.5039737,
              9.9187374
            ],
            [
              77.5040446,
              9.9187671
            ],
            [
              77.5041932,
              9.918766
            ],
            [
              77.5042409,
              9.9187419
            ],
            [
              77.5042955,
              9.9186916
            ],
            [
              77.5043443,
              9.9186733
            ],
            [
              77.5043954,
              9.918671
            ],
            [
              77.5044569,
              9.9187191
            ],
            [
              77.5045057,
              9.9187213
            ],
            [
              77.5045475,
              9.9186916
            ],
            [
              77.5045754,
              9.9186493
            ],
            [
              77.5046207,
              9.9186252
            ],
            [
              77.5046416,
              9.9185817
            ],
            [
              77.5047113,
              9.9185463
            ],
            [
              77.5047613,
              9.9185394
            ],
            [
              77.5048228,
              9.9184936
            ],
            [
              77.5049134,
              9.918362
            ],
            [
              77.5048798,
              9.9182716
            ],
            [
              77.5047973,
              9.9182339
            ],
            [
              77.504659,
              9.9181412
            ],
            [
              77.5046312,
              9.9181366
            ],
            [
              77.5045754,
              9.9181366
            ],
            [
              77.5045464,
              9.9181824
            ],
            [
              77.5045266,
              9.9182636
            ],
            [
              77.5044639,
              9.9183163
            ],
            [
              77.5044651,
              9.9183678
            ],
            [
              77.5044918,
              9.9184135
            ],
            [
              77.5044813,
              9.9184673
            ],
            [
              77.5044604,
              9.9184845
            ],
            [
              77.504407,
              9.9184822
            ],
            [
              77.5041828,
              9.9183552
            ],
            [
              77.5041491,
              9.9183174
            ],
            [
              77.504134,
              9.9182694
            ],
            [
              77.5040933,
              9.9182362
            ],
            [
              77.5039563,
              9.9182202
            ],
            [
              77.5038854,
              9.9182568
            ]
          ]
        ]
      },
      "properties": {
        "id": 339288854,
        "name": "OSM Waterbody",
        "type": "lake",
        "district": "Theni",
        "data_source_type": "OpenStreetMap Public Data"
      }
    },
    {
      "type": "Feature",
      "id": 339294422,
      "geometry": {
        "type": "Polygon",
        "coordinates": [
          [
            [
              77.475164,
              9.9331635
            ],
            [
              77.4743676,
              9.932987
            ],
            [
              77.4740623,
              9.9330197
            ],
            [
              77.473757,
              9.9331504
            ],
            [
              77.4734783,
              9.9338825
            ],
            [
              77.4733588,
              9.9340002
            ],
            [
              77.4729275,
              9.9342355
            ],
            [
              77.4728213,
              9.9343663
            ],
            [
              77.4726753,
              9.9348304
            ],
            [
              77.4723899,
              9.9349546
            ],
            [
              77.471932,
              9.93502
            ],
            [
              77.4716665,
              9.9351899
            ],
            [
              77.4716931,
              9.9354972
            ],
            [
              77.4716533,
              9.9356606
            ],
            [
              77.4715272,
              9.9357979
            ],
            [
              77.4713679,
              9.9358502
            ],
            [
              77.4706976,
              9.9358371
            ],
            [
              77.4703923,
              9.9359221
            ],
            [
              77.4703393,
              9.9362358
            ],
            [
              77.4708237,
              9.9369091
            ],
            [
              77.4709365,
              9.9370268
            ],
            [
              77.4712219,
              9.937053
            ],
            [
              77.4722373,
              9.9367915
            ],
            [
              77.4732328,
              9.9367915
            ],
            [
              77.4733323,
              9.9369026
            ],
            [
              77.4732527,
              9.9371968
            ],
            [
              77.4732925,
              9.9375105
            ],
            [
              77.4734916,
              9.9377589
            ],
            [
              77.4737703,
              9.9378047
            ],
            [
              77.4740557,
              9.9377786
            ],
            [
              77.4745932,
              9.9375105
            ],
            [
              77.4752171,
              9.9366607
            ],
            [
              77.4755532,
              9.935662
            ],
            [
              77.4767082,
              9.9326274
            ],
            [
              77.477135,
              9.9319737
            ],
            [
              77.4770819,
              9.931843
            ],
            [
              77.4767833,
              9.9317711
            ],
            [
              77.4766306,
              9.9317972
            ],
            [
              77.4760533,
              9.9321045
            ],
            [
              77.4756882,
              9.9324052
            ],
            [
              77.4753564,
              9.9329608
            ],
            [
              77.475164,
              9.9331635
            ]
          ]
        ]
      },
      "properties": {
        "id": 339294422,
        "name": "OSM Waterbody",
        "type": "lake",
        "district": "Theni",
        "data_source_type": "OpenStreetMap Public Data"
      }
    },
    {
      "type": "Feature",
      "id": 361696320,
      "geometry": {
        "type": "Polygon",
        "coordinates": [
          [
            [
              77.4693596,
              10.0202727
            ],
            [
              77.4700604,
              10.0200113
            ],
            [
              77.4704497,
              10.0201158
            ],
            [
              77.4709204,
              10.0204225
            ],
            [
              77.4711575,
              10.0207676
            ],
            [
              77.4713451,
              10.0209035
            ],
            [
              77.4716495,
              10.0212311
            ],
            [
              77.4717273,
              10.0215029
            ],
            [
              77.4718901,
              10.0220536
            ],
            [
              77.472467,
              10.0235453
            ],
            [
              77.4724387,
              10.0237579
            ],
            [
              77.4726086,
              10.0241865
            ],
            [
              77.473179,
              10.0249892
            ],
            [
              77.4734749,
              10.0258659
            ],
            [
              77.4741804,
              10.0257582
            ],
            [
              77.474386,
              10.0264467
            ],
            [
              77.4745568,
              10.0267759
            ],
            [
              77.4749247,
              10.026686
            ],
            [
              77.475039,
              10.0268979
            ],
            [
              77.4758917,
              10.026676
            ],
            [
              77.4759537,
              10.0265256
            ],
            [
              77.4760856,
              10.0264884
            ],
            [
              77.4762435,
              10.0258007
            ],
            [
              77.4758965,
              10.0257583
            ],
            [
              77.4757939,
              10.025849
            ],
            [
              77.4757089,
              10.0257862
            ],
            [
              77.4757089,
              10.0256608
            ],
            [
              77.4756665,
              10.0255806
            ],
            [
              77.4757585,
              10.0255039
            ],
            [
              77.4758717,
              10.0255214
            ],
            [
              77.4759284,
              10.0255144
            ],
            [
              77.475985,
              10.0255701
            ],
            [
              77.4762115,
              10.0255806
            ],
            [
              77.4761796,
              10.0248836
            ],
            [
              77.4761195,
              10.0247233
            ],
            [
              77.4762292,
              10.024427
            ],
            [
              77.4762363,
              10.0241691
            ],
            [
              77.4761726,
              10.023967
            ],
            [
              77.4762646,
              10.0239077
            ],
            [
              77.4763035,
              10.0236638
            ],
            [
              77.4765442,
              10.0234533
            ],
            [
              77.4772634,
              10.0232926
            ],
            [
              77.4772341,
              10.0226884
            ],
            [
              77.4773148,
              10.0225448
            ],
            [
              77.4774862,
              10.0224938
            ],
            [
              77.4774476,
              10.0222059
            ],
            [
              77.4774506,
              10.021937
            ],
            [
              77.4774148,
              10.0216249
            ],
            [
              77.477337,
              10.0213008
            ],
            [
              77.4772888,
              10.0210919
            ],
            [
              77.4772414,
              10.0208861
            ],
            [
              77.4772626,
              10.0203842
            ],
            [
              77.4772166,
              10.0199207
            ],
            [
              77.4768875,
              10.019851
            ],
            [
              77.4750011,
              10.0198091
            ],
            [
              77.4741127,
              10.0197638
            ],
            [
              77.4730227,
              10.0198684
            ],
            [
              77.4729704,
              10.0198717
            ],
            [
              77.4720848,
              10.0199276
            ],
            [
              77.4716282,
              10.0197011
            ],
            [
              77.4711894,
              10.0196279
            ],
            [
              77.4708071,
              10.0195582
            ],
            [
              77.4702586,
              10.0196
            ],
            [
              77.4700144,
              10.0196906
            ],
            [
              77.4699117,
              10.01983
            ],
            [
              77.4696958,
              10.0199555
            ],
            [
              77.4695083,
              10.0200949
            ],
            [
              77.4694021,
              10.0201821
            ],
            [
              77.4693596,
              10.0202727
            ]
          ]
        ]
      },
      "properties": {
        "id": 361696320,
        "name": "OSM Waterbody",
        "type": "lake",
        "district": "Theni",
        "data_source_type": "OpenStreetMap Public Data"
      }
    },
    {
      "type": "Feature",
      "id": 487917607,
      "geometry": {
        "type": "Polygon",
        "coordinates": [
          [
            [
              77.3911124,
              10.1903511
            ],
            [
              77.3921585,
              10.1900713
            ],
            [
              77.3924482,
              10.1901452
            ],
            [
              77.3933525,
              10.1905138
            ],
            [
              77.3936853,
              10.1908874
            ],
            [
              77.3945005,
              10.1919709
            ],
            [
              77.3948406,
              10.192009
            ],
            [
              77.3953749,
              10.1918495
            ],
            [
              77.3955677,
              10.1918787
            ],
            [
              77.395691,
              10.1921673
            ],
            [
              77.3959351,
              10.1922492
            ],
            [
              77.3962918,
              10.1921251
            ],
            [
              77.3960316,
              10.1916024
            ],
            [
              77.3959458,
              10.1912328
            ],
            [
              77.3961443,
              10.1910533
            ],
            [
              77.3964474,
              10.1906679
            ],
            [
              77.3966217,
              10.1906388
            ],
            [
              77.3967746,
              10.1907365
            ],
            [
              77.3968576,
              10.1909319
            ],
            [
              77.3969328,
              10.1914308
            ],
            [
              77.3970267,
              10.1916314
            ],
            [
              77.3973164,
              10.191811
            ],
            [
              77.3975927,
              10.1916341
            ],
            [
              77.3977804,
              10.1917397
            ],
            [
              77.398341,
              10.1922201
            ],
            [
              77.3985314,
              10.1922782
            ],
            [
              77.3989096,
              10.1922307
            ],
            [
              77.3991027,
              10.1921436
            ],
            [
              77.3991081,
              10.1919535
            ],
            [
              77.3991725,
              10.1919509
            ],
            [
              77.3992369,
              10.1920829
            ],
            [
              77.3993307,
              10.1923733
            ],
            [
              77.3992181,
              10.1926293
            ],
            [
              77.3993227,
              10.1933579
            ],
            [
              77.3994917,
              10.1936219
            ],
            [
              77.3997197,
              10.1938305
            ],
            [
              77.3999262,
              10.1938991
            ],
            [
              77.4000066,
              10.1937011
            ],
            [
              77.3998618,
              10.1931441
            ],
            [
              77.3997867,
              10.1924181
            ],
            [
              77.3996258,
              10.1918849
            ],
            [
              77.3993093,
              10.1913437
            ],
            [
              77.3991135,
              10.1911404
            ],
            [
              77.3988811,
              10.1909879
            ],
            [
              77.398738,
              10.1910718
            ],
            [
              77.3985529,
              10.1913411
            ],
            [
              77.3983598,
              10.1913331
            ],
            [
              77.3980004,
              10.1911272
            ],
            [
              77.3978206,
              10.1909424
            ],
            [
              77.3975927,
              10.1909662
            ],
            [
              77.3973674,
              10.1907893
            ],
            [
              77.3973325,
              10.1904435
            ],
            [
              77.3973459,
              10.1902138
            ],
            [
              77.3972279,
              10.1901267
            ],
            [
              77.3967424,
              10.190066
            ],
            [
              77.3962891,
              10.1900449
            ],
            [
              77.3959431,
              10.1901953
            ],
            [
              77.3955005,
              10.1901716
            ],
            [
              77.3950955,
              10.1900264
            ],
            [
              77.3947737,
              10.1896542
            ],
            [
              77.3944357,
              10.1894931
            ],
            [
              77.3941675,
              10.1894641
            ],
            [
              77.3941353,
              10.1893189
            ],
            [
              77.3943418,
              10.1885929
            ],
            [
              77.3943499,
              10.1881441
            ],
            [
              77.3945188,
              10.1874974
            ],
            [
              77.3948005,
              10.1870697
            ],
            [
              77.3951143,
              10.1867899
            ],
            [
              77.3955465,
              10.1867809
            ],
            [
              77.3961362,
              10.1869958
            ],
            [
              77.3964876,
              10.1870169
            ],
            [
              77.3970884,
              10.1870644
            ],
            [
              77.397193,
              10.1869298
            ],
            [
              77.3971528,
              10.1865153
            ],
            [
              77.3971876,
              10.1861959
            ],
            [
              77.3971367,
              10.186056
            ],
            [
              77.3969623,
              10.1860507
            ],
            [
              77.3968497,
              10.1862777
            ],
            [
              77.3965573,
              10.1862988
            ],
            [
              77.3963481,
              10.1862513
            ],
            [
              77.3961952,
              10.1859504
            ],
            [
              77.3963374,
              10.1856415
            ],
            [
              77.3963723,
              10.1853379
            ],
            [
              77.3963696,
              10.1848759
            ],
            [
              77.3964983,
              10.1848231
            ],
            [
              77.3967344,
              10.184699
            ],
            [
              77.3967156,
              10.1843954
            ],
            [
              77.3966056,
              10.1841103
            ],
            [
              77.3966002,
              10.1838542
            ],
            [
              77.3968658,
              10.1837618
            ],
            [
              77.3976973,
              10.1838146
            ],
            [
              77.3982498,
              10.183812
            ],
            [
              77.3985368,
              10.1840575
            ],
            [
              77.3986977,
              10.1839282
            ],
            [
              77.3985743,
              10.1835586
            ],
            [
              77.3985234,
              10.1833342
            ],
            [
              77.3986092,
              10.1830068
            ],
            [
              77.3993924,
              10.1820379
            ],
            [
              77.3996928,
              10.1818003
            ],
            [
              77.4002856,
              10.1819297
            ],
            [
              77.4012485,
              10.1824366
            ],
            [
              77.4016428,
              10.1824366
            ],
            [
              77.4019431,
              10.1822096
            ],
            [
              77.4023915,
              10.1819234
            ],
            [
              77.4026298,
              10.1819086
            ],
            [
              77.4029516,
              10.1820195
            ],
            [
              77.4035953,
              10.1827798
            ],
            [
              77.4043892,
              10.1833712
            ],
            [
              77.4049686,
              10.1832233
            ],
            [
              77.4050331,
              10.182558
            ],
            [
              77.4054354,
              10.1821462
            ],
            [
              77.4057196,
              10.1817449
            ],
            [
              77.40565,
              10.181576
            ],
            [
              77.4042714,
              10.1817608
            ],
            [
              77.4040836,
              10.182162
            ],
            [
              77.4039763,
              10.1822201
            ],
            [
              77.4037993,
              10.1820881
            ],
            [
              77.4038422,
              10.1817132
            ],
            [
              77.4039817,
              10.1810796
            ],
            [
              77.4041051,
              10.1801873
            ],
            [
              77.4039334,
              10.1800184
            ],
            [
              77.403515,
              10.1800553
            ],
            [
              77.4029142,
              10.1802665
            ],
            [
              77.4009776,
              10.1809054
            ],
            [
              77.4006611,
              10.1809424
            ],
            [
              77.3999239,
              10.180614
            ],
            [
              77.3997572,
              10.1801679
            ],
            [
              77.3988682,
              10.1802867
            ],
            [
              77.3986334,
              10.1806361
            ],
            [
              77.3980379,
              10.1811958
            ],
            [
              77.3980163,
              10.1815337
            ],
            [
              77.3980807,
              10.1824208
            ],
            [
              77.3979145,
              10.1826636
            ],
            [
              77.3976624,
              10.1827745
            ],
            [
              77.3972493,
              10.1820775
            ],
            [
              77.3971367,
              10.1818558
            ],
            [
              77.3972332,
              10.18118
            ],
            [
              77.3971045,
              10.1802612
            ],
            [
              77.3969167,
              10.1802665
            ],
            [
              77.3967129,
              10.180388
            ],
            [
              77.3967075,
              10.1810057
            ],
            [
              77.3962676,
              10.1815443
            ],
            [
              77.3958546,
              10.1823996
            ],
            [
              77.3955381,
              10.18269
            ],
            [
              77.3951089,
              10.1826953
            ],
            [
              77.3945939,
              10.1826478
            ],
            [
              77.3942989,
              10.1823415
            ],
            [
              77.3940414,
              10.1818083
            ],
            [
              77.3940253,
              10.1814176
            ],
            [
              77.3931187,
              10.1814968
            ],
            [
              77.3926037,
              10.1819561
            ],
            [
              77.392137,
              10.1822201
            ],
            [
              77.3919117,
              10.1824999
            ],
            [
              77.3919223,
              10.1828432
            ],
            [
              77.3932368,
              10.1828062
            ],
            [
              77.3937195,
              10.182859
            ],
            [
              77.3944759,
              10.1832286
            ],
            [
              77.3946047,
              10.1834714
            ],
            [
              77.3945188,
              10.1841737
            ],
            [
              77.3944973,
              10.1847862
            ],
            [
              77.394197,
              10.185784
            ],
            [
              77.3939663,
              10.1862592
            ],
            [
              77.3933172,
              10.1870406
            ],
            [
              77.3931134,
              10.1870565
            ],
            [
              77.3927593,
              10.18684
            ],
            [
              77.3925662,
              10.1868031
            ],
            [
              77.3924911,
              10.187009
            ],
            [
              77.3927218,
              10.1872624
            ],
            [
              77.392754,
              10.1875422
            ],
            [
              77.3926519,
              10.1878063
            ],
            [
              77.392298,
              10.188783
            ],
            [
              77.3921424,
              10.1888833
            ],
            [
              77.391901,
              10.1890311
            ],
            [
              77.3917669,
              10.1892423
            ],
            [
              77.3915576,
              10.1894958
            ],
            [
              77.3911875,
              10.1896014
            ],
            [
              77.3909461,
              10.1894535
            ],
            [
              77.3907959,
              10.1894641
            ],
            [
              77.3906887,
              10.189575
            ],
            [
              77.3906404,
              10.1898284
            ],
            [
              77.3905653,
              10.1899076
            ],
            [
              77.3900503,
              10.1900501
            ],
            [
              77.389664,
              10.1903511
            ],
            [
              77.3895875,
              10.1906827
            ],
            [
              77.3900717,
              10.1908527
            ],
            [
              77.3903722,
              10.1907629
            ],
            [
              77.3907262,
              10.1904884
            ],
            [
              77.3911124,
              10.1903511
            ]
          ]
        ]
      },
      "properties": {
        "id": 487917607,
        "name": "Berijam Lake",
        "type": "reservoir",
        "district": "Theni",
        "data_source_type": "OpenStreetMap Public Data"
      }
    },
    {
      "type": "Feature",
      "id": 660771947,
      "geometry": {
        "type": "Polygon",
        "coordinates": [
          [
            [
              77.7773277,
              10.1044091
            ],
            [
              77.7769468,
              10.1040497
            ],
            [
              77.7768126,
              10.1038503
            ],
            [
              77.7765632,
              10.1035077
            ],
            [
              77.7760723,
              10.1031123
            ],
            [
              77.7759691,
              10.1030941
            ],
            [
              77.7753121,
              10.1029785
            ],
            [
              77.7745822,
              10.1029092
            ],
            [
              77.7742546,
              10.1027502
            ],
            [
              77.7738286,
              10.1027578
            ],
            [
              77.7733322,
              10.102854
            ],
            [
              77.7726132,
              10.1028064
            ],
            [
              77.7725701,
              10.1028035
            ],
            [
              77.7721669,
              10.1026337
            ],
            [
              77.7712532,
              10.1025424
            ],
            [
              77.7703091,
              10.1024262
            ],
            [
              77.769837,
              10.102432
            ],
            [
              77.7696144,
              10.102618
            ],
            [
              77.7692757,
              10.102775
            ],
            [
              77.7685509,
              10.1033189
            ],
            [
              77.7682579,
              10.1034879
            ],
            [
              77.7679669,
              10.1037414
            ],
            [
              77.7676853,
              10.1038576
            ],
            [
              77.7674978,
              10.1040265
            ],
            [
              77.766924,
              10.1043036
            ],
            [
              77.7665218,
              10.1045386
            ],
            [
              77.7653787,
              10.1051055
            ],
            [
              77.7650018,
              10.1052182
            ],
            [
              77.7641046,
              10.1053996
            ],
            [
              77.7630531,
              10.1055221
            ],
            [
              77.7626452,
              10.1054767
            ],
            [
              77.7621783,
              10.1052907
            ],
            [
              77.7615611,
              10.1055589
            ],
            [
              77.7610995,
              10.1052726
            ],
            [
              77.760739,
              10.1052101
            ],
            [
              77.7596017,
              10.1051116
            ],
            [
              77.7595347,
              10.1049993
            ],
            [
              77.7594006,
              10.1049541
            ],
            [
              77.7581332,
              10.1047462
            ],
            [
              77.7574238,
              10.1045278
            ],
            [
              77.7571475,
              10.1044911
            ],
            [
              77.7567875,
              10.104367
            ],
            [
              77.756532,
              10.1042336
            ],
            [
              77.755546,
              10.1040599
            ],
            [
              77.7553185,
              10.1039889
            ],
            [
              77.7550481,
              10.10377
            ],
            [
              77.7548377,
              10.1036457
            ],
            [
              77.7544757,
              10.1035344
            ],
            [
              77.7541112,
              10.1033857
            ],
            [
              77.7538806,
              10.1034262
            ],
            [
              77.7536365,
              10.1034157
            ],
            [
              77.7533361,
              10.1032267
            ],
            [
              77.7523356,
              10.1028876
            ],
            [
              77.7515444,
              10.102334
            ],
            [
              77.750796,
              10.1020595
            ],
            [
              77.7499297,
              10.1019818
            ],
            [
              77.749063,
              10.101623
            ],
            [
              77.7483552,
              10.1011052
            ],
            [
              77.7478054,
              10.1007202
            ],
            [
              77.7473365,
              10.1001421
            ],
            [
              77.746887,
              10.099446
            ],
            [
              77.7465502,
              10.0988741
            ],
            [
              77.7462696,
              10.097493
            ],
            [
              77.7459952,
              10.0960617
            ],
            [
              77.7456814,
              10.0957554
            ],
            [
              77.7452765,
              10.0955389
            ],
            [
              77.7449038,
              10.095497
            ],
            [
              77.7445633,
              10.0955239
            ],
            [
              77.7428478,
              10.0959088
            ],
            [
              77.7419907,
              10.0961142
            ],
            [
              77.7412688,
              10.096319
            ],
            [
              77.7403019,
              10.096529
            ],
            [
              77.7393671,
              10.0969133
            ],
            [
              77.7387019,
              10.0970267
            ],
            [
              77.7380394,
              10.0971397
            ],
            [
              77.7374719,
              10.096984
            ],
            [
              77.7369686,
              10.0966937
            ],
            [
              77.736444,
              10.0963454
            ],
            [
              77.7362154,
              10.0960872
            ],
            [
              77.7358621,
              10.0953998
            ],
            [
              77.7355302,
              10.0947494
            ],
            [
              77.7348072,
              10.0943618
            ],
            [
              77.7341754,
              10.0942857
            ],
            [
              77.7326676,
              10.0942578
            ],
            [
              77.7316316,
              10.0940698
            ],
            [
              77.7303211,
              10.0933541
            ],
            [
              77.7297606,
              10.0929398
            ],
            [
              77.7292512,
              10.091683
            ],
            [
              77.7289028,
              10.0905691
            ],
            [
              77.7285354,
              10.0898825
            ],
            [
              77.7281178,
              10.0893385
            ],
            [
              77.727662,
              10.0888764
            ],
            [
              77.7271204,
              10.0882928
            ],
            [
              77.7268215,
              10.0879521
            ],
            [
              77.7260506,
              10.0869883
            ],
            [
              77.7249393,
              10.0859214
            ],
            [
              77.7248585,
              10.0858745
            ],
            [
              77.724145,
              10.0855368
            ],
            [
              77.7233456,
              10.0853364
            ],
            [
              77.722632,
              10.0850466
            ],
            [
              77.7213377,
              10.0843191
            ],
            [
              77.7205798,
              10.084014
            ],
            [
              77.7194365,
              10.0836073
            ],
            [
              77.7185554,
              10.0832692
            ],
            [
              77.7176459,
              10.0830165
            ],
            [
              77.7175962,
              10.082927
            ],
            [
              77.7170314,
              10.0826475
            ],
            [
              77.7159849,
              10.0823532
            ],
            [
              77.7153401,
              10.082018
            ],
            [
              77.7143897,
              10.0816935
            ],
            [
              77.7135357,
              10.0815168
            ],
            [
              77.7123334,
              10.0814535
            ],
            [
              77.7111311,
              10.081517
            ],
            [
              77.7102286,
              10.081665
            ],
            [
              77.7090994,
              10.0818449
            ],
            [
              77.7075939,
              10.0822521
            ],
            [
              77.7056485,
              10.0832402
            ],
            [
              77.7043818,
              10.083893
            ],
            [
              77.7026259,
              10.084836
            ],
            [
              77.7020966,
              10.0850052
            ],
            [
              77.7016773,
              10.0851585
            ],
            [
              77.7009924,
              10.0855304
            ],
            [
              77.7003959,
              10.0857757
            ],
            [
              77.6996989,
              10.0862374
            ],
            [
              77.698959,
              10.0863928
            ],
            [
              77.6984715,
              10.0865188
            ],
            [
              77.6979411,
              10.0865709
            ],
            [
              77.6976006,
              10.0865468
            ],
            [
              77.6973272,
              10.0864668
            ],
            [
              77.6967402,
              10.0863315
            ],
            [
              77.6956649,
              10.0858581
            ],
            [
              77.69445,
              10.0854189
            ],
            [
              77.6929991,
              10.0849111
            ],
            [
              77.6916208,
              10.0841912
            ],
            [
              77.6905163,
              10.0832689
            ],
            [
              77.6891057,
              10.0823342
            ],
            [
              77.6883067,
              10.0817481
            ],
            [
              77.6873847,
              10.0813259
            ],
            [
              77.6864764,
              10.0813535
            ],
            [
              77.6855318,
              10.0812535
            ],
            [
              77.6845014,
              10.081164
            ],
            [
              77.6832882,
              10.0813654
            ],
            [
              77.6821582,
              10.0814716
            ],
            [
              77.6810549,
              10.0818895
            ],
            [
              77.6793044,
              10.081801
            ],
            [
              77.6785196,
              10.0813032
            ],
            [
              77.6779011,
              10.080705
            ],
            [
              77.6775776,
              10.0800566
            ],
            [
              77.6773086,
              10.0789507
            ],
            [
              77.6770718,
              10.0786794
            ],
            [
              77.6768261,
              10.0786093
            ],
            [
              77.6765589,
              10.0779583
            ],
            [
              77.6765518,
              10.0778629
            ],
            [
              77.6763787,
              10.075526
            ],
            [
              77.6758879,
              10.0744892
            ],
            [
              77.675511,
              10.0735509
            ],
            [
              77.6751449,
              10.0731514
            ],
            [
              77.6741261,
              10.0724913
            ],
            [
              77.6730321,
              10.0719368
            ],
            [
              77.6714181,
              10.0718526
            ],
            [
              77.669982,
              10.0715468
            ],
            [
              77.6695328,
              10.0714469
            ],
            [
              77.6691481,
              10.0712732
            ],
            [
              77.6685449,
              10.0708042
            ],
            [
              77.6679846,
              10.0703246
            ],
            [
              77.666784,
              10.068626
            ],
            [
              77.6661086,
              10.0676393
            ],
            [
              77.6657172,
              10.0667023
            ],
            [
              77.6653044,
              10.065628
            ],
            [
              77.6650725,
              10.0648126
            ],
            [
              77.6646884,
              10.0644682
            ],
            [
              77.6642291,
              10.0643985
            ],
            [
              77.6633749,
              10.0636729
            ],
            [
              77.6622096,
              10.0632219
            ],
            [
              77.660164,
              10.0610793
            ],
            [
              77.6598564,
              10.0605476
            ],
            [
              77.6595604,
              10.0590175
            ],
            [
              77.6598496,
              10.0582128
            ],
            [
              77.6599084,
              10.0577576
            ],
            [
              77.6600423,
              10.0570489
            ],
            [
              77.6598664,
              10.0566516
            ],
            [
              77.6597013,
              10.0563335
            ],
            [
              77.6595576,
              10.0560471
            ],
            [
              77.6594675,
              10.0556974
            ],
            [
              77.6591286,
              10.0550034
            ],
            [
              77.6585859,
              10.0546315
            ],
            [
              77.657386,
              10.0543522
            ],
            [
              77.6566475,
              10.0544426
            ],
            [
              77.6560752,
              10.0547407
            ],
            [
              77.6556065,
              10.0547928
            ],
            [
              77.6551303,
              10.0545327
            ],
            [
              77.6544946,
              10.0542184
            ],
            [
              77.6541204,
              10.0540141
            ],
            [
              77.6540143,
              10.0539208
            ],
            [
              77.6532431,
              10.0531606
            ],
            [
              77.6528259,
              10.0528229
            ],
            [
              77.6522675,
              10.0517364
            ],
            [
              77.651535,
              10.0502126
            ],
            [
              77.6502374,
              10.0490743
            ],
            [
              77.6495601,
              10.0487098
            ],
            [
              77.6488622,
              10.0486562
            ],
            [
              77.6480261,
              10.048854
            ],
            [
              77.6479169,
              10.048859
            ],
            [
              77.6468019,
              10.0490199
            ],
            [
              77.6455527,
              10.04926
            ],
            [
              77.6447403,
              10.0492609
            ],
            [
              77.6438366,
              10.0492249
            ],
            [
              77.6430355,
              10.0488828
            ],
            [
              77.6425021,
              10.0485507
            ],
            [
              77.6419098,
              10.0482661
            ],
            [
              77.641021,
              10.0476666
            ],
            [
              77.6405417,
              10.0468169
            ],
            [
              77.639691,
              10.0461034
            ],
            [
              77.6381483,
              10.0452843
            ],
            [
              77.6376358,
              10.044937
            ],
            [
              77.6367693,
              10.0446003
            ],
            [
              77.636163,
              10.0442701
            ],
            [
              77.6349934,
              10.0436812
            ],
            [
              77.6342358,
              10.0433098
            ],
            [
              77.6334139,
              10.0430124
            ],
            [
              77.632844,
              10.0435675
            ],
            [
              77.6323117,
              10.044207
            ],
            [
              77.6312444,
              10.0457634
            ],
            [
              77.6303677,
              10.047141
            ],
            [
              77.6294896,
              10.0480535
            ],
            [
              77.628507,
              10.0486834
            ],
            [
              77.6269179,
              10.0490971
            ],
            [
              77.6257734,
              10.0491798
            ],
            [
              77.6244142,
              10.0492995
            ],
            [
              77.6239797,
              10.0493567
            ],
            [
              77.6223971,
              10.049324
            ],
            [
              77.622028,
              10.0491765
            ],
            [
              77.6216213,
              10.0490447
            ],
            [
              77.6210966,
              10.0490094
            ],
            [
              77.6206041,
              10.0489793
            ],
            [
              77.6193965,
              10.0488162
            ],
            [
              77.6181405,
              10.048521
            ],
            [
              77.6171217,
              10.0482704
            ],
            [
              77.6161029,
              10.0478507
            ],
            [
              77.6146199,
              10.0475537
            ],
            [
              77.6139294,
              10.0474184
            ],
            [
              77.6132227,
              10.0472936
            ],
            [
              77.6113108,
              10.0468739
            ],
            [
              77.6107907,
              10.0465834
            ],
            [
              77.6102975,
              10.0462612
            ],
            [
              77.6099491,
              10.0457369
            ],
            [
              77.6096275,
              10.0451387
            ],
            [
              77.6088218,
              10.0446118
            ],
            [
              77.6079356,
              10.0443121
            ],
            [
              77.6071353,
              10.04411
            ],
            [
              77.6063189,
              10.0441668
            ],
            [
              77.605537,
              10.0441039
            ],
            [
              77.6046102,
              10.0442127
            ],
            [
              77.6036513,
              10.0444456
            ],
            [
              77.6028908,
              10.0449902
            ],
            [
              77.6028493,
              10.0449363
            ],
            [
              77.6024818,
              10.0450916
            ],
            [
              77.6024751,
              10.0450733
            ],
            [
              77.6025368,
              10.0450147
            ],
            [
              77.6028224,
              10.0448858
            ],
            [
              77.6028157,
              10.0448717
            ],
            [
              77.6024282,
              10.0450414
            ],
            [
              77.6023752,
              10.0450743
            ],
            [
              77.6024376,
              10.0452313
            ],
            [
              77.6024239,
              10.045364
            ],
            [
              77.6023832,
              10.0458376
            ],
            [
              77.6013143,
              10.0460137
            ],
            [
              77.6000525,
              10.046332
            ],
            [
              77.5978325,
              10.0473183
            ],
            [
              77.596537,
              10.0474011
            ],
            [
              77.5950133,
              10.0472677
            ],
            [
              77.5946967,
              10.0474303
            ],
            [
              77.5942219,
              10.0479157
            ],
            [
              77.5938759,
              10.0484645
            ],
            [
              77.5933767,
              10.0500204
            ],
            [
              77.593318,
              10.0501246
            ],
            [
              77.5925122,
              10.0512365
            ],
            [
              77.592347,
              10.0515089
            ],
            [
              77.5920451,
              10.051908
            ],
            [
              77.5915663,
              10.0522965
            ],
            [
              77.59105,
              10.0528943
            ],
            [
              77.5909816,
              10.0533442
            ],
            [
              77.5907832,
              10.0535705
            ],
            [
              77.590692,
              10.0534984
            ],
            [
              77.5908315,
              10.0533101
            ],
            [
              77.5908842,
              10.0530851
            ],
            [
              77.5905895,
              10.0534275
            ],
            [
              77.5904918,
              10.0535591
            ],
            [
              77.5904674,
              10.0536566
            ],
            [
              77.5902494,
              10.0538972
            ],
            [
              77.5900517,
              10.0537251
            ],
            [
              77.589941,
              10.0536376
            ],
            [
              77.5901723,
              10.053379
            ],
            [
              77.5901375,
              10.0533462
            ],
            [
              77.5898739,
              10.0536096
            ],
            [
              77.5891613,
              10.0530256
            ],
            [
              77.5894541,
              10.0527241
            ],
            [
              77.5896682,
              10.052503
            ],
            [
              77.5904295,
              10.0522793
            ],
            [
              77.590558,
              10.0521886
            ],
            [
              77.5907187,
              10.0521454
            ],
            [
              77.5910192,
              10.0518001
            ],
            [
              77.591352,
              10.0514284
            ],
            [
              77.5916687,
              10.0508506
            ],
            [
              77.5918083,
              10.0503996
            ],
            [
              77.5919819,
              10.0499357
            ],
            [
              77.5921626,
              10.0495341
            ],
            [
              77.5922574,
              10.0495832
            ],
            [
              77.592347,
              10.0493607
            ],
            [
              77.5922482,
              10.0492688
            ],
            [
              77.5921493,
              10.049158
            ],
            [
              77.5926479,
              10.0479599
            ],
            [
              77.5929022,
              10.0475434
            ],
            [
              77.5935816,
              10.0466068
            ],
            [
              77.5964024,
              10.0457188
            ],
            [
              77.5981843,
              10.0456696
            ],
            [
              77.5990168,
              10.0453257
            ],
            [
              77.6002396,
              10.0448101
            ],
            [
              77.6012062,
              10.0443269
            ],
            [
              77.6018963,
              10.0442194
            ],
            [
              77.6019274,
              10.0442975
            ],
            [
              77.6020359,
              10.0442481
            ],
            [
              77.6024185,
              10.0440739
            ],
            [
              77.6023946,
              10.0440006
            ],
            [
              77.6035292,
              10.0437339
            ],
            [
              77.6039932,
              10.0435762
            ],
            [
              77.6045296,
              10.043473
            ],
            [
              77.6063534,
              10.043399
            ],
            [
              77.6072759,
              10.043507
            ],
            [
              77.6080447,
              10.0436483
            ],
            [
              77.6088081,
              10.043853
            ],
            [
              77.6098103,
              10.0443429
            ],
            [
              77.6104893,
              10.0447097
            ],
            [
              77.6109295,
              10.0451048
            ],
            [
              77.6113169,
              10.0455978
            ],
            [
              77.6116606,
              10.0460271
            ],
            [
              77.612433,
              10.0463523
            ],
            [
              77.6134461,
              10.0465075
            ],
            [
              77.6140734,
              10.0466036
            ],
            [
              77.6153429,
              10.0468919
            ],
            [
              77.6169107,
              10.0473815
            ],
            [
              77.6180136,
              10.0476577
            ],
            [
              77.6193616,
              10.0479131
            ],
            [
              77.6208155,
              10.048217
            ],
            [
              77.6220246,
              10.0483702
            ],
            [
              77.6219957,
              10.0485451
            ],
            [
              77.6233585,
              10.0487587
            ],
            [
              77.6238459,
              10.0483109
            ],
            [
              77.6244112,
              10.0483637
            ],
            [
              77.6257344,
              10.0483578
            ],
            [
              77.6261246,
              10.0484834
            ],
            [
              77.6277793,
              10.0482078
            ],
            [
              77.6278903,
              10.0480696
            ],
            [
              77.6278774,
              10.0478845
            ],
            [
              77.628619,
              10.0476447
            ],
            [
              77.6293852,
              10.0470748
            ],
            [
              77.6298652,
              10.0466786
            ],
            [
              77.6304134,
              10.0457792
            ],
            [
              77.6311431,
              10.0445821
            ],
            [
              77.6316689,
              10.0435718
            ],
            [
              77.6324244,
              10.0427195
            ],
            [
              77.632536,
              10.0424384
            ],
            [
              77.6332864,
              10.042065
            ],
            [
              77.6333693,
              10.0419587
            ],
            [
              77.6334288,
              10.0419478
            ],
            [
              77.633538,
              10.0419276
            ],
            [
              77.6336275,
              10.0419216
            ],
            [
              77.6337112,
              10.0418816
            ],
            [
              77.6338117,
              10.0420644
            ],
            [
              77.6341368,
              10.0423924
            ],
            [
              77.6353401,
              10.0427433
            ],
            [
              77.6360334,
              10.0429253
            ],
            [
              77.6364203,
              10.0432957
            ],
            [
              77.6367778,
              10.0434335
            ],
            [
              77.6374807,
              10.0436864
            ],
            [
              77.6380787,
              10.0441365
            ],
            [
              77.6381685,
              10.0442509
            ],
            [
              77.6386837,
              10.044407
            ],
            [
              77.6387171,
              10.0445836
            ],
            [
              77.6394849,
              10.0449058
            ],
            [
              77.6398786,
              10.0448331
            ],
            [
              77.6399815,
              10.0452958
            ],
            [
              77.6411819,
              10.046247
            ],
            [
              77.6420367,
              10.04695
            ],
            [
              77.6426423,
              10.0475571
            ],
            [
              77.6432283,
              10.0478385
            ],
            [
              77.6435281,
              10.0479472
            ],
            [
              77.6440831,
              10.0481221
            ],
            [
              77.6448998,
              10.0482716
            ],
            [
              77.6461419,
              10.0482021
            ],
            [
              77.6464555,
              10.0479997
            ],
            [
              77.6465791,
              10.0479827
            ],
            [
              77.6481187,
              10.0477708
            ],
            [
              77.6483229,
              10.0477427
            ],
            [
              77.6484659,
              10.0477383
            ],
            [
              77.6492953,
              10.0476648
            ],
            [
              77.6497763,
              10.0477733
            ],
            [
              77.6502675,
              10.0479886
            ],
            [
              77.6509495,
              10.0483869
            ],
            [
              77.6516009,
              10.0488531
            ],
            [
              77.651945,
              10.0492743
            ],
            [
              77.6521461,
              10.0496224
            ],
            [
              77.6525954,
              10.0503993
            ],
            [
              77.6528031,
              10.0507111
            ],
            [
              77.6531077,
              10.0510906
            ],
            [
              77.6531298,
              10.0514822
            ],
            [
              77.6533364,
              10.0519777
            ],
            [
              77.6537808,
              10.05253
            ],
            [
              77.6541169,
              10.0528264
            ],
            [
              77.6545139,
              10.0529708
            ],
            [
              77.6548922,
              10.0533194
            ],
            [
              77.6558572,
              10.0536158
            ],
            [
              77.6564727,
              10.0535986
            ],
            [
              77.6569904,
              10.0535533
            ],
            [
              77.6572864,
              10.0535189
            ],
            [
              77.6576179,
              10.0535139
            ],
            [
              77.6580897,
              10.0535111
            ],
            [
              77.6578739,
              10.0531698
            ],
            [
              77.6571881,
              10.0527286
            ],
            [
              77.6571909,
              10.0526347
            ],
            [
              77.6573211,
              10.052522
            ],
            [
              77.6574778,
              10.0524608
            ],
            [
              77.6577513,
              10.0521374
            ],
            [
              77.6578778,
              10.0521161
            ],
            [
              77.6579816,
              10.0521712
            ],
            [
              77.6580711,
              10.0522427
            ],
            [
              77.6581435,
              10.0522371
            ],
            [
              77.658295,
              10.0520473
            ],
            [
              77.658452,
              10.0519435
            ],
            [
              77.6590672,
              10.0526465
            ],
            [
              77.6592005,
              10.0527987
            ],
            [
              77.6591477,
              10.0528375
            ],
            [
              77.6589122,
              10.0536862
            ],
            [
              77.6594326,
              10.0539606
            ],
            [
              77.6598432,
              10.0542527
            ],
            [
              77.660216,
              10.0547629
            ],
            [
              77.6607788,
              10.054699
            ],
            [
              77.6607525,
              10.0548373
            ],
            [
              77.660674,
              10.0552502
            ],
            [
              77.6609694,
              10.0562105
            ],
            [
              77.6611452,
              10.0566466
            ],
            [
              77.6611564,
              10.0571634
            ],
            [
              77.6611075,
              10.0573323
            ],
            [
              77.661114,
              10.0574872
            ],
            [
              77.6609894,
              10.0575106
            ],
            [
              77.66099,
              10.0576889
            ],
            [
              77.6611068,
              10.0577131
            ],
            [
              77.6608291,
              10.0588013
            ],
            [
              77.6606754,
              10.0597675
            ],
            [
              77.6607525,
              10.0600415
            ],
            [
              77.660976,
              10.0601547
            ],
            [
              77.6611951,
              10.060655
            ],
            [
              77.6621652,
              10.0619687
            ],
            [
              77.6631604,
              10.0626053
            ],
            [
              77.6642105,
              10.0631771
            ],
            [
              77.6645696,
              10.0632857
            ],
            [
              77.6648428,
              10.0634577
            ],
            [
              77.6650195,
              10.0634818
            ],
            [
              77.6652312,
              10.0635678
            ],
            [
              77.6660115,
              10.0639627
            ],
            [
              77.6662602,
              10.0645641
            ],
            [
              77.6664491,
              10.0654616
            ],
            [
              77.6666654,
              10.0658821
            ],
            [
              77.6668193,
              10.0668947
            ],
            [
              77.6672396,
              10.0678998
            ],
            [
              77.6674938,
              10.0681147
            ],
            [
              77.6680961,
              10.0690151
            ],
            [
              77.6686892,
              10.0697448
            ],
            [
              77.6691919,
              10.07023
            ],
            [
              77.6695474,
              10.0705633
            ],
            [
              77.6703875,
              10.0708738
            ],
            [
              77.6710142,
              10.0708072
            ],
            [
              77.6715525,
              10.0708192
            ],
            [
              77.6722136,
              10.0708509
            ],
            [
              77.6731238,
              10.0711033
            ],
            [
              77.6735913,
              10.0711228
            ],
            [
              77.674829,
              10.0718752
            ],
            [
              77.6750877,
              10.0719542
            ],
            [
              77.6751473,
              10.0721112
            ],
            [
              77.6758933,
              10.0728408
            ],
            [
              77.6762424,
              10.0730202
            ],
            [
              77.6764146,
              10.0729972
            ],
            [
              77.676596,
              10.0728542
            ],
            [
              77.6767654,
              10.0728954
            ],
            [
              77.6768931,
              10.0729207
            ],
            [
              77.6765563,
              10.0731822
            ],
            [
              77.6766392,
              10.073439
            ],
            [
              77.6769043,
              10.0740295
            ],
            [
              77.6771229,
              10.0741387
            ],
            [
              77.6775259,
              10.0752098
            ],
            [
              77.6778002,
              10.0763618
            ],
            [
              77.678158,
              10.077772
            ],
            [
              77.6783834,
              10.0791816
            ],
            [
              77.678494,
              10.0799883
            ],
            [
              77.6787621,
              10.0803115
            ],
            [
              77.6789889,
              10.0804734
            ],
            [
              77.6793773,
              10.0807748
            ],
            [
              77.6798686,
              10.080976
            ],
            [
              77.6808048,
              10.0810548
            ],
            [
              77.6815516,
              10.0809208
            ],
            [
              77.6818768,
              10.0808732
            ],
            [
              77.6831032,
              10.0805529
            ],
            [
              77.6839858,
              10.080326
            ],
            [
              77.6848043,
              10.0803421
            ],
            [
              77.6858458,
              10.0803185
            ],
            [
              77.6866565,
              10.080361
            ],
            [
              77.6873476,
              10.0805004
            ],
            [
              77.6879511,
              10.0806333
            ],
            [
              77.6879105,
              10.0799193
            ],
            [
              77.6884887,
              10.0796163
            ],
            [
              77.6885693,
              10.0796137
            ],
            [
              77.6887849,
              10.0797864
            ],
            [
              77.6888138,
              10.0806508
            ],
            [
              77.6890572,
              10.0806839
            ],
            [
              77.6890716,
              10.080846
            ],
            [
              77.689415,
              10.0809847
            ],
            [
              77.6900205,
              10.0811316
            ],
            [
              77.6900491,
              10.0814727
            ],
            [
              77.6904902,
              10.0815705
            ],
            [
              77.6906023,
              10.0819992
            ],
            [
              77.6912505,
              10.0825864
            ],
            [
              77.6918792,
              10.0829413
            ],
            [
              77.6923056,
              10.0830648
            ],
            [
              77.6925872,
              10.0829769
            ],
            [
              77.6926542,
              10.0830487
            ],
            [
              77.6924306,
              10.0833472
            ],
            [
              77.6930634,
              10.0838338
            ],
            [
              77.6938326,
              10.0840473
            ],
            [
              77.6945005,
              10.0842306
            ],
            [
              77.6944985,
              10.0843281
            ],
            [
              77.695741,
              10.0848598
            ],
            [
              77.6967193,
              10.0852533
            ],
            [
              77.6974104,
              10.0854819
            ],
            [
              77.6979142,
              10.0854292
            ],
            [
              77.699247,
              10.0849623
            ],
            [
              77.6993781,
              10.08504
            ],
            [
              77.7003185,
              10.0846147
            ],
            [
              77.7010753,
              10.08422
            ],
            [
              77.7019775,
              10.0838983
            ],
            [
              77.7021831,
              10.0839002
            ],
            [
              77.7025362,
              10.0838284
            ],
            [
              77.7027369,
              10.0836677
            ],
            [
              77.7027725,
              10.0836392
            ],
            [
              77.7034867,
              10.0833225
            ],
            [
              77.7046729,
              10.08271
            ],
            [
              77.7073377,
              10.0814786
            ],
            [
              77.7083219,
              10.0811702
            ],
            [
              77.7088311,
              10.0810106
            ],
            [
              77.7094752,
              10.0807735
            ],
            [
              77.7110238,
              10.0805488
            ],
            [
              77.7119086,
              10.080548
            ],
            [
              77.7133037,
              10.0805469
            ],
            [
              77.7140817,
              10.0805428
            ],
            [
              77.7144181,
              10.0806713
            ],
            [
              77.7155107,
              10.0809173
            ],
            [
              77.7165032,
              10.081208
            ],
            [
              77.7166687,
              10.0815432
            ],
            [
              77.7177712,
              10.0818526
            ],
            [
              77.7178917,
              10.0820644
            ],
            [
              77.7186716,
              10.0823115
            ],
            [
              77.7191487,
              10.0825328
            ],
            [
              77.7209102,
              10.0831014
            ],
            [
              77.722159,
              10.0835503
            ],
            [
              77.7227422,
              10.0839674
            ],
            [
              77.724982,
              10.0847502
            ],
            [
              77.7253141,
              10.0849203
            ],
            [
              77.725391,
              10.0849098
            ],
            [
              77.7254655,
              10.0849462
            ],
            [
              77.725912,
              10.0853106
            ],
            [
              77.7273098,
              10.0870019
            ],
            [
              77.7279104,
              10.0876006
            ],
            [
              77.7283488,
              10.0882415
            ],
            [
              77.7285546,
              10.0885606
            ],
            [
              77.7294142,
              10.0897229
            ],
            [
              77.72983,
              10.0904802
            ],
            [
              77.7300026,
              10.090572
            ],
            [
              77.7301835,
              10.0910838
            ],
            [
              77.7304957,
              10.0917904
            ],
            [
              77.730796,
              10.0921989
            ],
            [
              77.7308581,
              10.0926296
            ],
            [
              77.7312404,
              10.0928072
            ],
            [
              77.7315197,
              10.0928803
            ],
            [
              77.7319468,
              10.0931075
            ],
            [
              77.7319653,
              10.0931896
            ],
            [
              77.7322237,
              10.0932503
            ],
            [
              77.7322817,
              10.0933108
            ],
            [
              77.7339749,
              10.0933716
            ],
            [
              77.7347595,
              10.0934114
            ],
            [
              77.7357348,
              10.0935849
            ],
            [
              77.7358847,
              10.0932856
            ],
            [
              77.736253,
              10.0933704
            ],
            [
              77.7366089,
              10.093455
            ],
            [
              77.7367224,
              10.0939457
            ],
            [
              77.7368765,
              10.0940842
            ],
            [
              77.7370581,
              10.0940917
            ],
            [
              77.7371477,
              10.0945153
            ],
            [
              77.7374231,
              10.0947597
            ],
            [
              77.7376276,
              10.0948233
            ],
            [
              77.7378607,
              10.0958187
            ],
            [
              77.738345,
              10.0960882
            ],
            [
              77.7388911,
              10.0960081
            ],
            [
              77.7400825,
              10.0957104
            ],
            [
              77.740859,
              10.0954986
            ],
            [
              77.7420361,
              10.0952585
            ],
            [
              77.7424229,
              10.0952
            ],
            [
              77.7432389,
              10.0948598
            ],
            [
              77.7434407,
              10.0947552
            ],
            [
              77.744653,
              10.0945308
            ],
            [
              77.7453353,
              10.0944803
            ],
            [
              77.7462648,
              10.0947951
            ],
            [
              77.7467118,
              10.0949195
            ],
            [
              77.7471254,
              10.0952083
            ],
            [
              77.7471632,
              10.0955328
            ],
            [
              77.7474908,
              10.096889
            ],
            [
              77.7477969,
              10.098386
            ],
            [
              77.7482169,
              10.0994831
            ],
            [
              77.7484456,
              10.0996317
            ],
            [
              77.7487984,
              10.1001473
            ],
            [
              77.7502434,
              10.1008504
            ],
            [
              77.7512966,
              10.101353
            ],
            [
              77.7529977,
              10.1018485
            ],
            [
              77.754081,
              10.102349
            ],
            [
              77.7551505,
              10.1027831
            ],
            [
              77.7577315,
              10.1034332
            ],
            [
              77.7593005,
              10.1036147
            ],
            [
              77.760991,
              10.1037867
            ],
            [
              77.7629489,
              10.1038445
            ],
            [
              77.7657519,
              10.1036102
            ],
            [
              77.7670318,
              10.1031527
            ],
            [
              77.7692464,
              10.1015169
            ],
            [
              77.7695306,
              10.1013642
            ],
            [
              77.7696019,
              10.1014268
            ],
            [
              77.7704699,
              10.101226
            ],
            [
              77.7715972,
              10.1011819
            ],
            [
              77.7714521,
              10.1005414
            ],
            [
              77.7720358,
              10.1004711
            ],
            [
              77.7726413,
              10.100441
            ],
            [
              77.7724912,
              10.0998468
            ],
            [
              77.7729035,
              10.0997106
            ],
            [
              77.7726328,
              10.0990079
            ],
            [
              77.7735372,
              10.0993853
            ],
            [
              77.7738085,
              10.0998392
            ],
            [
              77.77417,
              10.1008878
            ],
            [
              77.7742159,
              10.1013513
            ],
            [
              77.7746461,
              10.1014663
            ],
            [
              77.7760018,
              10.1017875
            ],
            [
              77.7766701,
              10.1020654
            ],
            [
              77.7779436,
              10.1021669
            ],
            [
              77.7781608,
              10.1025039
            ],
            [
              77.7782407,
              10.1026349
            ],
            [
              77.7782807,
              10.1028365
            ],
            [
              77.7782279,
              10.1029602
            ],
            [
              77.7780441,
              10.1031958
            ],
            [
              77.7780533,
              10.1032561
            ],
            [
              77.7781231,
              10.1032929
            ],
            [
              77.7773277,
              10.1044091
            ]
          ]
        ]
      },
      "properties": {
        "id": 660771947,
        "name": "OSM Waterbody",
        "type": "river",
        "district": "Theni",
        "data_source_type": "OpenStreetMap Public Data"
      }
    },
    {
      "type": "Feature",
      "id": 819772831,
      "geometry": {
        "type": "Polygon",
        "coordinates": [
          [
            [
              77.3188487,
              9.8882948
            ],
            [
              77.3188246,
              9.8882129
            ],
            [
              77.3189077,
              9.8881812
            ],
            [
              77.3189399,
              9.8882763
            ],
            [
              77.3188487,
              9.8882948
            ]
          ]
        ]
      },
      "properties": {
        "id": 819772831,
        "name": "OSM Waterbody",
        "type": "pond",
        "district": "Theni",
        "data_source_type": "OpenStreetMap Public Data"
      }
    },
    {
      "type": "Feature",
      "id": 853716233,
      "geometry": {
        "type": "Polygon",
        "coordinates": [
          [
            [
              77.2740923,
              10.1991667
            ],
            [
              77.2741663,
              10.1989968
            ],
            [
              77.2741971,
              10.1987906
            ],
            [
              77.2743511,
              10.1985966
            ],
            [
              77.2745545,
              10.198542
            ],
            [
              77.274727,
              10.1985056
            ],
            [
              77.2747332,
              10.1983601
            ],
            [
              77.2744805,
              10.1983479
            ],
            [
              77.2743265,
              10.1981053
            ],
            [
              77.2741909,
              10.1977778
            ],
            [
              77.274117,
              10.197699
            ],
            [
              77.2740985,
              10.1979476
            ],
            [
              77.2741478,
              10.1981781
            ],
            [
              77.2740738,
              10.1983419
            ],
            [
              77.2739567,
              10.1983601
            ],
            [
              77.2739506,
              10.1985663
            ],
            [
              77.2739013,
              10.1988392
            ],
            [
              77.2739506,
              10.1990878
            ],
            [
              77.2740923,
              10.1991667
            ]
          ]
        ]
      },
      "properties": {
        "id": 853716233,
        "name": "OSM Waterbody",
        "type": "pond",
        "district": "Theni",
        "data_source_type": "OpenStreetMap Public Data"
      }
    },
    {
      "type": "Feature",
      "id": 856477787,
      "geometry": {
        "type": "Polygon",
        "coordinates": [
          [
            [
              77.2637585,
              10.1640567
            ],
            [
              77.2637323,
              10.164092
            ],
            [
              77.2637186,
              10.1641336
            ],
            [
              77.2637187,
              10.1641773
            ],
            [
              77.2637326,
              10.1642188
            ],
            [
              77.263759,
              10.164254
            ],
            [
              77.2637952,
              10.1642793
            ],
            [
              77.2638417,
              10.1642927
            ],
            [
              77.26389,
              10.1642899
            ],
            [
              77.2639345,
              10.164271
            ],
            [
              77.2639699,
              10.1642385
            ],
            [
              77.263992,
              10.1641961
            ],
            [
              77.2639981,
              10.1641488
            ],
            [
              77.2639876,
              10.1641023
            ],
            [
              77.2639617,
              10.164062
            ],
            [
              77.2639235,
              10.1640328
            ],
            [
              77.2638815,
              10.1640186
            ],
            [
              77.263837,
              10.1640181
            ],
            [
              77.2637947,
              10.1640312
            ],
            [
              77.2637585,
              10.1640567
            ]
          ]
        ]
      },
      "properties": {
        "id": 856477787,
        "name": "OSM Waterbody",
        "type": "pond",
        "district": "Theni",
        "data_source_type": "OpenStreetMap Public Data"
      }
    },
    {
      "type": "Feature",
      "id": 886895642,
      "geometry": {
        "type": "Polygon",
        "coordinates": [
          [
            [
              77.5284062,
              10.0489703
            ],
            [
              77.5283053,
              10.0487235
            ],
            [
              77.5283534,
              10.0483682
            ],
            [
              77.5284817,
              10.048155
            ],
            [
              77.5284015,
              10.0476022
            ],
            [
              77.5281289,
              10.046781
            ],
            [
              77.527784,
              10.0460308
            ],
            [
              77.5275915,
              10.0460861
            ],
            [
              77.5272547,
              10.0450753
            ],
            [
              77.5270061,
              10.0450201
            ],
            [
              77.5271665,
              10.0448542
            ],
            [
              77.5275835,
              10.0446805
            ],
            [
              77.5278642,
              10.0448227
            ],
            [
              77.5285218,
              10.0453438
            ],
            [
              77.5288666,
              10.0457229
            ],
            [
              77.5291473,
              10.0468126
            ],
            [
              77.5290912,
              10.0470495
            ],
            [
              77.5291152,
              10.0477049
            ],
            [
              77.529011,
              10.0481155
            ],
            [
              77.5288666,
              10.0482497
            ],
            [
              77.5288747,
              10.0485024
            ],
            [
              77.5287383,
              10.0488577
            ],
            [
              77.5285138,
              10.0489604
            ],
            [
              77.5284062,
              10.0489703
            ]
          ]
        ]
      },
      "properties": {
        "id": 886895642,
        "name": "OSM Waterbody",
        "type": "reservoir",
        "district": "Theni",
        "data_source_type": "OpenStreetMap Public Data"
      }
    },
    {
      "type": "Feature",
      "id": 886895643,
      "geometry": {
        "type": "Polygon",
        "coordinates": [
          [
            [
              77.5205165,
              10.0532138
            ],
            [
              77.5212723,
              10.0529638
            ],
            [
              77.5220822,
              10.0525453
            ],
            [
              77.5221865,
              10.0523716
            ],
            [
              77.5221464,
              10.0521426
            ],
            [
              77.5217133,
              10.0513372
            ],
            [
              77.5214727,
              10.0502396
            ],
            [
              77.5211119,
              10.050287
            ],
            [
              77.5208793,
              10.0504528
            ],
            [
              77.5205024,
              10.050666
            ],
            [
              77.5201014,
              10.0509029
            ],
            [
              77.5200373,
              10.0510766
            ],
            [
              77.5200774,
              10.0513214
            ],
            [
              77.5198288,
              10.0515188
            ],
            [
              77.5204382,
              10.0526954
            ],
            [
              77.5205165,
              10.0532138
            ]
          ]
        ]
      },
      "properties": {
        "id": 886895643,
        "name": "OSM Waterbody",
        "type": "reservoir",
        "district": "Theni",
        "data_source_type": "OpenStreetMap Public Data"
      }
    },
    {
      "type": "Feature",
      "id": 886895649,
      "geometry": {
        "type": "Polygon",
        "coordinates": [
          [
            [
              77.6090749,
              10.111444
            ],
            [
              77.6095803,
              10.1113876
            ],
            [
              77.6100238,
              10.1114064
            ],
            [
              77.6106723,
              10.1114252
            ],
            [
              77.6111586,
              10.1114862
            ],
            [
              77.611564,
              10.1123218
            ],
            [
              77.6117213,
              10.1126129
            ],
            [
              77.6112969,
              10.1126598
            ],
            [
              77.6095326,
              10.1136174
            ],
            [
              77.6094945,
              10.1132137
            ],
            [
              77.6082881,
              10.1131949
            ],
            [
              77.6082166,
              10.1129837
            ],
            [
              77.6078589,
              10.1128992
            ],
            [
              77.6078589,
              10.1125753
            ],
            [
              77.6077111,
              10.1126175
            ],
            [
              77.6072009,
              10.1124439
            ],
            [
              77.6065476,
              10.1125143
            ],
            [
              77.6056416,
              10.1124673
            ],
            [
              77.6056226,
              10.1122138
            ],
            [
              77.6061375,
              10.112134
            ],
            [
              77.6061566,
              10.1115003
            ],
            [
              77.6065654,
              10.111494
            ],
            [
              77.6065238,
              10.1111833
            ],
            [
              77.6060427,
              10.1111517
            ],
            [
              77.6062191,
              10.1111241
            ],
            [
              77.6066361,
              10.111057
            ],
            [
              77.6090749,
              10.111444
            ]
          ]
        ]
      },
      "properties": {
        "id": 886895649,
        "name": "OSM Waterbody",
        "type": "reservoir",
        "district": "Theni",
        "data_source_type": "OpenStreetMap Public Data"
      }
    },
    {
      "type": "Feature",
      "id": 886895650,
      "geometry": {
        "type": "Polygon",
        "coordinates": [
          [
            [
              77.6178704,
              10.1115321
            ],
            [
              77.6176988,
              10.1113913
            ],
            [
              77.6169454,
              10.1111425
            ],
            [
              77.6165925,
              10.1108937
            ],
            [
              77.6159297,
              10.110152
            ],
            [
              77.6156198,
              10.1100675
            ],
            [
              77.6151238,
              10.1098703
            ],
            [
              77.6146947,
              10.1096027
            ],
            [
              77.6142322,
              10.1095839
            ],
            [
              77.6139365,
              10.1096497
            ],
            [
              77.6133882,
              10.1101238
            ],
            [
              77.6131831,
              10.1103773
            ],
            [
              77.6126538,
              10.1111988
            ],
            [
              77.6122294,
              10.1122034
            ],
            [
              77.6124583,
              10.1122222
            ],
            [
              77.6125155,
              10.111978
            ],
            [
              77.6127158,
              10.1120203
            ],
            [
              77.6126872,
              10.1124334
            ],
            [
              77.612737,
              10.1124422
            ],
            [
              77.6127921,
              10.1124428
            ],
            [
              77.6128064,
              10.1120109
            ],
            [
              77.613617,
              10.1120438
            ],
            [
              77.6137362,
              10.1120203
            ],
            [
              77.6139461,
              10.1118091
            ],
            [
              77.6143609,
              10.1119264
            ],
            [
              77.6147757,
              10.1127291
            ],
            [
              77.6151954,
              10.113039
            ],
            [
              77.615677,
              10.1131986
            ],
            [
              77.6158677,
              10.1127855
            ],
            [
              77.6171695,
              10.1130953
            ],
            [
              77.6177941,
              10.1137384
            ],
            [
              77.6184951,
              10.1135459
            ],
            [
              77.6184617,
              10.1133065
            ],
            [
              77.6186715,
              10.1132314
            ],
            [
              77.6183139,
              10.1126869
            ],
            [
              77.6181851,
              10.1122644
            ],
            [
              77.6178704,
              10.1115321
            ]
          ]
        ]
      },
      "properties": {
        "id": 886895650,
        "name": "OSM Waterbody",
        "type": "reservoir",
        "district": "Theni",
        "data_source_type": "OpenStreetMap Public Data"
      }
    },
    {
      "type": "Feature",
      "id": 886895655,
      "geometry": {
        "type": "Polygon",
        "coordinates": [
          [
            [
              77.6186663,
              10.1069239
            ],
            [
              77.6187665,
              10.1069709
            ],
            [
              77.6187569,
              10.1070413
            ],
            [
              77.6195389,
              10.1072619
            ],
            [
              77.6196915,
              10.1072854
            ],
            [
              77.6198584,
              10.1078816
            ],
            [
              77.6198632,
              10.1081961
            ],
            [
              77.6200444,
              10.1081914
            ],
            [
              77.6200635,
              10.108013
            ],
            [
              77.6214749,
              10.1079942
            ],
            [
              77.6221377,
              10.1078816
            ],
            [
              77.6222378,
              10.1078487
            ],
            [
              77.6222855,
              10.1062902
            ],
            [
              77.6224381,
              10.1061728
            ],
            [
              77.6232535,
              10.106093
            ],
            [
              77.6240212,
              10.1062996
            ],
            [
              77.6241643,
              10.1065719
            ],
            [
              77.6242406,
              10.1068911
            ],
            [
              77.6244504,
              10.1068535
            ],
            [
              77.6245457,
              10.107168
            ],
            [
              77.6245505,
              10.1079989
            ],
            [
              77.6252848,
              10.1080412
            ],
            [
              77.6256138,
              10.107614
            ],
            [
              77.6262385,
              10.1075154
            ],
            [
              77.6268822,
              10.1077032
            ],
            [
              77.6270825,
              10.1082008
            ],
            [
              77.6272256,
              10.1083135
            ],
            [
              77.6273305,
              10.1087125
            ],
            [
              77.6274401,
              10.1089003
            ],
            [
              77.6282508,
              10.1092617
            ],
            [
              77.628246,
              10.1094448
            ],
            [
              77.6293522,
              10.1097452
            ],
            [
              77.6294953,
              10.1091725
            ],
            [
              77.6305469,
              10.1092504
            ],
            [
              77.6306232,
              10.1086683
            ],
            [
              77.6300606,
              10.1085087
            ],
            [
              77.6313385,
              10.1083303
            ],
            [
              77.6320537,
              10.1084148
            ],
            [
              77.6321586,
              10.1090063
            ],
            [
              77.633799,
              10.1088467
            ],
            [
              77.6334652,
              10.1082177
            ],
            [
              77.6338276,
              10.1079642
            ],
            [
              77.6329597,
              10.106293
            ],
            [
              77.6326774,
              10.1055134
            ],
            [
              77.6325844,
              10.1052223
            ],
            [
              77.63261,
              10.105053
            ],
            [
              77.6324124,
              10.1049871
            ],
            [
              77.6322259,
              10.104925
            ],
            [
              77.6320824,
              10.1049785
            ],
            [
              77.6320281,
              10.1049467
            ],
            [
              77.6310428,
              10.1043683
            ],
            [
              77.630423,
              10.1041617
            ],
            [
              77.6280769,
              10.1047532
            ],
            [
              77.6278862,
              10.1046311
            ],
            [
              77.6276955,
              10.1041054
            ],
            [
              77.6271423,
              10.1040115
            ],
            [
              77.6263698,
              10.1037674
            ],
            [
              77.6247581,
              10.1038519
            ],
            [
              77.6241859,
              10.1038519
            ],
            [
              77.6232513,
              10.1040396
            ],
            [
              77.6228126,
              10.104218
            ],
            [
              77.6223167,
              10.1047532
            ],
            [
              77.6223263,
              10.1051663
            ],
            [
              77.622255,
              10.1055263
            ],
            [
              77.6220214,
              10.1059065
            ],
            [
              77.6216256,
              10.1063431
            ],
            [
              77.6214826,
              10.1068782
            ],
            [
              77.62133,
              10.1069017
            ],
            [
              77.6209533,
              10.1066952
            ],
            [
              77.6207864,
              10.1067045
            ],
            [
              77.6205575,
              10.1067797
            ],
            [
              77.6201497,
              10.1068157
            ],
            [
              77.6196421,
              10.1069218
            ],
            [
              77.6192055,
              10.1068241
            ],
            [
              77.6189787,
              10.1067934
            ],
            [
              77.6186572,
              10.1068848
            ],
            [
              77.6186663,
              10.1069239
            ]
          ]
        ]
      },
      "properties": {
        "id": 886895655,
        "name": "OSM Waterbody",
        "type": "reservoir",
        "district": "Theni",
        "data_source_type": "OpenStreetMap Public Data"
      }
    },
    {
      "type": "Feature",
      "id": 886895656,
      "geometry": {
        "type": "Polygon",
        "coordinates": [
          [
            [
              77.6384463,
              10.1019091
            ],
            [
              77.63831,
              10.1018262
            ],
            [
              77.6380373,
              10.1017986
            ],
            [
              77.637472,
              10.1019526
            ],
            [
              77.6370229,
              10.1020157
            ],
            [
              77.6367703,
              10.1021184
            ],
            [
              77.6364415,
              10.1021262
            ],
            [
              77.6361367,
              10.1021262
            ],
            [
              77.6358961,
              10.1022328
            ],
            [
              77.6353709,
              10.1022802
            ],
            [
              77.63501,
              10.1024342
            ],
            [
              77.6346611,
              10.1025092
            ],
            [
              77.6343203,
              10.1027065
            ],
            [
              77.6341479,
              10.102896
            ],
            [
              77.635026,
              10.1026828
            ],
            [
              77.6361929,
              10.1025723
            ],
            [
              77.6371231,
              10.1027618
            ],
            [
              77.6382378,
              10.1028407
            ],
            [
              77.6385586,
              10.1027065
            ],
            [
              77.6386348,
              10.1026197
            ],
            [
              77.6385786,
              10.1024855
            ],
            [
              77.6384583,
              10.1023631
            ],
            [
              77.6384463,
              10.1019091
            ]
          ]
        ]
      },
      "properties": {
        "id": 886895656,
        "name": "OSM Waterbody",
        "type": "reservoir",
        "district": "Theni",
        "data_source_type": "OpenStreetMap Public Data"
      }
    },
    {
      "type": "Feature",
      "id": 886895657,
      "geometry": {
        "type": "Polygon",
        "coordinates": [
          [
            [
              77.6463621,
              10.1020812
            ],
            [
              77.6456163,
              10.1013074
            ],
            [
              77.6452955,
              10.1007469
            ],
            [
              77.645071,
              10.1000048
            ],
            [
              77.6436114,
              10.0999416
            ],
            [
              77.6436114,
              10.0997995
            ],
            [
              77.6438119,
              10.0997995
            ],
            [
              77.6438337,
              10.0997024
            ],
            [
              77.6438921,
              10.0995547
            ],
            [
              77.6439322,
              10.0990415
            ],
            [
              77.6433388,
              10.0985836
            ],
            [
              77.6431543,
              10.0984573
            ],
            [
              77.6440124,
              10.0985126
            ],
            [
              77.6452474,
              10.0980862
            ],
            [
              77.6463781,
              10.0976125
            ],
            [
              77.6468914,
              10.0975494
            ],
            [
              77.6474367,
              10.0974309
            ],
            [
              77.6482707,
              10.0971704
            ],
            [
              77.6487759,
              10.0971388
            ],
            [
              77.649043,
              10.0971722
            ],
            [
              77.6494206,
              10.0973581
            ],
            [
              77.6497612,
              10.0976635
            ],
            [
              77.6502737,
              10.0981216
            ],
            [
              77.6506075,
              10.0983075
            ],
            [
              77.6510795,
              10.0983905
            ],
            [
              77.6511739,
              10.0992701
            ],
            [
              77.651002,
              10.0996651
            ],
            [
              77.6498724,
              10.0998876
            ],
            [
              77.6490497,
              10.0999274
            ],
            [
              77.6479809,
              10.1001863
            ],
            [
              77.6478966,
              10.1008469
            ],
            [
              77.6475291,
              10.100827
            ],
            [
              77.647347,
              10.1019124
            ],
            [
              77.6466457,
              10.1022743
            ],
            [
              77.6464569,
              10.1024967
            ],
            [
              77.6463621,
              10.1020812
            ]
          ]
        ]
      },
      "properties": {
        "id": 886895657,
        "name": "OSM Waterbody",
        "type": "reservoir",
        "district": "Theni",
        "data_source_type": "OpenStreetMap Public Data"
      }
    },
    {
      "type": "Feature",
      "id": 886895664,
      "geometry": {
        "type": "Polygon",
        "coordinates": [
          [
            [
              77.6485954,
              10.0751388
            ],
            [
              77.6475704,
              10.0749695
            ],
            [
              77.6465218,
              10.0748865
            ],
            [
              77.6454833,
              10.074518
            ],
            [
              77.6444009,
              10.0744649
            ],
            [
              77.6439154,
              10.074518
            ],
            [
              77.6438212,
              10.0743233
            ],
            [
              77.6442897,
              10.0740267
            ],
            [
              77.6446639,
              10.0737047
            ],
            [
              77.6459081,
              10.0735088
            ],
            [
              77.6473344,
              10.0739138
            ],
            [
              77.6477356,
              10.0741894
            ],
            [
              77.6483189,
              10.0741694
            ],
            [
              77.6487168,
              10.0744715
            ],
            [
              77.6486932,
              10.0746309
            ],
            [
              77.6488516,
              10.0746375
            ],
            [
              77.6498901,
              10.0745711
            ],
            [
              77.6503656,
              10.074601
            ],
            [
              77.6509657,
              10.074528
            ],
            [
              77.6513366,
              10.0745844
            ],
            [
              77.652365,
              10.0745081
            ],
            [
              77.6528674,
              10.0742425
            ],
            [
              77.6533394,
              10.0741429
            ],
            [
              77.653771,
              10.0739703
            ],
            [
              77.6542734,
              10.0738906
            ],
            [
              77.6544825,
              10.0737976
            ],
            [
              77.655113,
              10.0737113
            ],
            [
              77.6556693,
              10.0736715
            ],
            [
              77.6565426,
              10.07404
            ],
            [
              77.6568528,
              10.0742956
            ],
            [
              77.6572743,
              10.0743421
            ],
            [
              77.6579284,
              10.0746342
            ],
            [
              77.6583263,
              10.0747139
            ],
            [
              77.6591995,
              10.0749828
            ],
            [
              77.6597053,
              10.075172
            ],
            [
              77.6603898,
              10.0753812
            ],
            [
              77.6613204,
              10.0758625
            ],
            [
              77.6614856,
              10.0760783
            ],
            [
              77.6618666,
              10.0770178
            ],
            [
              77.6619441,
              10.0773099
            ],
            [
              77.6624533,
              10.0779307
            ],
            [
              77.6627028,
              10.0783955
            ],
            [
              77.662986,
              10.0787972
            ],
            [
              77.6632119,
              10.0792055
            ],
            [
              77.6633063,
              10.0795706
            ],
            [
              77.6635693,
              10.0800885
            ],
            [
              77.6636368,
              10.0804636
            ],
            [
              77.663802,
              10.0809284
            ],
            [
              77.6638289,
              10.0814031
            ],
            [
              77.6634749,
              10.0816023
            ],
            [
              77.6633839,
              10.0814396
            ],
            [
              77.6632524,
              10.0814031
            ],
            [
              77.6628107,
              10.0808487
            ],
            [
              77.6624364,
              10.0805377
            ],
            [
              77.6620358,
              10.0803875
            ],
            [
              77.661745,
              10.0796082
            ],
            [
              77.66123,
              10.0793359
            ],
            [
              77.6603574,
              10.0792138
            ],
            [
              77.6595467,
              10.0791434
            ],
            [
              77.6562279,
              10.0785143
            ],
            [
              77.6560086,
              10.0785471
            ],
            [
              77.6557845,
              10.0787772
            ],
            [
              77.6541299,
              10.0785284
            ],
            [
              77.6535386,
              10.0783593
            ],
            [
              77.6532382,
              10.078195
            ],
            [
              77.6530713,
              10.0779838
            ],
            [
              77.6529282,
              10.0772514
            ],
            [
              77.6525563,
              10.076688
            ],
            [
              77.6518077,
              10.076472
            ],
            [
              77.6512545,
              10.0759791
            ],
            [
              77.648918,
              10.0752608
            ],
            [
              77.6485954,
              10.0751388
            ]
          ]
        ]
      },
      "properties": {
        "id": 886895664,
        "name": "OSM Waterbody",
        "type": "reservoir",
        "district": "Theni",
        "data_source_type": "OpenStreetMap Public Data"
      }
    },
    {
      "type": "Feature",
      "id": 886895666,
      "geometry": {
        "type": "Polygon",
        "coordinates": [
          [
            [
              77.6680514,
              10.0769151
            ],
            [
              77.6679226,
              10.0769151
            ],
            [
              77.6678082,
              10.0770936
            ],
            [
              77.6675459,
              10.077333
            ],
            [
              77.6675221,
              10.0775536
            ],
            [
              77.6671454,
              10.0776945
            ],
            [
              77.6670691,
              10.078009
            ],
            [
              77.6669594,
              10.0780372
            ],
            [
              77.666783,
              10.0783658
            ],
            [
              77.6666829,
              10.0784175
            ],
            [
              77.666578,
              10.0785818
            ],
            [
              77.6665064,
              10.0789104
            ],
            [
              77.6665303,
              10.0792813
            ],
            [
              77.6666352,
              10.0794222
            ],
            [
              77.6666399,
              10.0795677
            ],
            [
              77.6664874,
              10.0796053
            ],
            [
              77.6664558,
              10.0796525
            ],
            [
              77.6665255,
              10.0796992
            ],
            [
              77.6669213,
              10.0797461
            ],
            [
              77.6669308,
              10.0798447
            ],
            [
              77.6672598,
              10.0799198
            ],
            [
              77.6672837,
              10.0802391
            ],
            [
              77.667422,
              10.0802531
            ],
            [
              77.667441,
              10.0809198
            ],
            [
              77.6675269,
              10.0815818
            ],
            [
              77.6687333,
              10.0816287
            ],
            [
              77.6691958,
              10.0800137
            ],
            [
              77.6689288,
              10.0793611
            ],
            [
              77.6685854,
              10.078225
            ],
            [
              77.6682711,
              10.0775931
            ],
            [
              77.6680514,
              10.0769151
            ]
          ]
        ]
      },
      "properties": {
        "id": 886895666,
        "name": "OSM Waterbody",
        "type": "reservoir",
        "district": "Theni",
        "data_source_type": "OpenStreetMap Public Data"
      }
    },
    {
      "type": "Feature",
      "id": 886980345,
      "geometry": {
        "type": "Polygon",
        "coordinates": [
          [
            [
              77.6661669,
              10.1509784
            ],
            [
              77.6674819,
              10.1509385
            ],
            [
              77.6678326,
              10.1509385
            ],
            [
              77.6680619,
              10.1509983
            ],
            [
              77.6693971,
              10.1510248
            ],
            [
              77.6704153,
              10.1510049
            ],
            [
              77.6713392,
              10.1510514
            ],
            [
              77.6719259,
              10.1510448
            ],
            [
              77.67258,
              10.1509385
            ],
            [
              77.6730453,
              10.150766
            ],
            [
              77.6717371,
              10.1501685
            ],
            [
              77.6711099,
              10.1498366
            ],
            [
              77.6703075,
              10.1493189
            ],
            [
              77.669188,
              10.1490733
            ],
            [
              77.6680821,
              10.1489936
            ],
            [
              77.6665513,
              10.1491264
            ],
            [
              77.6654926,
              10.1493056
            ],
            [
              77.6656921,
              10.1504187
            ],
            [
              77.6656477,
              10.1504872
            ],
            [
              77.6663018,
              10.1503544
            ],
            [
              77.6667536,
              10.1505735
            ],
            [
              77.6667401,
              10.1506929
            ],
            [
              77.6664771,
              10.1506797
            ],
            [
              77.6662141,
              10.150839
            ],
            [
              77.6661669,
              10.1509784
            ]
          ]
        ]
      },
      "properties": {
        "id": 886980345,
        "name": "OSM Waterbody",
        "type": "reservoir",
        "district": "Theni",
        "data_source_type": "OpenStreetMap Public Data"
      }
    },
    {
      "type": "Feature",
      "id": 887452168,
      "geometry": {
        "type": "Polygon",
        "coordinates": [
          [
            [
              77.40689,
              9.979278
            ],
            [
              77.4091923,
              9.9786525
            ],
            [
              77.409317,
              9.9789541
            ],
            [
              77.4097253,
              9.9789206
            ],
            [
              77.4104625,
              9.9819475
            ],
            [
              77.4090221,
              9.9823273
            ],
            [
              77.4094077,
              9.9842372
            ],
            [
              77.409725,
              9.9841777
            ],
            [
              77.4101222,
              9.9841032
            ],
            [
              77.411177,
              9.9841702
            ],
            [
              77.4118801,
              9.9840027
            ],
            [
              77.4145339,
              9.9842037
            ],
            [
              77.4153392,
              9.9839468
            ],
            [
              77.4166321,
              9.9831985
            ],
            [
              77.4171878,
              9.98264
            ],
            [
              77.4176641,
              9.9818135
            ],
            [
              77.4179023,
              9.9810316
            ],
            [
              77.4178002,
              9.9797136
            ],
            [
              77.4173806,
              9.9786637
            ],
            [
              77.4167795,
              9.9779153
            ],
            [
              77.4154526,
              9.9771223
            ],
            [
              77.4146247,
              9.976776
            ],
            [
              77.4135473,
              9.976251
            ],
            [
              77.41264,
              9.9760276
            ],
            [
              77.4107006,
              9.9762399
            ],
            [
              77.4100882,
              9.9764968
            ],
            [
              77.4091469,
              9.9776361
            ],
            [
              77.4081375,
              9.9783621
            ],
            [
              77.4071395,
              9.9789317
            ],
            [
              77.40689,
              9.979278
            ]
          ]
        ]
      },
      "properties": {
        "id": 887452168,
        "name": "OSM Waterbody",
        "type": "reservoir",
        "district": "Theni",
        "data_source_type": "OpenStreetMap Public Data"
      }
    },
    {
      "type": "Feature",
      "id": 887452169,
      "geometry": {
        "type": "Polygon",
        "coordinates": [
          [
            [
              77.4065611,
              9.9884146
            ],
            [
              77.4073777,
              9.9890736
            ],
            [
              77.4075818,
              9.9895315
            ],
            [
              77.4080581,
              9.9899224
            ],
            [
              77.4088747,
              9.9902017
            ],
            [
              77.4095779,
              9.9903022
            ],
            [
              77.4113471,
              9.9894198
            ],
            [
              77.4125266,
              9.9891964
            ],
            [
              77.4140236,
              9.9881284
            ],
            [
              77.4141597,
              9.9877598
            ],
            [
              77.4134112,
              9.984409
            ],
            [
              77.4129235,
              9.9845095
            ],
            [
              77.4119595,
              9.9843866
            ],
            [
              77.4114265,
              9.9843866
            ],
            [
              77.4111588,
              9.9843866
            ],
            [
              77.4106893,
              9.9843866
            ],
            [
              77.410247,
              9.9844201
            ],
            [
              77.410247,
              9.9847552
            ],
            [
              77.4096005,
              9.985135
            ],
            [
              77.4094077,
              9.985135
            ],
            [
              77.4080355,
              9.9864418
            ],
            [
              77.4077066,
              9.9868216
            ],
            [
              77.40782,
              9.9870226
            ],
            [
              77.4073777,
              9.9876146
            ],
            [
              77.4066859,
              9.987972
            ],
            [
              77.4063683,
              9.9879497
            ],
            [
              77.4058579,
              9.9884858
            ],
            [
              77.4062549,
              9.9883853
            ],
            [
              77.4065611,
              9.9884146
            ]
          ]
        ]
      },
      "properties": {
        "id": 887452169,
        "name": "OSM Waterbody",
        "type": "reservoir",
        "district": "Theni",
        "data_source_type": "OpenStreetMap Public Data"
      }
    },
    {
      "type": "Feature",
      "id": 887452189,
      "geometry": {
        "type": "Polygon",
        "coordinates": [
          [
            [
              77.3701771,
              9.975029
            ],
            [
              77.3702916,
              9.975818
            ],
            [
              77.369624,
              9.9759683
            ],
            [
              77.369624,
              9.9761749
            ],
            [
              77.3693761,
              9.9762313
            ],
            [
              77.3692807,
              9.976607
            ],
            [
              77.3688038,
              9.9777341
            ],
            [
              77.3685559,
              9.9777529
            ],
            [
              77.3681363,
              9.9787485
            ],
            [
              77.3681172,
              9.9798192
            ],
            [
              77.3676404,
              9.9800071
            ],
            [
              77.3676404,
              9.9807585
            ],
            [
              77.3674306,
              9.9810778
            ],
            [
              77.3672589,
              9.9829375
            ],
            [
              77.3667821,
              9.9830126
            ],
            [
              77.3664769,
              9.9858679
            ],
            [
              77.3665913,
              9.9867132
            ],
            [
              77.3672207,
              9.9866944
            ],
            [
              77.3672589,
              9.9877463
            ],
            [
              77.3674878,
              9.9889861
            ],
            [
              77.3674581,
              9.9891602
            ],
            [
              77.3674851,
              9.989205
            ],
            [
              77.3680862,
              9.989071
            ],
            [
              77.3684604,
              9.9890151
            ],
            [
              77.368812,
              9.9889537
            ],
            [
              77.3693337,
              9.9887527
            ],
            [
              77.3701843,
              9.9886689
            ],
            [
              77.3713241,
              9.9885014
            ],
            [
              77.3721293,
              9.9879597
            ],
            [
              77.37315,
              9.9872783
            ],
            [
              77.373581,
              9.9868818
            ],
            [
              77.3739099,
              9.9861893
            ],
            [
              77.3739552,
              9.9859659
            ],
            [
              77.3740686,
              9.9840504
            ],
            [
              77.3738702,
              9.9831736
            ],
            [
              77.3736207,
              9.9824922
            ],
            [
              77.3733088,
              9.9821404
            ],
            [
              77.3728721,
              9.9812357
            ],
            [
              77.3727984,
              9.9806269
            ],
            [
              77.3726964,
              9.9803198
            ],
            [
              77.3726737,
              9.9800461
            ],
            [
              77.3724469,
              9.9797557
            ],
            [
              77.372169,
              9.9794988
            ],
            [
              77.3720556,
              9.979147
            ],
            [
              77.3715566,
              9.9779574
            ],
            [
              77.3710576,
              9.9768293
            ],
            [
              77.3709612,
              9.9764048
            ],
            [
              77.3707627,
              9.9759748
            ],
            [
              77.3706039,
              9.9758743
            ],
            [
              77.3701771,
              9.975029
            ]
          ]
        ]
      },
      "properties": {
        "id": 887452189,
        "name": "OSM Waterbody",
        "type": "reservoir",
        "district": "Theni",
        "data_source_type": "OpenStreetMap Public Data"
      }
    },
    {
      "type": "Feature",
      "id": 887452190,
      "geometry": {
        "type": "Polygon",
        "coordinates": [
          [
            [
              77.3596585,
              9.9925205
            ],
            [
              77.3603482,
              9.9928522
            ],
            [
              77.3610699,
              9.9933419
            ],
            [
              77.3614548,
              9.9941001
            ],
            [
              77.3615511,
              9.9953005
            ],
            [
              77.3616633,
              9.9972749
            ],
            [
              77.3620002,
              9.9991704
            ],
            [
              77.3617596,
              10.0006235
            ],
            [
              77.3615671,
              10.000971
            ],
            [
              77.3616152,
              10.001587
            ],
            [
              77.3620322,
              10.0024399
            ],
            [
              77.3622728,
              10.003056
            ],
            [
              77.3623049,
              10.0040037
            ],
            [
              77.3628502,
              10.0038457
            ],
            [
              77.363155,
              10.0053304
            ],
            [
              77.3640852,
              10.0050619
            ],
            [
              77.3642456,
              10.0059148
            ],
            [
              77.3645749,
              10.0057377
            ],
            [
              77.3647107,
              10.0055674
            ],
            [
              77.3642616,
              10.0043038
            ],
            [
              77.3641012,
              10.0026769
            ],
            [
              77.3640531,
              10.0000549
            ],
            [
              77.3640371,
              9.9977488
            ],
            [
              77.3637324,
              9.9966273
            ],
            [
              77.3630427,
              9.9950004
            ],
            [
              77.3622728,
              9.9940527
            ],
            [
              77.3618879,
              9.9934998
            ],
            [
              77.3613746,
              9.9929312
            ],
            [
              77.3609737,
              9.9926785
            ],
            [
              77.3604765,
              9.9925205
            ],
            [
              77.3599311,
              9.9924415
            ],
            [
              77.3596585,
              9.9925205
            ]
          ]
        ]
      },
      "properties": {
        "id": 887452190,
        "name": "OSM Waterbody",
        "type": "reservoir",
        "district": "Theni",
        "data_source_type": "OpenStreetMap Public Data"
      }
    },
    {
      "type": "Feature",
      "id": 887452191,
      "geometry": {
        "type": "Polygon",
        "coordinates": [
          [
            [
              77.3635556,
              10.0089285
            ],
            [
              77.3648032,
              10.0079058
            ],
            [
              77.3651268,
              10.0076468
            ],
            [
              77.3658686,
              10.0074742
            ],
            [
              77.366516,
              10.0074078
            ],
            [
              77.367015,
              10.0075074
            ],
            [
              77.3672915,
              10.0076867
            ],
            [
              77.3674331,
              10.0079523
            ],
            [
              77.3675545,
              10.0082777
            ],
            [
              77.3675882,
              10.0088621
            ],
            [
              77.3677163,
              10.0094067
            ],
            [
              77.3679793,
              10.0104958
            ],
            [
              77.3683435,
              10.012063
            ],
            [
              77.3685121,
              10.0129263
            ],
            [
              77.3685053,
              10.014022
            ],
            [
              77.3685188,
              10.0143009
            ],
            [
              77.3681547,
              10.0144603
            ],
            [
              77.3682154,
              10.0146131
            ],
            [
              77.3685053,
              10.0144802
            ],
            [
              77.3684379,
              10.0149252
            ],
            [
              77.3683772,
              10.0155096
            ],
            [
              77.3680872,
              10.0160541
            ],
            [
              77.3677905,
              10.0164326
            ],
            [
              77.3673387,
              10.0169373
            ],
            [
              77.3671701,
              10.0167049
            ],
            [
              77.3669139,
              10.0159678
            ],
            [
              77.3667992,
              10.0155361
            ],
            [
              77.3661181,
              10.015742
            ],
            [
              77.3660642,
              10.0156291
            ],
            [
              77.3681344,
              10.0146529
            ],
            [
              77.3680805,
              10.0145201
            ],
            [
              77.3663744,
              10.0152705
            ],
            [
              77.366044,
              10.0145732
            ],
            [
              77.3658012,
              10.0142744
            ],
            [
              77.3652887,
              10.0141615
            ],
            [
              77.3646885,
              10.0128532
            ],
            [
              77.3640681,
              10.0107813
            ],
            [
              77.3635757,
              10.009001
            ],
            [
              77.3635556,
              10.0089285
            ]
          ]
        ]
      },
      "properties": {
        "id": 887452191,
        "name": "OSM Waterbody",
        "type": "reservoir",
        "district": "Theni",
        "data_source_type": "OpenStreetMap Public Data"
      }
    },
    {
      "type": "Feature",
      "id": 887556724,
      "geometry": {
        "type": "Polygon",
        "coordinates": [
          [
            [
              77.457752,
              9.9864395
            ],
            [
              77.4577124,
              9.9864458
            ],
            [
              77.4570095,
              9.9867818
            ],
            [
              77.4571555,
              9.9872763
            ],
            [
              77.4571726,
              9.9876018
            ],
            [
              77.4570567,
              9.9877032
            ],
            [
              77.4572413,
              9.9879483
            ],
            [
              77.4573314,
              9.9879272
            ],
            [
              77.4575288,
              9.9882526
            ],
            [
              77.4576919,
              9.988185
            ],
            [
              77.4581339,
              9.9886837
            ],
            [
              77.4586704,
              9.9891994
            ],
            [
              77.4591296,
              9.989677
            ],
            [
              77.4591639,
              9.9898967
            ],
            [
              77.4594858,
              9.9904504
            ],
            [
              77.4592411,
              9.9908054
            ],
            [
              77.4598935,
              9.9918156
            ],
            [
              77.4602368,
              9.9922678
            ],
            [
              77.4602625,
              9.9921452
            ],
            [
              77.4602883,
              9.9908688
            ],
            [
              77.4601467,
              9.9902137
            ],
            [
              77.4600737,
              9.9897784
            ],
            [
              77.4599149,
              9.9894065
            ],
            [
              77.4591424,
              9.9886373
            ],
            [
              77.4586489,
              9.9879483
            ],
            [
              77.4583871,
              9.987568
            ],
            [
              77.4578764,
              9.9866085
            ],
            [
              77.457752,
              9.9864395
            ]
          ]
        ]
      },
      "properties": {
        "id": 887556724,
        "name": "OSM Waterbody",
        "type": "reservoir",
        "district": "Theni",
        "data_source_type": "OpenStreetMap Public Data"
      }
    },
    {
      "type": "Feature",
      "id": 887556726,
      "geometry": {
        "type": "Polygon",
        "coordinates": [
          [
            [
              77.463154,
              9.9788268
            ],
            [
              77.4629912,
              9.9789193
            ],
            [
              77.4628445,
              9.979039
            ],
            [
              77.4625562,
              9.9792781
            ],
            [
              77.4622861,
              9.9793558
            ],
            [
              77.4619037,
              9.9793617
            ],
            [
              77.4614819,
              9.9791436
            ],
            [
              77.4611724,
              9.9787939
            ],
            [
              77.4608507,
              9.978232
            ],
            [
              77.4607021,
              9.9777897
            ],
            [
              77.4604714,
              9.9774071
            ],
            [
              77.4601831,
              9.9770605
            ],
            [
              77.4595277,
              9.9764627
            ],
            [
              77.459027,
              9.9759248
            ],
            [
              77.4587933,
              9.9756169
            ],
            [
              77.4584231,
              9.9750072
            ],
            [
              77.4581075,
              9.9743288
            ],
            [
              77.4579042,
              9.9736773
            ],
            [
              77.4577737,
              9.9730138
            ],
            [
              77.4576462,
              9.9725535
            ],
            [
              77.4574733,
              9.9718422
            ],
            [
              77.4575475,
              9.9718896
            ],
            [
              77.457622,
              9.9719916
            ],
            [
              77.4577433,
              9.9723473
            ],
            [
              77.4577464,
              9.9726252
            ],
            [
              77.4579224,
              9.972957
            ],
            [
              77.4580468,
              9.9730945
            ],
            [
              77.4580954,
              9.9730646
            ],
            [
              77.4583624,
              9.9736205
            ],
            [
              77.4584898,
              9.9739074
            ],
            [
              77.4584898,
              9.974006
            ],
            [
              77.458505,
              9.9741405
            ],
            [
              77.4586294,
              9.9744155
            ],
            [
              77.4586932,
              9.9744573
            ],
            [
              77.4589299,
              9.974526
            ],
            [
              77.4591696,
              9.9746486
            ],
            [
              77.459297,
              9.9747412
            ],
            [
              77.4592879,
              9.9744842
            ],
            [
              77.4599738,
              9.9745111
            ],
            [
              77.4599798,
              9.9749773
            ],
            [
              77.4605958,
              9.9750132
            ],
            [
              77.4609327,
              9.9753629
            ],
            [
              77.4611512,
              9.975327
            ],
            [
              77.4612088,
              9.9752971
            ],
            [
              77.4614303,
              9.9756827
            ],
            [
              77.4618704,
              9.9755452
            ],
            [
              77.4619796,
              9.9759188
            ],
            [
              77.4617793,
              9.9759875
            ],
            [
              77.4617004,
              9.976388
            ],
            [
              77.4618977,
              9.9769768
            ],
            [
              77.4622891,
              9.9779182
            ],
            [
              77.4623771,
              9.9778973
            ],
            [
              77.4625046,
              9.9781991
            ],
            [
              77.4626047,
              9.9783904
            ],
            [
              77.4626563,
              9.9785727
            ],
            [
              77.4629962,
              9.9787879
            ],
            [
              77.463154,
              9.9788268
            ]
          ]
        ]
      },
      "properties": {
        "id": 887556726,
        "name": "OSM Waterbody",
        "type": "reservoir",
        "district": "Theni",
        "data_source_type": "OpenStreetMap Public Data"
      }
    },
    {
      "type": "Feature",
      "id": 887556729,
      "geometry": {
        "type": "Polygon",
        "coordinates": [
          [
            [
              77.4363957,
              9.9756956
            ],
            [
              77.4365617,
              9.9756742
            ],
            [
              77.4366988,
              9.9755712
            ],
            [
              77.4366122,
              9.9754219
            ],
            [
              77.436522,
              9.975006
            ],
            [
              77.4365509,
              9.9749847
            ],
            [
              77.4364679,
              9.97464
            ],
            [
              77.4363452,
              9.9743663
            ],
            [
              77.436291,
              9.9742063
            ],
            [
              77.4360853,
              9.9738083
            ],
            [
              77.4357966,
              9.9733427
            ],
            [
              77.4357858,
              9.9732005
            ],
            [
              77.4350496,
              9.9720916
            ],
            [
              77.4347501,
              9.9719139
            ],
            [
              77.4347032,
              9.9718392
            ],
            [
              77.4343856,
              9.9715833
            ],
            [
              77.4342124,
              9.9715905
            ],
            [
              77.4337,
              9.9715229
            ],
            [
              77.4331947,
              9.9714945
            ],
            [
              77.4325776,
              9.9715656
            ],
            [
              77.4320472,
              9.9717148
            ],
            [
              77.4319039,
              9.9717551
            ],
            [
              77.4318805,
              9.9717617
            ],
            [
              77.431964,
              9.9718439
            ],
            [
              77.4320232,
              9.9719261
            ],
            [
              77.4326908,
              9.9718648
            ],
            [
              77.4327044,
              9.972334
            ],
            [
              77.4343567,
              9.9725253
            ],
            [
              77.4345965,
              9.9732217
            ],
            [
              77.4346481,
              9.973274
            ],
            [
              77.4348059,
              9.9733681
            ],
            [
              77.4356176,
              9.9738971
            ],
            [
              77.4356874,
              9.9738852
            ],
            [
              77.435827,
              9.9739584
            ],
            [
              77.4358103,
              9.9741706
            ],
            [
              77.4358149,
              9.9744485
            ],
            [
              77.4358391,
              9.9746174
            ],
            [
              77.4360197,
              9.9746398
            ],
            [
              77.4360333,
              9.974468
            ],
            [
              77.43627,
              9.9746324
            ],
            [
              77.4363459,
              9.9747908
            ],
            [
              77.4364294,
              9.9750089
            ],
            [
              77.4364263,
              9.9751688
            ],
            [
              77.4363778,
              9.9753227
            ],
            [
              77.4363732,
              9.97539
            ],
            [
              77.4363957,
              9.9756956
            ]
          ]
        ]
      },
      "properties": {
        "id": 887556729,
        "name": "OSM Waterbody",
        "type": "reservoir",
        "district": "Theni",
        "data_source_type": "OpenStreetMap Public Data"
      }
    },
    {
      "type": "Feature",
      "id": 887556730,
      "geometry": {
        "type": "Polygon",
        "coordinates": [
          [
            [
              77.4326895,
              9.9696824
            ],
            [
              77.4327441,
              9.9699036
            ],
            [
              77.4326227,
              9.9699693
            ],
            [
              77.432647,
              9.9701666
            ],
            [
              77.4327623,
              9.9702204
            ],
            [
              77.4326956,
              9.9705611
            ],
            [
              77.432732,
              9.9708122
            ],
            [
              77.4328837,
              9.9709317
            ],
            [
              77.4331993,
              9.9709078
            ],
            [
              77.4333571,
              9.9708958
            ],
            [
              77.4333692,
              9.9709975
            ],
            [
              77.4334092,
              9.9709849
            ],
            [
              77.4335028,
              9.9709556
            ],
            [
              77.4336423,
              9.9709735
            ],
            [
              77.4338669,
              9.9707882
            ],
            [
              77.4339519,
              9.9705312
            ],
            [
              77.4339701,
              9.9702264
            ],
            [
              77.4338062,
              9.9701546
            ],
            [
              77.4335574,
              9.9699275
            ],
            [
              77.433436,
              9.9698558
            ],
            [
              77.4331568,
              9.9697123
            ],
            [
              77.4329626,
              9.9696585
            ],
            [
              77.4326895,
              9.9696824
            ]
          ]
        ]
      },
      "properties": {
        "id": 887556730,
        "name": "OSM Waterbody",
        "type": "reservoir",
        "district": "Theni",
        "data_source_type": "OpenStreetMap Public Data"
      }
    },
    {
      "type": "Feature",
      "id": 887556734,
      "geometry": {
        "type": "Polygon",
        "coordinates": [
          [
            [
              77.4222404,
              9.9587409
            ],
            [
              77.423074,
              9.9576248
            ],
            [
              77.4231029,
              9.9575182
            ],
            [
              77.424236,
              9.9573867
            ],
            [
              77.4246654,
              9.9587374
            ],
            [
              77.4253944,
              9.9583606
            ],
            [
              77.4252428,
              9.9576533
            ],
            [
              77.4252284,
              9.957241
            ],
            [
              77.4254955,
              9.9570952
            ],
            [
              77.4259862,
              9.9570099
            ],
            [
              77.4262064,
              9.9570917
            ],
            [
              77.4266575,
              9.9570028
            ],
            [
              77.4269209,
              9.9574507
            ],
            [
              77.4274911,
              9.957767
            ],
            [
              77.4276571,
              9.9581473
            ],
            [
              77.4281082,
              9.9582149
            ],
            [
              77.4285268,
              9.9581047
            ],
            [
              77.4286242,
              9.9581509
            ],
            [
              77.4289418,
              9.9580727
            ],
            [
              77.4289634,
              9.958254
            ],
            [
              77.4288191,
              9.9584246
            ],
            [
              77.4266575,
              9.9591035
            ],
            [
              77.4259899,
              9.9593132
            ],
            [
              77.4249758,
              9.959434
            ],
            [
              77.4238751,
              9.9597859
            ],
            [
              77.4234673,
              9.9597823
            ],
            [
              77.4230126,
              9.9596082
            ],
            [
              77.4221502,
              9.9587871
            ],
            [
              77.4221892,
              9.9587663
            ],
            [
              77.4222404,
              9.9587409
            ]
          ]
        ]
      },
      "properties": {
        "id": 887556734,
        "name": "OSM Waterbody",
        "type": "reservoir",
        "district": "Theni",
        "data_source_type": "OpenStreetMap Public Data"
      }
    },
    {
      "type": "Feature",
      "id": 887556737,
      "geometry": {
        "type": "Polygon",
        "coordinates": [
          [
            [
              77.4174974,
              9.9363559
            ],
            [
              77.4175956,
              9.9363895
            ],
            [
              77.4178445,
              9.9363416
            ],
            [
              77.4175592,
              9.9342732
            ],
            [
              77.4174682,
              9.9345064
            ],
            [
              77.4172679,
              9.9345781
            ],
            [
              77.4169887,
              9.9346558
            ],
            [
              77.4165881,
              9.9345123
            ],
            [
              77.416139,
              9.9343449
            ],
            [
              77.415611,
              9.9340819
            ],
            [
              77.4154471,
              9.9339564
            ],
            [
              77.4143547,
              9.9322645
            ],
            [
              77.413238,
              9.9305249
            ],
            [
              77.4126614,
              9.9294129
            ],
            [
              77.4123944,
              9.9295205
            ],
            [
              77.4120181,
              9.9295146
            ],
            [
              77.4118056,
              9.9288629
            ],
            [
              77.4116479,
              9.9287553
            ],
            [
              77.4107982,
              9.9268542
            ],
            [
              77.410519,
              9.9261787
            ],
            [
              77.4103066,
              9.9251624
            ],
            [
              77.409906,
              9.9244809
            ],
            [
              77.4094387,
              9.923883
            ],
            [
              77.4092543,
              9.9236731
            ],
            [
              77.4092194,
              9.923694
            ],
            [
              77.4093803,
              9.9242649
            ],
            [
              77.4094379,
              9.924776
            ],
            [
              77.4095441,
              9.9251885
            ],
            [
              77.4099235,
              9.9262975
            ],
            [
              77.4104302,
              9.9278489
            ],
            [
              77.4109916,
              9.9292657
            ],
            [
              77.4113012,
              9.9298187
            ],
            [
              77.4114013,
              9.9303597
            ],
            [
              77.4120689,
              9.9313282
            ],
            [
              77.4133738,
              9.9324312
            ],
            [
              77.4136787,
              9.9325251
            ],
            [
              77.4137101,
              9.9325902
            ],
            [
              77.4137218,
              9.9327908
            ],
            [
              77.4148779,
              9.93401
            ],
            [
              77.4152803,
              9.9343759
            ],
            [
              77.4162887,
              9.9350251
            ],
            [
              77.4173391,
              9.9357533
            ],
            [
              77.4175457,
              9.9360755
            ],
            [
              77.4175398,
              9.9362216
            ],
            [
              77.4174974,
              9.9363559
            ]
          ]
        ]
      },
      "properties": {
        "id": 887556737,
        "name": "OSM Waterbody",
        "type": "reservoir",
        "district": "Theni",
        "data_source_type": "OpenStreetMap Public Data"
      }
    },
    {
      "type": "Feature",
      "id": 887556738,
      "geometry": {
        "type": "Polygon",
        "coordinates": [
          [
            [
              77.3950126,
              9.9177976
            ],
            [
              77.3954023,
              9.9173425
            ],
            [
              77.3955972,
              9.9169657
            ],
            [
              77.3955106,
              9.9164894
            ],
            [
              77.3953013,
              9.916013
            ],
            [
              77.3950559,
              9.9156576
            ],
            [
              77.3949548,
              9.915231
            ],
            [
              77.3950775,
              9.9150035
            ],
            [
              77.3950487,
              9.9146906
            ],
            [
              77.3948899,
              9.914392
            ],
            [
              77.3946806,
              9.9140152
            ],
            [
              77.3944208,
              9.9134393
            ],
            [
              77.3940871,
              9.912656
            ],
            [
              77.3938167,
              9.9121234
            ],
            [
              77.3936064,
              9.9116541
            ],
            [
              77.3934691,
              9.9112694
            ],
            [
              77.3933575,
              9.9109946
            ],
            [
              77.3932674,
              9.9109185
            ],
            [
              77.3930357,
              9.9109777
            ],
            [
              77.3927668,
              9.911097
            ],
            [
              77.3923748,
              9.9112567
            ],
            [
              77.3926108,
              9.9119289
            ],
            [
              77.3932073,
              9.9127617
            ],
            [
              77.3934945,
              9.9134619
            ],
            [
              77.3936322,
              9.9137975
            ],
            [
              77.3937566,
              9.9143047
            ],
            [
              77.3938811,
              9.9145711
            ],
            [
              77.3941815,
              9.9147867
            ],
            [
              77.3942716,
              9.91496
            ],
            [
              77.3948682,
              9.9173231
            ],
            [
              77.3948767,
              9.9176994
            ],
            [
              77.3948639,
              9.9178516
            ],
            [
              77.3949284,
              9.9178727
            ],
            [
              77.3949754,
              9.9178769
            ],
            [
              77.3950126,
              9.9177976
            ]
          ]
        ]
      },
      "properties": {
        "id": 887556738,
        "name": "OSM Waterbody",
        "type": "reservoir",
        "district": "Theni",
        "data_source_type": "OpenStreetMap Public Data"
      }
    },
    {
      "type": "Feature",
      "id": 887556741,
      "geometry": {
        "type": "Polygon",
        "coordinates": [
          [
            [
              77.3952496,
              9.890218
            ],
            [
              77.3947299,
              9.890641
            ],
            [
              77.394683,
              9.8907477
            ],
            [
              77.3946613,
              9.8914836
            ],
            [
              77.3947516,
              9.8919457
            ],
            [
              77.3952712,
              9.8935704
            ],
            [
              77.3959821,
              9.8946085
            ],
            [
              77.3975592,
              9.89645
            ],
            [
              77.3977396,
              9.8968553
            ],
            [
              77.3984902,
              9.89816
            ],
            [
              77.3989774,
              9.8989279
            ],
            [
              77.3995945,
              9.8995678
            ],
            [
              77.3998832,
              9.8996957
            ],
            [
              77.4006049,
              9.8997419
            ],
            [
              77.4014855,
              9.9000121
            ],
            [
              77.4020665,
              9.9002894
            ],
            [
              77.4021531,
              9.9004707
            ],
            [
              77.402366,
              9.9003499
            ],
            [
              77.4022252,
              9.9000868
            ],
            [
              77.4002224,
              9.8975698
            ],
            [
              77.398335,
              9.8942245
            ],
            [
              77.397902,
              9.8943454
            ],
            [
              77.3974689,
              9.8937304
            ],
            [
              77.3970251,
              9.8933073
            ],
            [
              77.3961409,
              9.892127
            ],
            [
              77.3957331,
              9.8916969
            ],
            [
              77.3953867,
              9.8907583
            ],
            [
              77.3952496,
              9.890218
            ]
          ]
        ]
      },
      "properties": {
        "id": 887556741,
        "name": "OSM Waterbody",
        "type": "reservoir",
        "district": "Theni",
        "data_source_type": "OpenStreetMap Public Data"
      }
    },
    {
      "type": "Feature",
      "id": 887556748,
      "geometry": {
        "type": "Polygon",
        "coordinates": [
          [
            [
              77.367785,
              9.8636485
            ],
            [
              77.3680657,
              9.8642619
            ],
            [
              77.3673512,
              9.8645485
            ],
            [
              77.3673869,
              9.8646138
            ],
            [
              77.367115,
              9.8647215
            ],
            [
              77.3672333,
              9.8649936
            ],
            [
              77.3679313,
              9.8659802
            ],
            [
              77.3689782,
              9.8683121
            ],
            [
              77.3698006,
              9.8698458
            ],
            [
              77.3718944,
              9.8727667
            ],
            [
              77.3719308,
              9.8721598
            ],
            [
              77.3712571,
              9.8706769
            ],
            [
              77.370668,
              9.8696386
            ],
            [
              77.3704798,
              9.8688314
            ],
            [
              77.3702007,
              9.8680541
            ],
            [
              77.3699882,
              9.8673784
            ],
            [
              77.3699093,
              9.8671691
            ],
            [
              77.3698669,
              9.8668163
            ],
            [
              77.3696909,
              9.8664636
            ],
            [
              77.3695148,
              9.8661287
            ],
            [
              77.368829,
              9.8651361
            ],
            [
              77.3687744,
              9.864885
            ],
            [
              77.3685741,
              9.8644904
            ],
            [
              77.3683496,
              9.863713
            ],
            [
              77.3682707,
              9.8635396
            ],
            [
              77.3681869,
              9.8635486
            ],
            [
              77.367785,
              9.8636485
            ]
          ]
        ]
      },
      "properties": {
        "id": 887556748,
        "name": "OSM Waterbody",
        "type": "reservoir",
        "district": "Theni",
        "data_source_type": "OpenStreetMap Public Data"
      }
    },
    {
      "type": "Feature",
      "id": 887556753,
      "geometry": {
        "type": "Polygon",
        "coordinates": [
          [
            [
              77.386966,
              9.862389
            ],
            [
              77.3879273,
              9.8637251
            ],
            [
              77.3899701,
              9.8666509
            ],
            [
              77.3906567,
              9.8674796
            ],
            [
              77.3910687,
              9.8676656
            ],
            [
              77.3913434,
              9.8676995
            ],
            [
              77.3914839,
              9.8676785
            ],
            [
              77.392325,
              9.8673149
            ],
            [
              77.3927027,
              9.8671543
            ],
            [
              77.392634,
              9.8666638
            ],
            [
              77.3923336,
              9.8660888
            ],
            [
              77.3911921,
              9.8648119
            ],
            [
              77.3905569,
              9.8640593
            ],
            [
              77.3898617,
              9.8630869
            ],
            [
              77.3893381,
              9.8634758
            ],
            [
              77.3877159,
              9.8616916
            ],
            [
              77.3866602,
              9.8596874
            ],
            [
              77.3862997,
              9.8598058
            ],
            [
              77.3859993,
              9.8591124
            ],
            [
              77.386437,
              9.8585205
            ],
            [
              77.3866774,
              9.85803
            ],
            [
              77.3864628,
              9.8574211
            ],
            [
              77.3863736,
              9.8571224
            ],
            [
              77.3862311,
              9.8571675
            ],
            [
              77.3861491,
              9.8580478
            ],
            [
              77.3861366,
              9.8581822
            ],
            [
              77.3860422,
              9.8583936
            ],
            [
              77.3858362,
              9.8586389
            ],
            [
              77.3858019,
              9.858901
            ],
            [
              77.3858448,
              9.8598988
            ],
            [
              77.3860165,
              9.8605331
            ],
            [
              77.3865572,
              9.8616155
            ],
            [
              77.386966,
              9.862389
            ]
          ]
        ]
      },
      "properties": {
        "id": 887556753,
        "name": "OSM Waterbody",
        "type": "reservoir",
        "district": "Theni",
        "data_source_type": "OpenStreetMap Public Data"
      }
    },
    {
      "type": "Feature",
      "id": 887556754,
      "geometry": {
        "type": "Polygon",
        "coordinates": [
          [
            [
              77.3858877,
              9.8564233
            ],
            [
              77.3858791,
              9.8567446
            ],
            [
              77.3859564,
              9.8569645
            ],
            [
              77.3855358,
              9.8571252
            ],
            [
              77.3854071,
              9.857066
            ],
            [
              77.3837763,
              9.8561358
            ],
            [
              77.3831583,
              9.8555946
            ],
            [
              77.3829094,
              9.8554846
            ],
            [
              77.3825575,
              9.8553409
            ],
            [
              77.3817335,
              9.8539878
            ],
            [
              77.3808151,
              9.8520936
            ],
            [
              77.3806692,
              9.8517131
            ],
            [
              77.3796478,
              9.8509942
            ],
            [
              77.3791414,
              9.8505207
            ],
            [
              77.3786951,
              9.8503093
            ],
            [
              77.3782746,
              9.8499118
            ],
            [
              77.3779484,
              9.8495735
            ],
            [
              77.3773733,
              9.8493368
            ],
            [
              77.3764464,
              9.8488463
            ],
            [
              77.3762404,
              9.848618
            ],
            [
              77.3762232,
              9.8479414
            ],
            [
              77.376412,
              9.846563
            ],
            [
              77.3765239,
              9.8464895
            ],
            [
              77.376618,
              9.8464277
            ],
            [
              77.3768154,
              9.8467237
            ],
            [
              77.3771158,
              9.847248
            ],
            [
              77.3775797,
              9.8472405
            ],
            [
              77.3774751,
              9.8469934
            ],
            [
              77.3768659,
              9.8461641
            ],
            [
              77.3765325,
              9.8458123
            ],
            [
              77.3766162,
              9.8457415
            ],
            [
              77.3769019,
              9.8461198
            ],
            [
              77.3778015,
              9.8472369
            ],
            [
              77.3786694,
              9.8485418
            ],
            [
              77.3792359,
              9.8493199
            ],
            [
              77.3806263,
              9.8507321
            ],
            [
              77.3808237,
              9.8506983
            ],
            [
              77.381241,
              9.8511869
            ],
            [
              77.3827377,
              9.8529392
            ],
            [
              77.3829389,
              9.8531735
            ],
            [
              77.3831154,
              9.853379
            ],
            [
              77.3829609,
              9.8535819
            ],
            [
              77.3834416,
              9.8540724
            ],
            [
              77.3847633,
              9.8550364
            ],
            [
              77.3850294,
              9.854918
            ],
            [
              77.3852354,
              9.8551041
            ],
            [
              77.3854157,
              9.8560005
            ],
            [
              77.3854843,
              9.8565417
            ],
            [
              77.3858877,
              9.8564233
            ]
          ]
        ]
      },
      "properties": {
        "id": 887556754,
        "name": "OSM Waterbody",
        "type": "reservoir",
        "district": "Theni",
        "data_source_type": "OpenStreetMap Public Data"
      }
    },
    {
      "type": "Feature",
      "id": 887580289,
      "geometry": {
        "type": "Polygon",
        "coordinates": [
          [
            [
              77.3331837,
              9.8189659
            ],
            [
              77.3332867,
              9.8195748
            ],
            [
              77.3336129,
              9.8201499
            ],
            [
              77.3339734,
              9.8209956
            ],
            [
              77.3340249,
              9.82152
            ],
            [
              77.3350205,
              9.8224164
            ],
            [
              77.3355154,
              9.8238369
            ],
            [
              77.3358102,
              9.824683
            ],
            [
              77.3365826,
              9.8257148
            ],
            [
              77.3375611,
              9.827643
            ],
            [
              77.3382821,
              9.8273893
            ],
            [
              77.3392434,
              9.8289961
            ],
            [
              77.3399644,
              9.8297911
            ],
            [
              77.3404053,
              9.8310476
            ],
            [
              77.3406507,
              9.8310405
            ],
            [
              77.3406162,
              9.830901
            ],
            [
              77.3405786,
              9.8307489
            ],
            [
              77.3406219,
              9.830436
            ],
            [
              77.3405136,
              9.8297462
            ],
            [
              77.3402754,
              9.8287008
            ],
            [
              77.3388897,
              9.8263825
            ],
            [
              77.3387164,
              9.826226
            ],
            [
              77.3384638,
              9.8257922
            ],
            [
              77.3381751,
              9.8246401
            ],
            [
              77.3380163,
              9.8240996
            ],
            [
              77.3378215,
              9.8231822
            ],
            [
              77.3372946,
              9.8215608
            ],
            [
              77.3366667,
              9.8207358
            ],
            [
              77.3358439,
              9.8191143
            ],
            [
              77.3354541,
              9.8185027
            ],
            [
              77.334985,
              9.8178698
            ],
            [
              77.3346602,
              9.8172297
            ],
            [
              77.3341406,
              9.8164901
            ],
            [
              77.3340612,
              9.8165612
            ],
            [
              77.3340179,
              9.8174715
            ],
            [
              77.3337653,
              9.8185952
            ],
            [
              77.3331837,
              9.8189659
            ]
          ]
        ]
      },
      "properties": {
        "id": 887580289,
        "name": "OSM Waterbody",
        "type": "reservoir",
        "district": "Theni",
        "data_source_type": "OpenStreetMap Public Data"
      }
    },
    {
      "type": "Feature",
      "id": 974414887,
      "geometry": {
        "type": "Polygon",
        "coordinates": [
          [
            [
              77.5175706,
              10.077776
            ],
            [
              77.5170819,
              10.0777846
            ],
            [
              77.516735,
              10.0776592
            ],
            [
              77.5150716,
              10.0777846
            ],
            [
              77.5150407,
              10.0778329
            ],
            [
              77.5151547,
              10.0780817
            ],
            [
              77.5151393,
              10.078288
            ],
            [
              77.5150777,
              10.078288
            ],
            [
              77.5150993,
              10.078109
            ],
            [
              77.514939,
              10.0777965
            ],
            [
              77.5147665,
              10.0778269
            ],
            [
              77.5146525,
              10.0784548
            ],
            [
              77.5143321,
              10.0788947
            ],
            [
              77.5140548,
              10.0791889
            ],
            [
              77.5139562,
              10.0794346
            ],
            [
              77.5138977,
              10.0799898
            ],
            [
              77.5138052,
              10.0807785
            ],
            [
              77.5136851,
              10.081279
            ],
            [
              77.5133585,
              10.0819706
            ],
            [
              77.5131181,
              10.0821739
            ],
            [
              77.5127669,
              10.082365
            ],
            [
              77.5126594,
              10.0823757
            ],
            [
              77.5125851,
              10.0823832
            ],
            [
              77.5121291,
              10.0828746
            ],
            [
              77.511972,
              10.0831628
            ],
            [
              77.5118303,
              10.0833539
            ],
            [
              77.5127145,
              10.0834136
            ],
            [
              77.5130473,
              10.0834803
            ],
            [
              77.5135279,
              10.0834197
            ],
            [
              77.5140702,
              10.0832316
            ],
            [
              77.5144954,
              10.0827826
            ],
            [
              77.51452,
              10.0821699
            ],
            [
              77.5146926,
              10.0813872
            ],
            [
              77.5150068,
              10.0807745
            ],
            [
              77.5152225,
              10.0803923
            ],
            [
              77.5153273,
              10.0796399
            ],
            [
              77.515204,
              10.0787117
            ],
            [
              77.5150949,
              10.0783495
            ],
            [
              77.5151646,
              10.0783522
            ],
            [
              77.5153014,
              10.0787127
            ],
            [
              77.5154168,
              10.0796992
            ],
            [
              77.5153417,
              10.0804598
            ],
            [
              77.5156448,
              10.0805654
            ],
            [
              77.5161034,
              10.0807661
            ],
            [
              77.5175921,
              10.0810434
            ],
            [
              77.5180105,
              10.0811332
            ],
            [
              77.5186703,
              10.0811992
            ],
            [
              77.5189466,
              10.081149
            ],
            [
              77.5190995,
              10.080848
            ],
            [
              77.5189573,
              10.0805443
            ],
            [
              77.5182921,
              10.0796517
            ],
            [
              77.5181607,
              10.0793718
            ],
            [
              77.5180615,
              10.0792899
            ],
            [
              77.5179971,
              10.0790364
            ],
            [
              77.517922,
              10.0787327
            ],
            [
              77.5179515,
              10.0786561
            ],
            [
              77.5176833,
              10.0781464
            ],
            [
              77.5176457,
              10.078091
            ],
            [
              77.5176135,
              10.0779563
            ],
            [
              77.5175572,
              10.0779457
            ],
            [
              77.5175706,
              10.077776
            ]
          ]
        ]
      },
      "properties": {
        "id": 974414887,
        "name": "OSM Waterbody",
        "type": "reservoir",
        "district": "Theni",
        "data_source_type": "OpenStreetMap Public Data"
      }
    },
    {
      "type": "Feature",
      "id": 974414895,
      "geometry": {
        "type": "Polygon",
        "coordinates": [
          [
            [
              77.5238619,
              10.1228012
            ],
            [
              77.5250849,
              10.1223259
            ],
            [
              77.5272307,
              10.122854
            ],
            [
              77.5279281,
              10.123456
            ],
            [
              77.5285718,
              10.1235511
            ],
            [
              77.5290224,
              10.123456
            ],
            [
              77.5291726,
              10.1231286
            ],
            [
              77.529516,
              10.1225477
            ],
            [
              77.5298807,
              10.1210902
            ],
            [
              77.5299773,
              10.1198016
            ],
            [
              77.5293121,
              10.1184814
            ],
            [
              77.5294623,
              10.1174674
            ],
            [
              77.5294087,
              10.1162845
            ],
            [
              77.5291297,
              10.1153973
            ],
            [
              77.5288186,
              10.1144995
            ],
            [
              77.5282285,
              10.1136651
            ],
            [
              77.5273916,
              10.1127356
            ],
            [
              77.5262973,
              10.111616
            ],
            [
              77.5259433,
              10.1111407
            ],
            [
              77.5251493,
              10.111183
            ],
            [
              77.5248167,
              10.1118062
            ],
            [
              77.5251708,
              10.1145734
            ],
            [
              77.5239906,
              10.1149326
            ],
            [
              77.5241301,
              10.116031
            ],
            [
              77.523422,
              10.1162
            ],
            [
              77.5235615,
              10.1167915
            ],
            [
              77.5231752,
              10.1169816
            ],
            [
              77.5234327,
              10.1177526
            ],
            [
              77.5243661,
              10.1184497
            ],
            [
              77.5243768,
              10.1188088
            ],
            [
              77.524688,
              10.1194848
            ],
            [
              77.5244841,
              10.1196432
            ],
            [
              77.5237009,
              10.1197277
            ],
            [
              77.5237546,
              10.1199389
            ],
            [
              77.5235722,
              10.1200023
            ],
            [
              77.5239584,
              10.1213014
            ],
            [
              77.5235078,
              10.1217345
            ],
            [
              77.5227782,
              10.1219035
            ],
            [
              77.522925,
              10.1221486
            ],
            [
              77.5232396,
              10.1226745
            ],
            [
              77.5235507,
              10.1226533
            ],
            [
              77.5236473,
              10.1228118
            ],
            [
              77.5238619,
              10.1228012
            ]
          ]
        ]
      },
      "properties": {
        "id": 974414895,
        "name": "OSM Waterbody",
        "type": "reservoir",
        "district": "Theni",
        "data_source_type": "OpenStreetMap Public Data"
      }
    },
    {
      "type": "Feature",
      "id": 974414896,
      "geometry": {
        "type": "Polygon",
        "coordinates": [
          [
            [
              77.5250651,
              10.1094578
            ],
            [
              77.5249777,
              10.1094614
            ],
            [
              77.5252781,
              10.1086481
            ],
            [
              77.524924,
              10.1071271
            ],
            [
              77.524409,
              10.1071799
            ],
            [
              77.5239906,
              10.1056272
            ],
            [
              77.5237117,
              10.1040534
            ],
            [
              77.5234971,
              10.1039372
            ],
            [
              77.5229499,
              10.1012121
            ],
            [
              77.523025,
              10.1010326
            ],
            [
              77.5244519,
              10.1001242
            ],
            [
              77.5251171,
              10.0986771
            ],
            [
              77.5254497,
              10.098656
            ],
            [
              77.5260398,
              10.0982335
            ],
            [
              77.5266621,
              10.097811
            ],
            [
              77.5273165,
              10.0977053
            ],
            [
              77.5271342,
              10.0971138
            ],
            [
              77.5277242,
              10.0968375
            ],
            [
              77.5280139,
              10.0967019
            ],
            [
              77.5281212,
              10.097568
            ],
            [
              77.5280568,
              10.098244
            ],
            [
              77.5278959,
              10.0988039
            ],
            [
              77.5277135,
              10.0991947
            ],
            [
              77.5277993,
              10.1012121
            ],
            [
              77.5277457,
              10.1029655
            ],
            [
              77.5280461,
              10.1040746
            ],
            [
              77.52825,
              10.104402
            ],
            [
              77.5282714,
              10.1048456
            ],
            [
              77.5285611,
              10.1059124
            ],
            [
              77.5285289,
              10.1063138
            ],
            [
              77.5284753,
              10.1064617
            ],
            [
              77.5280139,
              10.1067257
            ],
            [
              77.5269303,
              10.1069898
            ],
            [
              77.5261042,
              10.1077291
            ],
            [
              77.5262007,
              10.1086903
            ],
            [
              77.5259647,
              10.1091128
            ],
            [
              77.5254068,
              10.1092184
            ],
            [
              77.5250651,
              10.1094578
            ]
          ]
        ]
      },
      "properties": {
        "id": 974414896,
        "name": "OSM Waterbody",
        "type": "reservoir",
        "district": "Theni",
        "data_source_type": "OpenStreetMap Public Data"
      }
    },
    {
      "type": "Feature",
      "id": 974414899,
      "geometry": {
        "type": "Polygon",
        "coordinates": [
          [
            [
              77.5553049,
              10.1146281
            ],
            [
              77.55594,
              10.1110053
            ],
            [
              77.5558618,
              10.1106825
            ],
            [
              77.5548868,
              10.1104405
            ],
            [
              77.5537762,
              10.1102985
            ],
            [
              77.5536845,
              10.1123376
            ],
            [
              77.5523204,
              10.1128018
            ],
            [
              77.5517257,
              10.1127397
            ],
            [
              77.5517134,
              10.1134737
            ],
            [
              77.5515408,
              10.1145657
            ],
            [
              77.5518921,
              10.115876
            ],
            [
              77.5520523,
              10.1158639
            ],
            [
              77.552231,
              10.1164644
            ],
            [
              77.5531245,
              10.1168951
            ],
            [
              77.5534511,
              10.1188363
            ],
            [
              77.5531306,
              10.1190911
            ],
            [
              77.5532416,
              10.1192246
            ],
            [
              77.5535558,
              10.1193277
            ],
            [
              77.5539071,
              10.1193216
            ],
            [
              77.5542275,
              10.1195582
            ],
            [
              77.5549546,
              10.1197887
            ],
            [
              77.5551456,
              10.1197705
            ],
            [
              77.5559344,
              10.1191396
            ],
            [
              77.5562363,
              10.1183025
            ],
            [
              77.5561809,
              10.1172834
            ],
            [
              77.555996,
              10.1164948
            ],
            [
              77.5559036,
              10.116064
            ],
            [
              77.5555647,
              10.1155302
            ],
            [
              77.5553049,
              10.1146281
            ]
          ]
        ]
      },
      "properties": {
        "id": 974414899,
        "name": "OSM Waterbody",
        "type": "reservoir",
        "district": "Theni",
        "data_source_type": "OpenStreetMap Public Data"
      }
    },
    {
      "type": "Feature",
      "id": 974414904,
      "geometry": {
        "type": "Polygon",
        "coordinates": [
          [
            [
              77.5162219,
              10.0943614
            ],
            [
              77.5174828,
              10.0942879
            ],
            [
              77.5189399,
              10.0932856
            ],
            [
              77.5189679,
              10.0926879
            ],
            [
              77.5184355,
              10.0900855
            ],
            [
              77.5183403,
              10.0901171
            ],
            [
              77.5175856,
              10.0901683
            ],
            [
              77.5167917,
              10.0914189
            ],
            [
              77.5167823,
              10.0933316
            ],
            [
              77.5153626,
              10.0935247
            ],
            [
              77.5152225,
              10.0911706
            ],
            [
              77.5141298,
              10.0915017
            ],
            [
              77.5142232,
              10.0921729
            ],
            [
              77.5149399,
              10.0939307
            ],
            [
              77.5160725,
              10.0940396
            ],
            [
              77.5162219,
              10.0943614
            ]
          ]
        ]
      },
      "properties": {
        "id": 974414904,
        "name": "OSM Waterbody",
        "type": "reservoir",
        "district": "Theni",
        "data_source_type": "OpenStreetMap Public Data"
      }
    },
    {
      "type": "Feature",
      "id": 977532860,
      "geometry": {
        "type": "Polygon",
        "coordinates": [
          [
            [
              77.5611663,
              10.0252288
            ],
            [
              77.561043,
              10.0255201
            ],
            [
              77.5612772,
              10.0255322
            ],
            [
              77.5612772,
              10.0256536
            ],
            [
              77.5610307,
              10.0257385
            ],
            [
              77.5610677,
              10.0259084
            ],
            [
              77.5609814,
              10.0260055
            ],
            [
              77.561043,
              10.0264788
            ],
            [
              77.5612649,
              10.0264303
            ],
            [
              77.5612156,
              10.0267943
            ],
            [
              77.5612649,
              10.0269643
            ],
            [
              77.5613758,
              10.0269643
            ],
            [
              77.5614867,
              10.0268186
            ],
            [
              77.5614744,
              10.0271463
            ],
            [
              77.5618071,
              10.0271342
            ],
            [
              77.5617578,
              10.0269036
            ],
            [
              77.5615607,
              10.0266973
            ],
            [
              77.5616962,
              10.0266244
            ],
            [
              77.5618318,
              10.026855
            ],
            [
              77.5620413,
              10.0267579
            ],
            [
              77.561992,
              10.0263939
            ],
            [
              77.5616346,
              10.0263817
            ],
            [
              77.5618195,
              10.0262725
            ],
            [
              77.5616469,
              10.0261633
            ],
            [
              77.5613758,
              10.0261997
            ],
            [
              77.5614374,
              10.0260905
            ],
            [
              77.56161,
              10.0260662
            ],
            [
              77.5616839,
              10.0258113
            ],
            [
              77.5614128,
              10.0254715
            ],
            [
              77.5613758,
              10.0252288
            ],
            [
              77.5611663,
              10.0252288
            ]
          ]
        ]
      },
      "properties": {
        "id": 977532860,
        "name": "OSM Waterbody",
        "type": "pond",
        "district": "Theni",
        "data_source_type": "OpenStreetMap Public Data"
      }
    },
    {
      "type": "Feature",
      "id": 977532873,
      "geometry": {
        "type": "Polygon",
        "coordinates": [
          [
            [
              77.3754071,
              9.9624906
            ],
            [
              77.3786664,
              9.9637427
            ],
            [
              77.3791803,
              9.9636627
            ],
            [
              77.3806545,
              9.9611985
            ],
            [
              77.3808979,
              9.9605059
            ],
            [
              77.3808303,
              9.9591871
            ],
            [
              77.3804381,
              9.9592537
            ],
            [
              77.3802352,
              9.9604925
            ],
            [
              77.3796266,
              9.9609454
            ],
            [
              77.3785447,
              9.9610919
            ],
            [
              77.3784095,
              9.9607057
            ],
            [
              77.3780984,
              9.9607589
            ],
            [
              77.3779902,
              9.9609721
            ],
            [
              77.3773816,
              9.9612118
            ],
            [
              77.3766919,
              9.9614916
            ],
            [
              77.3761104,
              9.9616514
            ],
            [
              77.376262,
              9.9621945
            ],
            [
              77.3759481,
              9.9622908
            ],
            [
              77.3757182,
              9.9622908
            ],
            [
              77.3754071,
              9.9624906
            ]
          ]
        ]
      },
      "properties": {
        "id": 977532873,
        "name": "OSM Waterbody",
        "type": "reservoir",
        "district": "Theni",
        "data_source_type": "OpenStreetMap Public Data"
      }
    },
    {
      "type": "Feature",
      "id": 977532876,
      "geometry": {
        "type": "Polygon",
        "coordinates": [
          [
            [
              77.3973148,
              9.9649027
            ],
            [
              77.3972928,
              9.9647889
            ],
            [
              77.39713,
              9.9642229
            ],
            [
              77.3980173,
              9.9640287
            ],
            [
              77.3975613,
              9.9621715
            ],
            [
              77.397968,
              9.9622808
            ],
            [
              77.3987321,
              9.9620501
            ],
            [
              77.3986582,
              9.9608606
            ],
            [
              77.3989786,
              9.960812
            ],
            [
              77.3989909,
              9.9600959
            ],
            [
              77.3993483,
              9.960023
            ],
            [
              77.3998413,
              9.959234
            ],
            [
              77.3995702,
              9.9584693
            ],
            [
              77.4004822,
              9.9583479
            ],
            [
              77.4007903,
              9.9575468
            ],
            [
              77.4008149,
              9.9564422
            ],
            [
              77.4012907,
              9.9562934
            ],
            [
              77.4015913,
              9.9561994
            ],
            [
              77.4019611,
              9.9579231
            ],
            [
              77.4020966,
              9.9590884
            ],
            [
              77.4023554,
              9.9602537
            ],
            [
              77.4023801,
              9.9609941
            ],
            [
              77.4020473,
              9.9613461
            ],
            [
              77.4004452,
              9.9626207
            ],
            [
              77.3994223,
              9.9632154
            ],
            [
              77.3973148,
              9.9649027
            ]
          ]
        ]
      },
      "properties": {
        "id": 977532876,
        "name": "OSM Waterbody",
        "type": "reservoir",
        "district": "Theni",
        "data_source_type": "OpenStreetMap Public Data"
      }
    },
    {
      "type": "Feature",
      "id": 977532882,
      "geometry": {
        "type": "Polygon",
        "coordinates": [
          [
            [
              77.3740273,
              9.9696335
            ],
            [
              77.3737054,
              9.9672031
            ],
            [
              77.3744994,
              9.9671397
            ],
            [
              77.3744243,
              9.966157
            ],
            [
              77.3746925,
              9.9661147
            ],
            [
              77.374671,
              9.9653539
            ],
            [
              77.3748554,
              9.9652854
            ],
            [
              77.3749714,
              9.9654278
            ],
            [
              77.3753791,
              9.9665057
            ],
            [
              77.3756259,
              9.9670129
            ],
            [
              77.3757332,
              9.968059
            ],
            [
              77.3754971,
              9.9687036
            ],
            [
              77.3750358,
              9.9692108
            ],
            [
              77.3743813,
              9.9694961
            ],
            [
              77.3740273,
              9.9696335
            ]
          ]
        ]
      },
      "properties": {
        "id": 977532882,
        "name": "OSM Waterbody",
        "type": "reservoir",
        "district": "Theni",
        "data_source_type": "OpenStreetMap Public Data"
      }
    },
    {
      "type": "Feature",
      "id": 977532883,
      "geometry": {
        "type": "Polygon",
        "coordinates": [
          [
            [
              77.3862174,
              9.9649749
            ],
            [
              77.386926,
              9.96472
            ],
            [
              77.3874251,
              9.9641374
            ],
            [
              77.3881338,
              9.9627961
            ],
            [
              77.3882139,
              9.9618979
            ],
            [
              77.387992,
              9.9611635
            ],
            [
              77.387764,
              9.9604413
            ],
            [
              77.3876716,
              9.9602228
            ],
            [
              77.3875785,
              9.9602329
            ],
            [
              77.3875792,
              9.9604049
            ],
            [
              77.3877517,
              9.9609572
            ],
            [
              77.3877887,
              9.9621771
            ],
            [
              77.3873758,
              9.9628143
            ],
            [
              77.3870801,
              9.9637793
            ],
            [
              77.3868139,
              9.9645683
            ],
            [
              77.3862401,
              9.9648762
            ],
            [
              77.3862174,
              9.9649749
            ]
          ]
        ]
      },
      "properties": {
        "id": 977532883,
        "name": "OSM Waterbody",
        "type": "reservoir",
        "district": "Theni",
        "data_source_type": "OpenStreetMap Public Data"
      }
    },
    {
      "type": "Feature",
      "id": 977532888,
      "geometry": {
        "type": "Polygon",
        "coordinates": [
          [
            [
              77.3628586,
              9.9563384
            ],
            [
              77.363084,
              9.9566493
            ],
            [
              77.3634673,
              9.9568936
            ],
            [
              77.3639633,
              9.9569713
            ],
            [
              77.3644819,
              9.9570268
            ],
            [
              77.3649553,
              9.9570157
            ],
            [
              77.365643,
              9.9568269
            ],
            [
              77.3668041,
              9.955761
            ],
            [
              77.367334,
              9.9551392
            ],
            [
              77.3674129,
              9.9541177
            ],
            [
              77.3668605,
              9.9542177
            ],
            [
              77.3666238,
              9.95404
            ],
            [
              77.3659925,
              9.9541621
            ],
            [
              77.3646397,
              9.9541955
            ],
            [
              77.3644819,
              9.9546396
            ],
            [
              77.3637266,
              9.9551059
            ],
            [
              77.3636477,
              9.95565
            ],
            [
              77.3628586,
              9.9563384
            ]
          ]
        ]
      },
      "properties": {
        "id": 977532888,
        "name": "OSM Waterbody",
        "type": "reservoir",
        "district": "Theni",
        "data_source_type": "OpenStreetMap Public Data"
      }
    },
    {
      "type": "Feature",
      "id": 977532889,
      "geometry": {
        "type": "Polygon",
        "coordinates": [
          [
            [
              77.3596345,
              9.9529408
            ],
            [
              77.3609083,
              9.9528297
            ],
            [
              77.3618214,
              9.9525299
            ],
            [
              77.3621709,
              9.9521302
            ],
            [
              77.3627571,
              9.9508311
            ],
            [
              77.36314,
              9.9496104
            ],
            [
              77.3631855,
              9.9494654
            ],
            [
              77.3629487,
              9.9494876
            ],
            [
              77.3623851,
              9.9496542
            ],
            [
              77.3613818,
              9.9499539
            ],
            [
              77.3601643,
              9.950176
            ],
            [
              77.3596232,
              9.9506535
            ],
            [
              77.3591046,
              9.9506868
            ],
            [
              77.3590665,
              9.9508121
            ],
            [
              77.359037,
              9.9509088
            ],
            [
              77.3588679,
              9.9510976
            ],
            [
              77.358789,
              9.9513308
            ],
            [
              77.3589919,
              9.9521635
            ],
            [
              77.3594203,
              9.9528964
            ],
            [
              77.3596345,
              9.9529408
            ]
          ]
        ]
      },
      "properties": {
        "id": 977532889,
        "name": "OSM Waterbody",
        "type": "reservoir",
        "district": "Theni",
        "data_source_type": "OpenStreetMap Public Data"
      }
    },
    {
      "type": "Feature",
      "id": 977532927,
      "geometry": {
        "type": "Polygon",
        "coordinates": [
          [
            [
              77.3259955,
              9.9286541
            ],
            [
              77.326532,
              9.928485
            ],
            [
              77.3265213,
              9.9281256
            ],
            [
              77.3274654,
              9.9280834
            ],
            [
              77.3273688,
              9.9273647
            ],
            [
              77.3274225,
              9.9267095
            ],
            [
              77.3277336,
              9.9266144
            ],
            [
              77.3277336,
              9.9257055
            ],
            [
              77.3277229,
              9.9254942
            ],
            [
              77.3274868,
              9.9255153
            ],
            [
              77.3276049,
              9.9237398
            ],
            [
              77.3286992,
              9.9234862
            ],
            [
              77.3286777,
              9.9223448
            ],
            [
              77.3284846,
              9.922218
            ],
            [
              77.3288709,
              9.9222286
            ],
            [
              77.3290318,
              9.9225879
            ],
            [
              77.3294288,
              9.9229472
            ],
            [
              77.3295361,
              9.9241943
            ],
            [
              77.3295253,
              9.9255259
            ],
            [
              77.3295146,
              9.9267095
            ],
            [
              77.3294288,
              9.9276712
            ],
            [
              77.3290854,
              9.9278086
            ],
            [
              77.3282271,
              9.9281996
            ],
            [
              77.3274332,
              9.9286223
            ],
            [
              77.3267036,
              9.9286752
            ],
            [
              77.3259955,
              9.9286541
            ]
          ]
        ]
      },
      "properties": {
        "id": 977532927,
        "name": "OSM Waterbody",
        "type": "reservoir",
        "district": "Theni",
        "data_source_type": "OpenStreetMap Public Data"
      }
    },
    {
      "type": "Feature",
      "id": 977532938,
      "geometry": {
        "type": "Polygon",
        "coordinates": [
          [
            [
              77.3237363,
              9.8927208
            ],
            [
              77.3250048,
              9.8927208
            ],
            [
              77.3262244,
              9.8929611
            ],
            [
              77.3277205,
              9.8924324
            ],
            [
              77.328537,
              9.8921855
            ],
            [
              77.3288263,
              9.8919679
            ],
            [
              77.3287938,
              9.8909906
            ],
            [
              77.3277042,
              9.8909265
            ],
            [
              77.3266472,
              9.8909265
            ],
            [
              77.3266797,
              9.8904459
            ],
            [
              77.325021,
              9.8909906
            ],
            [
              77.323655,
              9.8915033
            ],
            [
              77.323655,
              9.8923203
            ],
            [
              77.3237363,
              9.8925446
            ],
            [
              77.3237363,
              9.8927208
            ]
          ]
        ]
      },
      "properties": {
        "id": 977532938,
        "name": "OSM Waterbody",
        "type": "reservoir",
        "district": "Theni",
        "data_source_type": "OpenStreetMap Public Data"
      }
    },
    {
      "type": "Feature",
      "id": 977532940,
      "geometry": {
        "type": "Polygon",
        "coordinates": [
          [
            [
              77.3088337,
              9.8644788
            ],
            [
              77.3099379,
              9.8644928
            ],
            [
              77.3115801,
              9.8636978
            ],
            [
              77.3123446,
              9.8636838
            ],
            [
              77.3132506,
              9.8634147
            ],
            [
              77.3133355,
              9.8631817
            ],
            [
              77.3132931,
              9.8624286
            ],
            [
              77.3131657,
              9.8624844
            ],
            [
              77.3129958,
              9.8627075
            ],
            [
              77.3122172,
              9.8626517
            ],
            [
              77.3118066,
              9.8624844
            ],
            [
              77.3114385,
              9.862052
            ],
            [
              77.31049,
              9.8617172
            ],
            [
              77.3106174,
              9.8624425
            ],
            [
              77.3091593,
              9.8625959
            ],
            [
              77.3088195,
              9.863098
            ],
            [
              77.3088337,
              9.8644788
            ]
          ]
        ]
      },
      "properties": {
        "id": 977532940,
        "name": "OSM Waterbody",
        "type": "reservoir",
        "district": "Theni",
        "data_source_type": "OpenStreetMap Public Data"
      }
    },
    {
      "type": "Feature",
      "id": 977532941,
      "geometry": {
        "type": "Polygon",
        "coordinates": [
          [
            [
              77.306639,
              9.8585828
            ],
            [
              77.3094392,
              9.8598565
            ],
            [
              77.3096849,
              9.8598646
            ],
            [
              77.3116748,
              9.859066
            ],
            [
              77.3120087,
              9.8589263
            ],
            [
              77.3119765,
              9.8585651
            ],
            [
              77.3117641,
              9.8582861
            ],
            [
              77.3110705,
              9.8581606
            ],
            [
              77.3108156,
              9.8581606
            ],
            [
              77.3096689,
              9.8582303
            ],
            [
              77.3090319,
              9.8580072
            ],
            [
              77.3082674,
              9.8579514
            ],
            [
              77.3075171,
              9.8578258
            ],
            [
              77.3070075,
              9.8580629
            ],
            [
              77.3065828,
              9.8582722
            ],
            [
              77.3065452,
              9.8583555
            ],
            [
              77.3065261,
              9.8583977
            ],
            [
              77.306639,
              9.8585828
            ]
          ]
        ]
      },
      "properties": {
        "id": 977532941,
        "name": "OSM Waterbody",
        "type": "reservoir",
        "district": "Theni",
        "data_source_type": "OpenStreetMap Public Data"
      }
    },
    {
      "type": "Feature",
      "id": 977615526,
      "geometry": {
        "type": "Polygon",
        "coordinates": [
          [
            [
              77.3018074,
              9.8473213
            ],
            [
              77.3022938,
              9.8474255
            ],
            [
              77.3053139,
              9.8474467
            ],
            [
              77.3064673,
              9.8471824
            ],
            [
              77.3068321,
              9.84723
            ],
            [
              77.3075348,
              9.8470344
            ],
            [
              77.3079854,
              9.847008
            ],
            [
              77.3086131,
              9.8468389
            ],
            [
              77.3095035,
              9.8464266
            ],
            [
              77.3094369,
              9.8462521
            ],
            [
              77.3089219,
              9.8461147
            ],
            [
              77.3088254,
              9.8440111
            ],
            [
              77.308761,
              9.8430809
            ],
            [
              77.3079885,
              9.8432606
            ],
            [
              77.3079456,
              9.8429223
            ],
            [
              77.3065616,
              9.8429857
            ],
            [
              77.3063577,
              9.8427215
            ],
            [
              77.3057784,
              9.8427003
            ],
            [
              77.3057462,
              9.8429752
            ],
            [
              77.3045231,
              9.8428483
            ],
            [
              77.304212,
              9.8429857
            ],
            [
              77.3038365,
              9.8430492
            ],
            [
              77.3031391,
              9.8434297
            ],
            [
              77.302828,
              9.8444128
            ],
            [
              77.3021628,
              9.8447194
            ],
            [
              77.3021735,
              9.8458927
            ],
            [
              77.3021091,
              9.8466221
            ],
            [
              77.3018074,
              9.8473213
            ]
          ]
        ]
      },
      "properties": {
        "id": 977615526,
        "name": "OSM Waterbody",
        "type": "reservoir",
        "district": "Theni",
        "data_source_type": "OpenStreetMap Public Data"
      }
    },
    {
      "type": "Feature",
      "id": 977615527,
      "geometry": {
        "type": "Polygon",
        "coordinates": [
          [
            [
              77.2997343,
              9.8613423
            ],
            [
              77.3013581,
              9.8615372
            ],
            [
              77.3023452,
              9.8607338
            ],
            [
              77.3033,
              9.8594231
            ],
            [
              77.3039223,
              9.857753
            ],
            [
              77.3044704,
              9.8562976
            ],
            [
              77.3045553,
              9.8560723
            ],
            [
              77.3045868,
              9.8556843
            ],
            [
              77.3046197,
              9.8552795
            ],
            [
              77.3036265,
              9.8553328
            ],
            [
              77.3035146,
              9.8556917
            ],
            [
              77.3026456,
              9.8558291
            ],
            [
              77.3026027,
              9.8569602
            ],
            [
              77.3011972,
              9.8570342
            ],
            [
              77.3011113,
              9.8593702
            ],
            [
              77.3008968,
              9.859328
            ],
            [
              77.3006171,
              9.8608034
            ],
            [
              77.3005642,
              9.8610826
            ],
            [
              77.2998612,
              9.8610132
            ],
            [
              77.2997931,
              9.8611897
            ],
            [
              77.2997343,
              9.8613423
            ]
          ]
        ]
      },
      "properties": {
        "id": 977615527,
        "name": "OSM Waterbody",
        "type": "reservoir",
        "district": "Theni",
        "data_source_type": "OpenStreetMap Public Data"
      }
    },
    {
      "type": "Feature",
      "id": 977615528,
      "geometry": {
        "type": "Polygon",
        "coordinates": [
          [
            [
              77.292882,
              9.8639494
            ],
            [
              77.2929249,
              9.863294
            ],
            [
              77.2958431,
              9.8628607
            ],
            [
              77.2958753,
              9.8622793
            ],
            [
              77.2962294,
              9.8623322
            ],
            [
              77.2979674,
              9.8618776
            ],
            [
              77.2983108,
              9.8603238
            ],
            [
              77.2987506,
              9.8603872
            ],
            [
              77.2991047,
              9.8608206
            ],
            [
              77.2992133,
              9.8612699
            ],
            [
              77.2992656,
              9.8614865
            ],
            [
              77.2991262,
              9.8619093
            ],
            [
              77.2987506,
              9.8626704
            ],
            [
              77.2981069,
              9.8635055
            ],
            [
              77.2975168,
              9.8641608
            ],
            [
              77.2965941,
              9.8644356
            ],
            [
              77.2956286,
              9.8646153
            ],
            [
              77.2947595,
              9.8646365
            ],
            [
              77.2938476,
              9.8645519
            ],
            [
              77.2925708,
              9.8644251
            ],
            [
              77.2926385,
              9.8643216
            ],
            [
              77.292882,
              9.8639494
            ]
          ]
        ]
      },
      "properties": {
        "id": 977615528,
        "name": "OSM Waterbody",
        "type": "reservoir",
        "district": "Theni",
        "data_source_type": "OpenStreetMap Public Data"
      }
    },
    {
      "type": "Feature",
      "id": 977615545,
      "geometry": {
        "type": "Polygon",
        "coordinates": [
          [
            [
              77.3495407,
              9.9527148
            ],
            [
              77.3502763,
              9.9526113
            ],
            [
              77.3507694,
              9.9548645
            ],
            [
              77.3511009,
              9.9545063
            ],
            [
              77.3513514,
              9.9537977
            ],
            [
              77.3514161,
              9.953089
            ],
            [
              77.3511817,
              9.9524441
            ],
            [
              77.3507775,
              9.9515763
            ],
            [
              77.3503976,
              9.9510428
            ],
            [
              77.3503194,
              9.951289
            ],
            [
              77.3502602,
              9.951839
            ],
            [
              77.3495407,
              9.9527148
            ]
          ]
        ]
      },
      "properties": {
        "id": 977615545,
        "name": "OSM Waterbody",
        "type": "reservoir",
        "district": "Theni",
        "data_source_type": "OpenStreetMap Public Data"
      }
    },
    {
      "type": "Feature",
      "id": 980669896,
      "geometry": {
        "type": "Polygon",
        "coordinates": [
          [
            [
              77.4545168,
              10.0069597
            ],
            [
              77.454798,
              10.0071055
            ],
            [
              77.4552864,
              10.0086284
            ],
            [
              77.4562409,
              10.0087742
            ],
            [
              77.4562261,
              10.0089345
            ],
            [
              77.4554788,
              10.0089345
            ],
            [
              77.4555528,
              10.0098016
            ],
            [
              77.4550718,
              10.010523
            ],
            [
              77.4531627,
              10.0109966
            ],
            [
              77.4535105,
              10.0119002
            ],
            [
              77.4543984,
              10.0116379
            ],
            [
              77.4546722,
              10.0117545
            ],
            [
              77.4551606,
              10.0128912
            ],
            [
              77.4567441,
              10.0131025
            ],
            [
              77.4574692,
              10.0138749
            ],
            [
              77.4577948,
              10.0151574
            ],
            [
              77.4580316,
              10.0162795
            ],
            [
              77.4579502,
              10.0172341
            ],
            [
              77.4565369,
              10.0183052
            ],
            [
              77.4569365,
              10.0182834
            ],
            [
              77.4580538,
              10.0177223
            ],
            [
              77.4585347,
              10.0172997
            ],
            [
              77.4589491,
              10.0166512
            ],
            [
              77.4591711,
              10.0157549
            ],
            [
              77.4591637,
              10.014487
            ],
            [
              77.4589491,
              10.0135543
            ],
            [
              77.4588011,
              10.0130005
            ],
            [
              77.4582536,
              10.0123957
            ],
            [
              77.457928,
              10.0121188
            ],
            [
              77.4573138,
              10.0112808
            ],
            [
              77.4571066,
              10.0105011
            ],
            [
              77.457077,
              10.0100202
            ],
            [
              77.4569735,
              10.0091312
            ],
            [
              77.4568921,
              10.0090511
            ],
            [
              77.4563371,
              10.0089855
            ],
            [
              77.4563519,
              10.0087815
            ],
            [
              77.4568847,
              10.0088689
            ],
            [
              77.4565739,
              10.0078706
            ],
            [
              77.4564037,
              10.0070909
            ],
            [
              77.4560337,
              10.0069524
            ],
            [
              77.455316,
              10.0068723
            ],
            [
              77.4544502,
              10.006763
            ],
            [
              77.4545168,
              10.0069597
            ]
          ]
        ]
      },
      "properties": {
        "id": 980669896,
        "name": "OSM Waterbody",
        "type": "reservoir",
        "district": "Theni",
        "data_source_type": "OpenStreetMap Public Data"
      }
    },
    {
      "type": "Feature",
      "id": 980669899,
      "geometry": {
        "type": "Polygon",
        "coordinates": [
          [
            [
              77.4737304,
              10.0309477
            ],
            [
              77.4760026,
              10.0320704
            ],
            [
              77.4775289,
              10.0325661
            ],
            [
              77.4779203,
              10.033085
            ],
            [
              77.4784838,
              10.0329052
            ],
            [
              77.4785151,
              10.0326792
            ],
            [
              77.4783951,
              10.0323041
            ],
            [
              77.4782646,
              10.0318417
            ],
            [
              77.4781603,
              10.0302078
            ],
            [
              77.4780351,
              10.0299869
            ],
            [
              77.4778107,
              10.0294885
            ],
            [
              77.4773463,
              10.0295501
            ],
            [
              77.4746696,
              10.0305366
            ],
            [
              77.4737304,
              10.0309477
            ]
          ]
        ]
      },
      "properties": {
        "id": 980669899,
        "name": "OSM Waterbody",
        "type": "reservoir",
        "district": "Theni",
        "data_source_type": "OpenStreetMap Public Data"
      }
    },
    {
      "type": "Feature",
      "id": 1033798456,
      "geometry": {
        "type": "Polygon",
        "coordinates": [
          [
            [
              77.3767194,
              9.8453885
            ],
            [
              77.3767651,
              9.8456507
            ],
            [
              77.3772348,
              9.8460971
            ],
            [
              77.377505,
              9.8464861
            ],
            [
              77.3778292,
              9.846994
            ],
            [
              77.378249,
              9.8475468
            ],
            [
              77.3786314,
              9.8480219
            ],
            [
              77.3795875,
              9.848927
            ],
            [
              77.3805768,
              9.8498525
            ],
            [
              77.381539,
              9.8507286
            ],
            [
              77.3820316,
              9.8511712
            ],
            [
              77.3828255,
              9.8519289
            ],
            [
              77.3837386,
              9.8528036
            ],
            [
              77.3845173,
              9.8535629
            ],
            [
              77.3852779,
              9.8543165
            ],
            [
              77.3859725,
              9.8549242
            ],
            [
              77.3863928,
              9.8552327
            ],
            [
              77.3865144,
              9.8551967
            ],
            [
              77.3850368,
              9.8537964
            ],
            [
              77.3843053,
              9.8531247
            ],
            [
              77.383918,
              9.8527456
            ],
            [
              77.3832412,
              9.8520517
            ],
            [
              77.3829169,
              9.851761
            ],
            [
              77.3818094,
              9.8506296
            ],
            [
              77.3812252,
              9.8501433
            ],
            [
              77.3806848,
              9.8496109
            ],
            [
              77.3801985,
              9.849185
            ],
            [
              77.380078,
              9.8492014
            ],
            [
              77.3799491,
              9.8490498
            ],
            [
              77.3798327,
              9.8487755
            ],
            [
              77.3795501,
              9.8484806
            ],
            [
              77.3794794,
              9.8482471
            ],
            [
              77.3787935,
              9.8478212
            ],
            [
              77.3784028,
              9.8473052
            ],
            [
              77.3780246,
              9.8469284
            ],
            [
              77.3776629,
              9.8464411
            ],
            [
              77.3774884,
              9.8462568
            ],
            [
              77.3774011,
              9.846052
            ],
            [
              77.377293,
              9.8459455
            ],
            [
              77.377135,
              9.845708
            ],
            [
              77.3769771,
              9.8455524
            ],
            [
              77.3768067,
              9.8454705
            ],
            [
              77.3767194,
              9.8453885
            ]
          ]
        ]
      },
      "properties": {
        "id": 1033798456,
        "name": "OSM Waterbody",
        "type": "reservoir",
        "district": "Theni",
        "data_source_type": "OpenStreetMap Public Data"
      }
    },
    {
      "type": "Feature",
      "id": 1033798457,
      "geometry": {
        "type": "Polygon",
        "coordinates": [
          [
            [
              77.3814492,
              9.8509046
            ],
            [
              77.3814853,
              9.8510788
            ],
            [
              77.3819977,
              9.8515268
            ],
            [
              77.3825859,
              9.8520957
            ],
            [
              77.3834407,
              9.8529414
            ],
            [
              77.3839608,
              9.8535214
            ],
            [
              77.3849171,
              9.8543889
            ],
            [
              77.3855016,
              9.8549719
            ],
            [
              77.3859419,
              9.8553488
            ],
            [
              77.3859491,
              9.8551995
            ],
            [
              77.3849495,
              9.8542431
            ],
            [
              77.3835723,
              9.8528805
            ],
            [
              77.3825751,
              9.8519392
            ],
            [
              77.3815575,
              9.8509864
            ],
            [
              77.3814492,
              9.8509046
            ]
          ]
        ]
      },
      "properties": {
        "id": 1033798457,
        "name": "OSM Waterbody",
        "type": "reservoir",
        "district": "Theni",
        "data_source_type": "OpenStreetMap Public Data"
      }
    },
    {
      "type": "Feature",
      "id": 1038031965,
      "geometry": {
        "type": "Polygon",
        "coordinates": [
          [
            [
              77.5449043,
              10.1433893
            ],
            [
              77.5449948,
              10.1435807
            ],
            [
              77.5454705,
              10.14419
            ],
            [
              77.5465471,
              10.1439859
            ],
            [
              77.5467385,
              10.1446767
            ],
            [
              77.5473366,
              10.1443078
            ],
            [
              77.5472361,
              10.1442124
            ],
            [
              77.5467863,
              10.1435777
            ],
            [
              77.5463158,
              10.1429733
            ],
            [
              77.5461484,
              10.1427927
            ],
            [
              77.5459251,
              10.1427927
            ],
            [
              77.5449043,
              10.1433893
            ]
          ]
        ]
      },
      "properties": {
        "id": 1038031965,
        "name": "OSM Waterbody",
        "type": "reservoir",
        "district": "Theni",
        "data_source_type": "OpenStreetMap Public Data"
      }
    },
    {
      "type": "Feature",
      "id": 1038031966,
      "geometry": {
        "type": "Polygon",
        "coordinates": [
          [
            [
              77.5463079,
              10.1427299
            ],
            [
              77.5473901,
              10.1441159
            ],
            [
              77.5474801,
              10.1442293
            ],
            [
              77.54815,
              10.1439074
            ],
            [
              77.5481646,
              10.1437326
            ],
            [
              77.5480304,
              10.143303
            ],
            [
              77.547847,
              10.1429576
            ],
            [
              77.5474403,
              10.1427849
            ],
            [
              77.5463079,
              10.1427299
            ]
          ]
        ]
      },
      "properties": {
        "id": 1038031966,
        "name": "OSM Waterbody",
        "type": "reservoir",
        "district": "Theni",
        "data_source_type": "OpenStreetMap Public Data"
      }
    },
    {
      "type": "Feature",
      "id": 1038193507,
      "geometry": {
        "type": "Polygon",
        "coordinates": [
          [
            [
              77.3676816,
              10.1693749
            ],
            [
              77.3675326,
              10.1699433
            ],
            [
              77.3677375,
              10.1711351
            ],
            [
              77.3680169,
              10.1719602
            ],
            [
              77.3680355,
              10.1726386
            ],
            [
              77.3682122,
              10.1732475
            ],
            [
              77.3682218,
              10.1732804
            ],
            [
              77.3688366,
              10.1737571
            ],
            [
              77.3686875,
              10.1741238
            ],
            [
              77.3686875,
              10.1747838
            ],
            [
              77.368762,
              10.1753522
            ],
            [
              77.3686875,
              10.1761957
            ],
            [
              77.3681473,
              10.1765074
            ],
            [
              77.3683895,
              10.1772591
            ],
            [
              77.3688924,
              10.1773875
            ],
            [
              77.3685571,
              10.1779558
            ],
            [
              77.3685944,
              10.1782309
            ],
            [
              77.3691719,
              10.1782309
            ],
            [
              77.3705131,
              10.1789459
            ],
            [
              77.3695072,
              10.1794593
            ],
            [
              77.3698797,
              10.1809628
            ],
            [
              77.3696562,
              10.1819162
            ],
            [
              77.3702523,
              10.1819895
            ],
            [
              77.3706621,
              10.182888
            ],
            [
              77.3705131,
              10.1836947
            ],
            [
              77.368967,
              10.1829246
            ],
            [
              77.3686317,
              10.183658
            ],
            [
              77.3677189,
              10.1841897
            ],
            [
              77.3663217,
              10.1841897
            ],
            [
              77.3641422,
              10.1836397
            ],
            [
              77.3651295,
              10.183603
            ],
            [
              77.366508,
              10.1838414
            ],
            [
              77.3671786,
              10.1833463
            ],
            [
              77.3677748,
              10.1817695
            ],
            [
              77.3674208,
              10.1811461
            ],
            [
              77.3677375,
              10.1801377
            ],
            [
              77.3660237,
              10.1791843
            ],
            [
              77.3664521,
              10.1769657
            ],
            [
              77.3649433,
              10.1744905
            ],
            [
              77.3661913,
              10.1738304
            ],
            [
              77.3666571,
              10.173152
            ],
            [
              77.3676071,
              10.1721802
            ],
            [
              77.3670855,
              10.1708784
            ],
            [
              77.3655207,
              10.1695582
            ],
            [
              77.3653903,
              10.167468
            ],
            [
              77.3653158,
              10.1665512
            ],
            [
              77.3636765,
              10.1655427
            ],
            [
              77.3636393,
              10.1638558
            ],
            [
              77.3635275,
              10.162884
            ],
            [
              77.3637883,
              10.1620222
            ],
            [
              77.3622049,
              10.1617838
            ],
            [
              77.3596342,
              10.1604453
            ],
            [
              77.3609195,
              10.1602803
            ],
            [
              77.3617764,
              10.1606837
            ],
            [
              77.3620931,
              10.1613071
            ],
            [
              77.36295,
              10.160867
            ],
            [
              77.3634902,
              10.1604086
            ],
            [
              77.3629128,
              10.1593268
            ],
            [
              77.3634716,
              10.1592901
            ],
            [
              77.3642168,
              10.1601886
            ],
            [
              77.3651482,
              10.1602803
            ],
            [
              77.3660609,
              10.1598769
            ],
            [
              77.3660423,
              10.1586667
            ],
            [
              77.3656698,
              10.1579883
            ],
            [
              77.366508,
              10.1587584
            ],
            [
              77.3664335,
              10.1596752
            ],
            [
              77.3669924,
              10.1605553
            ],
            [
              77.3681473,
              10.1605737
            ],
            [
              77.3692278,
              10.160867
            ],
            [
              77.3697121,
              10.1621872
            ],
            [
              77.3695072,
              10.1631591
            ],
            [
              77.3702523,
              10.1628473
            ],
            [
              77.3707553,
              10.1619305
            ],
            [
              77.370826,
              10.1599697
            ],
            [
              77.3706972,
              10.1581533
            ],
            [
              77.3706758,
              10.1568015
            ],
            [
              77.3695814,
              10.1562101
            ],
            [
              77.3717916,
              10.1560623
            ],
            [
              77.3731863,
              10.156886
            ],
            [
              77.3739803,
              10.1581322
            ],
            [
              77.3760402,
              10.1612581
            ],
            [
              77.3749888,
              10.1617439
            ],
            [
              77.3738301,
              10.1604344
            ],
            [
              77.3716199,
              10.1585124
            ],
            [
              77.3711908,
              10.1586391
            ],
            [
              77.3711264,
              10.1621663
            ],
            [
              77.3716199,
              10.1629689
            ],
            [
              77.3711264,
              10.1638771
            ],
            [
              77.3698175,
              10.164025
            ],
            [
              77.3688304,
              10.1634758
            ],
            [
              77.369045,
              10.1622508
            ],
            [
              77.3675859,
              10.1623775
            ],
            [
              77.3667705,
              10.1628
            ],
            [
              77.3656118,
              10.1651021
            ],
            [
              77.3665559,
              10.1679957
            ],
            [
              77.3671996,
              10.168228
            ],
            [
              77.3679936,
              10.1677845
            ],
            [
              77.368294,
              10.169284
            ],
            [
              77.3676816,
              10.1693749
            ]
          ]
        ]
      },
      "properties": {
        "id": 1038193507,
        "name": "Konal Ar Lake",
        "type": "reservoir",
        "district": "Theni",
        "data_source_type": "OpenStreetMap Public Data"
      }
    },
    {
      "type": "Feature",
      "id": 1038193510,
      "geometry": {
        "type": "Polygon",
        "coordinates": [
          [
            [
              77.3398468,
              10.1865729
            ],
            [
              77.3402575,
              10.1869221
            ],
            [
              77.3405326,
              10.1867455
            ],
            [
              77.3409194,
              10.1867259
            ],
            [
              77.3415414,
              10.1865964
            ],
            [
              77.3422711,
              10.1863492
            ],
            [
              77.3424944,
              10.1865532
            ],
            [
              77.3425901,
              10.1864277
            ],
            [
              77.3424226,
              10.1859685
            ],
            [
              77.3426379,
              10.1852581
            ],
            [
              77.3431012,
              10.1846363
            ],
            [
              77.343417,
              10.1838832
            ],
            [
              77.3435223,
              10.1834687
            ],
            [
              77.3440909,
              10.1828123
            ],
            [
              77.3450878,
              10.1821145
            ],
            [
              77.3453826,
              10.1815341
            ],
            [
              77.3458318,
              10.1812577
            ],
            [
              77.3469783,
              10.1815412
            ],
            [
              77.3473431,
              10.182027
            ],
            [
              77.347783,
              10.183442
            ],
            [
              77.3474182,
              10.1842656
            ],
            [
              77.3466565,
              10.1857334
            ],
            [
              77.3453046,
              10.1863354
            ],
            [
              77.3457982,
              10.1871696
            ],
            [
              77.3471822,
              10.1861347
            ],
            [
              77.3480727,
              10.1850893
            ],
            [
              77.3483194,
              10.1837799
            ],
            [
              77.3486949,
              10.1831991
            ],
            [
              77.3482014,
              10.1823754
            ],
            [
              77.3482336,
              10.1814462
            ],
            [
              77.3487593,
              10.1805803
            ],
            [
              77.3485984,
              10.1798939
            ],
            [
              77.3464741,
              10.1790068
            ],
            [
              77.3458947,
              10.1793553
            ],
            [
              77.3451866,
              10.1800417
            ],
            [
              77.3447896,
              10.1797249
            ],
            [
              77.343824,
              10.1802951
            ],
            [
              77.3416354,
              10.1830196
            ],
            [
              77.3409273,
              10.185216
            ],
            [
              77.3401441,
              10.1859446
            ],
            [
              77.3398468,
              10.1865729
            ]
          ]
        ]
      },
      "properties": {
        "id": 1038193510,
        "name": "Poondi Lake",
        "type": "reservoir",
        "district": "Theni",
        "data_source_type": "OpenStreetMap Public Data"
      }
    },
    {
      "type": "Feature",
      "id": 1038193511,
      "geometry": {
        "type": "Polygon",
        "coordinates": [
          [
            [
              77.3057121,
              10.2021462
            ],
            [
              77.3052674,
              10.2024008
            ],
            [
              77.3054695,
              10.2029738
            ],
            [
              77.3058658,
              10.2028703
            ],
            [
              77.3057121,
              10.2021462
            ]
          ]
        ]
      },
      "properties": {
        "id": 1038193511,
        "name": "OSM Waterbody",
        "type": "reservoir",
        "district": "Theni",
        "data_source_type": "OpenStreetMap Public Data"
      }
    },
    {
      "type": "Feature",
      "id": 1066155669,
      "geometry": {
        "type": "Polygon",
        "coordinates": [
          [
            [
              77.6033047,
              10.0283283
            ],
            [
              77.6032512,
              10.0289385
            ],
            [
              77.6033694,
              10.0295017
            ],
            [
              77.603361,
              10.0299653
            ],
            [
              77.603113,
              10.0302177
            ],
            [
              77.6032643,
              10.0302095
            ],
            [
              77.603449,
              10.0301549
            ],
            [
              77.6036216,
              10.0298991
            ],
            [
              77.60392,
              10.0297459
            ],
            [
              77.6048026,
              10.0296383
            ],
            [
              77.6046093,
              10.0289927
            ],
            [
              77.604168,
              10.0284505
            ],
            [
              77.603878,
              10.028525
            ],
            [
              77.6038069,
              10.0283604
            ],
            [
              77.6036846,
              10.0283139
            ],
            [
              77.6033047,
              10.0283283
            ]
          ]
        ]
      },
      "properties": {
        "id": 1066155669,
        "name": "OSM Waterbody",
        "type": "reservoir",
        "district": "Theni",
        "data_source_type": "OpenStreetMap Public Data"
      }
    },
    {
      "type": "Feature",
      "id": 1066155670,
      "geometry": {
        "type": "Polygon",
        "coordinates": [
          [
            [
              77.6026188,
              10.0113594
            ],
            [
              77.6038579,
              10.0151026
            ],
            [
              77.6047351,
              10.0176665
            ],
            [
              77.604749,
              10.0182561
            ],
            [
              77.6037605,
              10.0184618
            ],
            [
              77.60258,
              10.0185376
            ],
            [
              77.601792,
              10.0185845
            ],
            [
              77.6002748,
              10.0187045
            ],
            [
              77.5984719,
              10.016725
            ],
            [
              77.5989873,
              10.01662
            ],
            [
              77.5990139,
              10.0154387
            ],
            [
              77.6011731,
              10.014835
            ],
            [
              77.6010664,
              10.0143362
            ],
            [
              77.601564,
              10.0142575
            ],
            [
              77.6015018,
              10.012945
            ],
            [
              77.6022393,
              10.0128662
            ],
            [
              77.6019816,
              10.0114575
            ],
            [
              77.6022126,
              10.0113962
            ],
            [
              77.6022391,
              10.0107328
            ],
            [
              77.6024081,
              10.0108712
            ],
            [
              77.6026188,
              10.0113594
            ]
          ]
        ]
      },
      "properties": {
        "id": 1066155670,
        "name": "OSM Waterbody",
        "type": "reservoir",
        "district": "Theni",
        "data_source_type": "OpenStreetMap Public Data"
      }
    },
    {
      "type": "Feature",
      "id": 1066155675,
      "geometry": {
        "type": "Polygon",
        "coordinates": [
          [
            [
              77.5974833,
              9.9954037
            ],
            [
              77.5975755,
              9.9958188
            ],
            [
              77.597503,
              9.9962729
            ],
            [
              77.5975719,
              9.9976787
            ],
            [
              77.5976112,
              9.9978493
            ],
            [
              77.5977497,
              9.9979926
            ],
            [
              77.5974099,
              9.9982639
            ],
            [
              77.5970547,
              9.9985475
            ],
            [
              77.5968468,
              9.9982973
            ],
            [
              77.5951123,
              9.9961626
            ],
            [
              77.5946908,
              9.9955075
            ],
            [
              77.5948159,
              9.995501
            ],
            [
              77.5947895,
              9.9952481
            ],
            [
              77.5949081,
              9.9950665
            ],
            [
              77.5950971,
              9.994936
            ],
            [
              77.595244,
              9.9949692
            ],
            [
              77.5953164,
              9.9954881
            ],
            [
              77.5974833,
              9.9954037
            ]
          ]
        ]
      },
      "properties": {
        "id": 1066155675,
        "name": "OSM Waterbody",
        "type": "reservoir",
        "district": "Theni",
        "data_source_type": "OpenStreetMap Public Data"
      }
    },
    {
      "type": "Feature",
      "id": 1066155679,
      "geometry": {
        "type": "Polygon",
        "coordinates": [
          [
            [
              77.5865624,
              9.9832742
            ],
            [
              77.5866474,
              9.9840058
            ],
            [
              77.5867719,
              9.9843128
            ],
            [
              77.5868459,
              9.9844972
            ],
            [
              77.5872485,
              9.9846927
            ],
            [
              77.5888248,
              9.9849216
            ],
            [
              77.5910646,
              9.9846201
            ],
            [
              77.5909058,
              9.9839276
            ],
            [
              77.5901857,
              9.9838829
            ],
            [
              77.5896981,
              9.9838383
            ],
            [
              77.5896073,
              9.9832016
            ],
            [
              77.5880423,
              9.9831625
            ],
            [
              77.5880367,
              9.9833077
            ],
            [
              77.5872625,
              9.9832917
            ],
            [
              77.5865624,
              9.9832742
            ]
          ]
        ]
      },
      "properties": {
        "id": 1066155679,
        "name": "OSM Waterbody",
        "type": "reservoir",
        "district": "Theni",
        "data_source_type": "OpenStreetMap Public Data"
      }
    },
    {
      "type": "Feature",
      "id": 1066155684,
      "geometry": {
        "type": "Polygon",
        "coordinates": [
          [
            [
              77.5583703,
              9.9799651
            ],
            [
              77.5584617,
              9.9806349
            ],
            [
              77.5587079,
              9.9810501
            ],
            [
              77.5591113,
              9.9821943
            ],
            [
              77.559568,
              9.9825642
            ],
            [
              77.5604206,
              9.9826741
            ],
            [
              77.5616793,
              9.983204
            ],
            [
              77.5624913,
              9.983174
            ],
            [
              77.5637905,
              9.9836238
            ],
            [
              77.5658307,
              9.9833739
            ],
            [
              77.5670487,
              9.9838237
            ],
            [
              77.5680535,
              9.9836738
            ],
            [
              77.5688554,
              9.9833239
            ],
            [
              77.5708651,
              9.9829241
            ],
            [
              77.5727429,
              9.9824542
            ],
            [
              77.5737376,
              9.9824142
            ],
            [
              77.5753311,
              9.9823043
            ],
            [
              77.5751682,
              9.9816395
            ],
            [
              77.5734737,
              9.9815345
            ],
            [
              77.5731533,
              9.9815066
            ],
            [
              77.5712914,
              9.9813446
            ],
            [
              77.5713828,
              9.9804849
            ],
            [
              77.5703474,
              9.9804849
            ],
            [
              77.5694339,
              9.980305
            ],
            [
              77.5689873,
              9.980285
            ],
            [
              77.5688452,
              9.9805049
            ],
            [
              77.5677693,
              9.9804749
            ],
            [
              77.5676983,
              9.9795652
            ],
            [
              77.5661453,
              9.9794153
            ],
            [
              77.5661859,
              9.980295
            ],
            [
              77.5651303,
              9.9806149
            ],
            [
              77.5640827,
              9.9806131
            ],
            [
              77.5637702,
              9.9807248
            ],
            [
              77.5626232,
              9.9804949
            ],
            [
              77.5626131,
              9.9800251
            ],
            [
              77.5615575,
              9.9798851
            ],
            [
              77.5609586,
              9.9797952
            ],
            [
              77.5602379,
              9.9800251
            ],
            [
              77.5591755,
              9.979991
            ],
            [
              77.5583703,
              9.9799651
            ]
          ]
        ]
      },
      "properties": {
        "id": 1066155684,
        "name": "OSM Waterbody",
        "type": "reservoir",
        "district": "Theni",
        "data_source_type": "OpenStreetMap Public Data"
      }
    },
    {
      "type": "Feature",
      "id": 1066155688,
      "geometry": {
        "type": "Polygon",
        "coordinates": [
          [
            [
              77.5737481,
              10.0247885
            ],
            [
              77.5760121,
              10.0232757
            ],
            [
              77.5775,
              10.0219379
            ],
            [
              77.5775485,
              10.0207913
            ],
            [
              77.5778234,
              10.0200269
            ],
            [
              77.5776617,
              10.0190555
            ],
            [
              77.577828,
              10.0173219
            ],
            [
              77.5780925,
              10.0167186
            ],
            [
              77.5775913,
              10.0158274
            ],
            [
              77.5749737,
              10.0132085
            ],
            [
              77.5731219,
              10.0102743
            ],
            [
              77.5729996,
              10.0103471
            ],
            [
              77.5717361,
              10.0103322
            ],
            [
              77.571479,
              10.0103292
            ],
            [
              77.5710471,
              10.0104202
            ],
            [
              77.5718183,
              10.011632
            ],
            [
              77.5719222,
              10.0129827
            ],
            [
              77.5720381,
              10.0144896
            ],
            [
              77.5721892,
              10.0147784
            ],
            [
              77.5721092,
              10.0161959
            ],
            [
              77.5723313,
              10.0176746
            ],
            [
              77.5728644,
              10.0195996
            ],
            [
              77.5734064,
              10.0206145
            ],
            [
              77.5736908,
              10.0216645
            ],
            [
              77.5737707,
              10.0226182
            ],
            [
              77.5729622,
              10.0230907
            ],
            [
              77.5732732,
              10.0242719
            ],
            [
              77.5735131,
              10.0242982
            ],
            [
              77.5734331,
              10.0246919
            ],
            [
              77.5734652,
              10.0248554
            ],
            [
              77.5737481,
              10.0247885
            ]
          ]
        ]
      },
      "properties": {
        "id": 1066155688,
        "name": "OSM Waterbody",
        "type": "reservoir",
        "district": "Theni",
        "data_source_type": "OpenStreetMap Public Data"
      }
    },
    {
      "type": "Feature",
      "id": 1066155690,
      "geometry": {
        "type": "Polygon",
        "coordinates": [
          [
            [
              77.569672,
              9.9420686
            ],
            [
              77.5696337,
              9.9432591
            ],
            [
              77.5696785,
              9.9434239
            ],
            [
              77.5703605,
              9.9436886
            ],
            [
              77.5705364,
              9.9436735
            ],
            [
              77.5706206,
              9.9424528
            ],
            [
              77.5705256,
              9.9411727
            ],
            [
              77.5703596,
              9.9403841
            ],
            [
              77.5703693,
              9.939985
            ],
            [
              77.5702375,
              9.9398167
            ],
            [
              77.5699251,
              9.9400475
            ],
            [
              77.5697298,
              9.9406294
            ],
            [
              77.5694857,
              9.9409948
            ],
            [
              77.5694711,
              9.9412978
            ],
            [
              77.569672,
              9.9420686
            ]
          ]
        ]
      },
      "properties": {
        "id": 1066155690,
        "name": "OSM Waterbody",
        "type": "reservoir",
        "district": "Theni",
        "data_source_type": "OpenStreetMap Public Data"
      }
    },
    {
      "type": "Feature",
      "id": 1066155692,
      "geometry": {
        "type": "Polygon",
        "coordinates": [
          [
            [
              77.5762903,
              9.9302705
            ],
            [
              77.5759841,
              9.9307452
            ],
            [
              77.5778958,
              9.9324741
            ],
            [
              77.5787285,
              9.9330687
            ],
            [
              77.5791368,
              9.9327392
            ],
            [
              77.5793296,
              9.9324934
            ],
            [
              77.5788533,
              9.9322142
            ],
            [
              77.5788362,
              9.9320857
            ],
            [
              77.5784734,
              9.9318846
            ],
            [
              77.5782806,
              9.9318958
            ],
            [
              77.5781898,
              9.9317785
            ],
            [
              77.5783883,
              9.9310189
            ],
            [
              77.5785357,
              9.9305497
            ],
            [
              77.5785892,
              9.9304605
            ],
            [
              77.5785754,
              9.9301644
            ],
            [
              77.578479,
              9.9300191
            ],
            [
              77.5782125,
              9.9300359
            ],
            [
              77.5781615,
              9.9304045
            ],
            [
              77.5775207,
              9.9305721
            ],
            [
              77.5762903,
              9.9302705
            ]
          ]
        ]
      },
      "properties": {
        "id": 1066155692,
        "name": "OSM Waterbody",
        "type": "reservoir",
        "district": "Theni",
        "data_source_type": "OpenStreetMap Public Data"
      }
    },
    {
      "type": "Feature",
      "id": 1066155708,
      "geometry": {
        "type": "Polygon",
        "coordinates": [
          [
            [
              77.6109906,
              9.9833287
            ],
            [
              77.6110139,
              9.9834106
            ],
            [
              77.6110731,
              9.983619
            ],
            [
              77.6111321,
              9.9847568
            ],
            [
              77.6127708,
              9.9852096
            ],
            [
              77.6139616,
              9.985349
            ],
            [
              77.6162487,
              9.9850703
            ],
            [
              77.6174276,
              9.9850239
            ],
            [
              77.6176163,
              9.9845362
            ],
            [
              77.618418,
              9.9834448
            ],
            [
              77.6181704,
              9.9834912
            ],
            [
              77.6177813,
              9.9832939
            ],
            [
              77.6177342,
              9.9827365
            ],
            [
              77.6173569,
              9.982423
            ],
            [
              77.616626,
              9.9824579
            ],
            [
              77.6156003,
              9.9822256
            ],
            [
              77.615447,
              9.9817844
            ],
            [
              77.615447,
              9.9814942
            ],
            [
              77.6148104,
              9.9818657
            ],
            [
              77.6146453,
              9.9815406
            ],
            [
              77.6138201,
              9.9819586
            ],
            [
              77.6126647,
              9.9821908
            ],
            [
              77.6126529,
              9.9831894
            ],
            [
              77.6114858,
              9.9833287
            ],
            [
              77.6112966,
              9.9833287
            ],
            [
              77.6109906,
              9.9833287
            ]
          ]
        ]
      },
      "properties": {
        "id": 1066155708,
        "name": "OSM Waterbody",
        "type": "reservoir",
        "district": "Theni",
        "data_source_type": "OpenStreetMap Public Data"
      }
    },
    {
      "type": "Feature",
      "id": 1066155711,
      "geometry": {
        "type": "Polygon",
        "coordinates": [
          [
            [
              77.6159708,
              9.9642426
            ],
            [
              77.6144044,
              9.9658065
            ],
            [
              77.6138302,
              9.9661762
            ],
            [
              77.6126748,
              9.9665594
            ],
            [
              77.6109182,
              9.9666407
            ],
            [
              77.609421,
              9.9658975
            ],
            [
              77.6078648,
              9.9650615
            ],
            [
              77.6077408,
              9.9650029
            ],
            [
              77.6073548,
              9.9645081
            ],
            [
              77.6072909,
              9.9643366
            ],
            [
              77.6082411,
              9.9641508
            ],
            [
              77.6082185,
              9.9634987
            ],
            [
              77.6083154,
              9.9635062
            ],
            [
              77.6087,
              9.9635358
            ],
            [
              77.6087226,
              9.963973
            ],
            [
              77.6092793,
              9.9639804
            ],
            [
              77.6092417,
              9.9642323
            ],
            [
              77.6102724,
              9.9642842
            ],
            [
              77.61028,
              9.9638766
            ],
            [
              77.6104831,
              9.9638618
            ],
            [
              77.6104982,
              9.9634469
            ],
            [
              77.6109947,
              9.9635061
            ],
            [
              77.6109571,
              9.9638544
            ],
            [
              77.6127477,
              9.9638915
            ],
            [
              77.6132292,
              9.9640545
            ],
            [
              77.6143277,
              9.9640174
            ],
            [
              77.614922,
              9.9642323
            ],
            [
              77.6156695,
              9.9642396
            ],
            [
              77.6159708,
              9.9642426
            ]
          ]
        ]
      },
      "properties": {
        "id": 1066155711,
        "name": "OSM Waterbody",
        "type": "reservoir",
        "district": "Theni",
        "data_source_type": "OpenStreetMap Public Data"
      }
    },
    {
      "type": "Feature",
      "id": 1066155713,
      "geometry": {
        "type": "Polygon",
        "coordinates": [
          [
            [
              77.6116998,
              9.9526643
            ],
            [
              77.6116668,
              9.953104
            ],
            [
              77.6112699,
              9.9531977
            ],
            [
              77.6105011,
              9.9530674
            ],
            [
              77.6105091,
              9.9529877
            ],
            [
              77.6106912,
              9.952929
            ],
            [
              77.6109599,
              9.9528923
            ],
            [
              77.6113082,
              9.9527754
            ],
            [
              77.6116998,
              9.9526643
            ]
          ]
        ]
      },
      "properties": {
        "id": 1066155713,
        "name": "OSM Waterbody",
        "type": "reservoir",
        "district": "Theni",
        "data_source_type": "OpenStreetMap Public Data"
      }
    },
    {
      "type": "Feature",
      "id": 1066167038,
      "geometry": {
        "type": "Polygon",
        "coordinates": [
          [
            [
              77.5899362,
              9.8765077
            ],
            [
              77.5923783,
              9.8760796
            ],
            [
              77.5926873,
              9.8751302
            ],
            [
              77.5929828,
              9.8742225
            ],
            [
              77.5918667,
              9.8743983
            ],
            [
              77.5909385,
              9.874593
            ],
            [
              77.5905861,
              9.8746269
            ],
            [
              77.5898944,
              9.8744824
            ],
            [
              77.5898803,
              9.8746116
            ],
            [
              77.5899845,
              9.8752027
            ],
            [
              77.5900447,
              9.8759647
            ],
            [
              77.5900791,
              9.8762526
            ],
            [
              77.5900533,
              9.8763711
            ],
            [
              77.5899362,
              9.8765077
            ]
          ]
        ]
      },
      "properties": {
        "id": 1066167038,
        "name": "OSM Waterbody",
        "type": "reservoir",
        "district": "Theni",
        "data_source_type": "OpenStreetMap Public Data"
      }
    },
    {
      "type": "Feature",
      "id": 1066167051,
      "geometry": {
        "type": "Polygon",
        "coordinates": [
          [
            [
              77.5538838,
              9.9559482
            ],
            [
              77.554155,
              9.9575685
            ],
            [
              77.5544259,
              9.9577579
            ],
            [
              77.5557193,
              9.9579042
            ],
            [
              77.5575195,
              9.9578698
            ],
            [
              77.5580176,
              9.9573103
            ],
            [
              77.5586118,
              9.956923
            ],
            [
              77.5587254,
              9.9562861
            ],
            [
              77.5573884,
              9.9561053
            ],
            [
              77.5562436,
              9.9558213
            ],
            [
              77.554233,
              9.9554031
            ],
            [
              77.5540502,
              9.9553651
            ],
            [
              77.5538838,
              9.9559482
            ]
          ]
        ]
      },
      "properties": {
        "id": 1066167051,
        "name": "OSM Waterbody",
        "type": "reservoir",
        "district": "Theni",
        "data_source_type": "OpenStreetMap Public Data"
      }
    },
    {
      "type": "Feature",
      "id": 1066167065,
      "geometry": {
        "type": "Polygon",
        "coordinates": [
          [
            [
              77.5311785,
              9.9124908
            ],
            [
              77.5306362,
              9.9125604
            ],
            [
              77.5315322,
              9.9155218
            ],
            [
              77.5339254,
              9.9173219
            ],
            [
              77.5341258,
              9.9173219
            ],
            [
              77.5340145,
              9.915427
            ],
            [
              77.5339962,
              9.9151154
            ],
            [
              77.5334774,
              9.9150922
            ],
            [
              77.533277,
              9.9143141
            ],
            [
              77.5330105,
              9.913933
            ],
            [
              77.5329115,
              9.9137915
            ],
            [
              77.5327936,
              9.9131179
            ],
            [
              77.5319566,
              9.9128972
            ],
            [
              77.5315322,
              9.9126417
            ],
            [
              77.5314379,
              9.9119101
            ],
            [
              77.5312627,
              9.9119409
            ],
            [
              77.5311077,
              9.9119681
            ],
            [
              77.5312256,
              9.9122585
            ],
            [
              77.5311785,
              9.9124908
            ]
          ]
        ]
      },
      "properties": {
        "id": 1066167065,
        "name": "OSM Waterbody",
        "type": "reservoir",
        "district": "Theni",
        "data_source_type": "OpenStreetMap Public Data"
      }
    },
    {
      "type": "Feature",
      "id": 1066167069,
      "geometry": {
        "type": "Polygon",
        "coordinates": [
          [
            [
              77.5435682,
              9.9131086
            ],
            [
              77.5429659,
              9.913213
            ],
            [
              77.5426313,
              9.913603
            ],
            [
              77.5426026,
              9.9138801
            ],
            [
              77.5426871,
              9.9153225
            ],
            [
              77.5436016,
              9.9152346
            ],
            [
              77.5436463,
              9.9148116
            ],
            [
              77.5434901,
              9.9139711
            ],
            [
              77.5442095,
              9.9137678
            ],
            [
              77.5446923,
              9.9134315
            ],
            [
              77.5435682,
              9.9131086
            ]
          ]
        ]
      },
      "properties": {
        "id": 1066167069,
        "name": "OSM Waterbody",
        "type": "reservoir",
        "district": "Theni",
        "data_source_type": "OpenStreetMap Public Data"
      }
    },
    {
      "type": "Feature",
      "id": 1076788180,
      "geometry": {
        "type": "Polygon",
        "coordinates": [
          [
            [
              77.2946817,
              10.2058152
            ],
            [
              77.2950894,
              10.2059789
            ],
            [
              77.2951108,
              10.2060792
            ],
            [
              77.2951457,
              10.2063749
            ],
            [
              77.2952154,
              10.2064963
            ],
            [
              77.2952744,
              10.2066758
            ],
            [
              77.2952583,
              10.2068949
            ],
            [
              77.2951966,
              10.2071562
            ],
            [
              77.2950679,
              10.2072935
            ],
            [
              77.294789,
              10.2073991
            ],
            [
              77.2946387,
              10.2073252
            ],
            [
              77.2945046,
              10.2071246
            ],
            [
              77.2943383,
              10.20685
            ],
            [
              77.2941881,
              10.2067312
            ],
            [
              77.2940809,
              10.206689
            ],
            [
              77.2940433,
              10.2064329
            ],
            [
              77.2940755,
              10.2063142
            ],
            [
              77.2943598,
              10.2062376
            ],
            [
              77.2944832,
              10.2061162
            ],
            [
              77.2945905,
              10.2059789
            ],
            [
              77.2946817,
              10.2058152
            ]
          ]
        ]
      },
      "properties": {
        "id": 1076788180,
        "name": "OSM Waterbody",
        "type": "lake",
        "district": "Theni",
        "data_source_type": "OpenStreetMap Public Data"
      }
    },
    {
      "type": "Feature",
      "id": 1088370227,
      "geometry": {
        "type": "Polygon",
        "coordinates": [
          [
            [
              77.4949222,
              10.0043994
            ],
            [
              77.4949557,
              10.0044901
            ],
            [
              77.4950365,
              10.004556
            ],
            [
              77.4966036,
              10.0043885
            ],
            [
              77.4983332,
              10.0043286
            ],
            [
              77.4982105,
              10.0042188
            ],
            [
              77.4982189,
              10.0041144
            ],
            [
              77.4988769,
              10.0038234
            ],
            [
              77.4989884,
              10.0038893
            ],
            [
              77.4989912,
              10.0039552
            ],
            [
              77.4991362,
              10.0039552
            ],
            [
              77.4991056,
              10.0038646
            ],
            [
              77.4992589,
              10.0036916
            ],
            [
              77.4994485,
              10.0036037
            ],
            [
              77.4997051,
              10.0036696
            ],
            [
              77.4997803,
              10.0037273
            ],
            [
              77.4998473,
              10.0037492
            ],
            [
              77.5000369,
              10.0037465
            ],
            [
              77.50014,
              10.0036504
            ],
            [
              77.5002544,
              10.0036916
            ],
            [
              77.5003938,
              10.0037245
            ],
            [
              77.5006336,
              10.0036751
            ],
            [
              77.5007117,
              10.003535
            ],
            [
              77.5006057,
              10.0033895
            ],
            [
              77.5001986,
              10.0033428
            ],
            [
              77.4998194,
              10.0033126
            ],
            [
              77.4995489,
              10.003211
            ],
            [
              77.4984893,
              10.0031286
            ],
            [
              77.4981408,
              10.0031286
            ],
            [
              77.4981259,
              10.0030891
            ],
            [
              77.4978483,
              10.0029962
            ],
            [
              77.4977131,
              10.0029752
            ],
            [
              77.4975512,
              10.0030243
            ],
            [
              77.4971953,
              10.0031942
            ],
            [
              77.4966472,
              10.0035079
            ],
            [
              77.4961525,
              10.0037935
            ],
            [
              77.4957664,
              10.0039583
            ],
            [
              77.4954194,
              10.0040704
            ],
            [
              77.4952575,
              10.0041195
            ],
            [
              77.4949621,
              10.0042772
            ],
            [
              77.4949301,
              10.0043298
            ],
            [
              77.4949222,
              10.0043994
            ]
          ]
        ]
      },
      "properties": {
        "id": 1088370227,
        "name": "OSM Waterbody",
        "type": "reservoir",
        "district": "Theni",
        "data_source_type": "OpenStreetMap Public Data"
      }
    },
    {
      "type": "Feature",
      "id": 1528692839,
      "geometry": {
        "type": "Polygon",
        "coordinates": [
          [
            [
              77.4745984,
              10.0252646
            ],
            [
              77.4745812,
              10.0253914
            ],
            [
              77.4746671,
              10.0253998
            ],
            [
              77.4747872,
              10.0253787
            ],
            [
              77.4747572,
              10.0254421
            ],
            [
              77.4746456,
              10.0255055
            ],
            [
              77.4747529,
              10.0255858
            ],
            [
              77.4748645,
              10.0255858
            ],
            [
              77.4749975,
              10.0255815
            ],
            [
              77.4749846,
              10.0254717
            ],
            [
              77.4750962,
              10.0254843
            ],
            [
              77.4752035,
              10.0254294
            ],
            [
              77.4752335,
              10.0253322
            ],
            [
              77.4753322,
              10.0252604
            ],
            [
              77.4753709,
              10.0251589
            ],
            [
              77.4754567,
              10.0250068
            ],
            [
              77.4754825,
              10.0247997
            ],
            [
              77.4755511,
              10.0247152
            ],
            [
              77.4757271,
              10.0245927
            ],
            [
              77.4757571,
              10.0244532
            ],
            [
              77.4758129,
              10.0243433
            ],
            [
              77.4758859,
              10.0243518
            ],
            [
              77.475903,
              10.0242546
            ],
            [
              77.4759288,
              10.024132
            ],
            [
              77.4760275,
              10.024001
            ],
            [
              77.4760446,
              10.023832
            ],
            [
              77.4759288,
              10.0237094
            ],
            [
              77.4758773,
              10.0235446
            ],
            [
              77.4760456,
              10.0232648
            ],
            [
              77.4760521,
              10.0230278
            ],
            [
              77.4761627,
              10.0227716
            ],
            [
              77.4763448,
              10.0226434
            ],
            [
              77.4765985,
              10.0223936
            ],
            [
              77.4769107,
              10.0223232
            ],
            [
              77.4768587,
              10.0222079
            ],
            [
              77.4769497,
              10.0221374
            ],
            [
              77.4770798,
              10.0220349
            ],
            [
              77.4770083,
              10.0218812
            ],
            [
              77.4771319,
              10.0217467
            ],
            [
              77.4772164,
              10.0218107
            ],
            [
              77.4773067,
              10.0214502
            ],
            [
              77.4772888,
              10.0210919
            ],
            [
              77.477135,
              10.0204022
            ],
            [
              77.4768947,
              10.0203599
            ],
            [
              77.4768432,
              10.020157
            ],
            [
              77.4762939,
              10.0200387
            ],
            [
              77.4754528,
              10.0198866
            ],
            [
              77.4740709,
              10.0198528
            ],
            [
              77.473307,
              10.0199288
            ],
            [
              77.4727834,
              10.0199796
            ],
            [
              77.4721912,
              10.0200303
            ],
            [
              77.4716282,
              10.0197011
            ],
            [
              77.4707921,
              10.0196246
            ],
            [
              77.4714359,
              10.0201655
            ],
            [
              77.4708436,
              10.0199711
            ],
            [
              77.4714445,
              10.0206219
            ],
            [
              77.4720281,
              10.0203937
            ],
            [
              77.4721397,
              10.0206473
            ],
            [
              77.4724315,
              10.0206726
            ],
            [
              77.4727062,
              10.0204867
            ],
            [
              77.4726375,
              10.0207571
            ],
            [
              77.4727405,
              10.0208839
            ],
            [
              77.4729808,
              10.0213826
            ],
            [
              77.4730667,
              10.02167
            ],
            [
              77.4730237,
              10.0219573
            ],
            [
              77.4731782,
              10.022456
            ],
            [
              77.4730584,
              10.0226836
            ],
            [
              77.4734261,
              10.0230892
            ],
            [
              77.4736849,
              10.0237377
            ],
            [
              77.4744541,
              10.0244825
            ],
            [
              77.4744541,
              10.0248062
            ],
            [
              77.4745548,
              10.0249957
            ],
            [
              77.4745228,
              10.025108
            ],
            [
              77.4745984,
              10.0252646
            ]
          ]
        ]
      },
      "properties": {
        "id": 1528692839,
        "name": "OSM Waterbody",
        "type": "lake",
        "district": "Theni",
        "data_source_type": "OpenStreetMap Public Data"
      }
    },
    {
      "type": "Feature",
      "id": 1064628166,
      "geometry": {
        "type": "Polygon",
        "coordinates": [
          [
            [
              77.567526,
              10.0372621
            ],
            [
              77.5670134,
              10.036887
            ],
            [
              77.5665525,
              10.0369055
            ],
            [
              77.566054,
              10.0370074
            ],
            [
              77.5658471,
              10.0363127
            ],
            [
              77.5654109,
              10.0362223
            ],
            [
              77.5651507,
              10.0355766
            ],
            [
              77.565296,
              10.0353623
            ],
            [
              77.5650101,
              10.0349525
            ],
            [
              77.5649146,
              10.0344771
            ],
            [
              77.5642638,
              10.0348417
            ],
            [
              77.5638951,
              10.0355536
            ],
            [
              77.5635237,
              10.0355012
            ],
            [
              77.5635409,
              10.034476
            ],
            [
              77.5634474,
              10.0340686
            ],
            [
              77.5629917,
              10.0338048
            ],
            [
              77.5628086,
              10.0345966
            ],
            [
              77.5632172,
              10.035402
            ],
            [
              77.5631223,
              10.0360903
            ],
            [
              77.5630048,
              10.0374212
            ],
            [
              77.5623104,
              10.0375062
            ],
            [
              77.5622998,
              10.0377623
            ],
            [
              77.5618948,
              10.0378242
            ],
            [
              77.5618263,
              10.0375655
            ],
            [
              77.5611735,
              10.0376021
            ],
            [
              77.5606858,
              10.0375589
            ],
            [
              77.5607882,
              10.0370537
            ],
            [
              77.5607979,
              10.0360225
            ],
            [
              77.5612431,
              10.0350749
            ],
            [
              77.5612294,
              10.0341349
            ],
            [
              77.5608562,
              10.0342823
            ],
            [
              77.5604067,
              10.0346742
            ],
            [
              77.5600418,
              10.034951
            ],
            [
              77.559327,
              10.0349002
            ],
            [
              77.5586637,
              10.0346534
            ],
            [
              77.5583067,
              10.0341641
            ],
            [
              77.5581738,
              10.0336073
            ],
            [
              77.5574016,
              10.0338708
            ],
            [
              77.5573181,
              10.0341578
            ],
            [
              77.5569787,
              10.0344264
            ],
            [
              77.5571132,
              10.0348159
            ],
            [
              77.5572438,
              10.0348324
            ],
            [
              77.5574824,
              10.0358939
            ],
            [
              77.5572724,
              10.0365614
            ],
            [
              77.5570428,
              10.0367889
            ],
            [
              77.5567004,
              10.0370349
            ],
            [
              77.556631,
              10.0374253
            ],
            [
              77.5567597,
              10.0378026
            ],
            [
              77.5570604,
              10.0378431
            ],
            [
              77.5575072,
              10.0384673
            ],
            [
              77.5568642,
              10.0386511
            ],
            [
              77.5563334,
              10.038373
            ],
            [
              77.5558349,
              10.0383267
            ],
            [
              77.5551295,
              10.0381414
            ],
            [
              77.5550542,
              10.0379655
            ],
            [
              77.5545604,
              10.0378914
            ],
            [
              77.554156,
              10.0376922
            ],
            [
              77.5541936,
              10.0374514
            ],
            [
              77.5544758,
              10.0371782
            ],
            [
              77.5544617,
              10.0367058
            ],
            [
              77.5541513,
              10.0363076
            ],
            [
              77.5540525,
              10.0358491
            ],
            [
              77.5538691,
              10.035775
            ],
            [
              77.5537374,
              10.035511
            ],
            [
              77.5537468,
              10.0353258
            ],
            [
              77.5539208,
              10.0351869
            ],
            [
              77.5542554,
              10.0347182
            ],
            [
              77.5542937,
              10.0345299
            ],
            [
              77.5543811,
              10.0342126
            ],
            [
              77.5543265,
              10.0338414
            ],
            [
              77.5541134,
              10.0336639
            ],
            [
              77.5531247,
              10.0335241
            ],
            [
              77.5524965,
              10.0335079
            ],
            [
              77.5523381,
              10.0332497
            ],
            [
              77.5509834,
              10.0332336
            ],
            [
              77.5504644,
              10.0330238
            ],
            [
              77.5500547,
              10.0323837
            ],
            [
              77.549574,
              10.0319265
            ],
            [
              77.5483849,
              10.0313711
            ],
            [
              77.5482511,
              10.0309919
            ],
            [
              77.5482726,
              10.0307485
            ],
            [
              77.5481909,
              10.0305342
            ],
            [
              77.5478653,
              10.0302361
            ],
            [
              77.5477301,
              10.0298431
            ],
            [
              77.5472828,
              10.0287379
            ],
            [
              77.5471347,
              10.0283511
            ],
            [
              77.547593,
              10.0284245
            ],
            [
              77.548165,
              10.0287094
            ],
            [
              77.5487177,
              10.0285305
            ],
            [
              77.5495819,
              10.0271806
            ],
            [
              77.5498197,
              10.0271883
            ],
            [
              77.5500492,
              10.0278882
            ],
            [
              77.5500153,
              10.0283776
            ],
            [
              77.5503098,
              10.029166
            ],
            [
              77.5517311,
              10.0293232
            ],
            [
              77.5517085,
              10.0282258
            ],
            [
              77.5515925,
              10.0276617
            ],
            [
              77.5511817,
              10.0264591
            ],
            [
              77.5516218,
              10.0259921
            ],
            [
              77.5521123,
              10.0256475
            ],
            [
              77.5521014,
              10.0253947
            ],
            [
              77.5517409,
              10.0245502
            ],
            [
              77.5520632,
              10.0245609
            ],
            [
              77.552309,
              10.0244695
            ],
            [
              77.5521069,
              10.0242812
            ],
            [
              77.5517463,
              10.0238132
            ],
            [
              77.5514186,
              10.0234205
            ],
            [
              77.5505937,
              10.0235496
            ],
            [
              77.5507959,
              10.0238509
            ],
            [
              77.5508259,
              10.0240852
            ],
            [
              77.5506795,
              10.0240671
            ],
            [
              77.5505043,
              10.0239261
            ],
            [
              77.5504769,
              10.0239852
            ],
            [
              77.5504684,
              10.0241763
            ],
            [
              77.5503787,
              10.0242128
            ],
            [
              77.5502389,
              10.0240211
            ],
            [
              77.5500727,
              10.0239849
            ],
            [
              77.5500392,
              10.0241373
            ],
            [
              77.55008,
              10.0245743
            ],
            [
              77.5500094,
              10.024675
            ],
            [
              77.5497925,
              10.0245667
            ],
            [
              77.5496495,
              10.0243492
            ],
            [
              77.5491418,
              10.0238687
            ],
            [
              77.5488931,
              10.0239356
            ],
            [
              77.5487125,
              10.023875
            ],
            [
              77.5484783,
              10.0240536
            ],
            [
              77.5482213,
              10.0238342
            ],
            [
              77.5478437,
              10.0237255
            ],
            [
              77.5475296,
              10.0229774
            ],
            [
              77.5470479,
              10.0231075
            ],
            [
              77.5466677,
              10.0229248
            ],
            [
              77.5457472,
              10.0218285
            ],
            [
              77.5452424,
              10.0212837
            ],
            [
              77.5449777,
              10.0209255
            ],
            [
              77.544091,
              10.0205463
            ],
            [
              77.5440999,
              10.0203952
            ],
            [
              77.5436839,
              10.020617
            ],
            [
              77.5434618,
              10.0211179
            ],
            [
              77.5430673,
              10.0211861
            ],
            [
              77.5429644,
              10.0209484
            ],
            [
              77.5428153,
              10.0208198
            ],
            [
              77.5425818,
              10.020781
            ],
            [
              77.5422376,
              10.0204502
            ],
            [
              77.5421507,
              10.0203442
            ],
            [
              77.542171,
              10.0201493
            ],
            [
              77.5419401,
              10.0201593
            ],
            [
              77.5419756,
              10.0203042
            ],
            [
              77.5415468,
              10.0202842
            ],
            [
              77.5415163,
              10.0202467
            ],
            [
              77.5416051,
              10.0201568
            ],
            [
              77.541425,
              10.0200768
            ],
            [
              77.5412778,
              10.0200493
            ],
            [
              77.5410697,
              10.0198744
            ],
            [
              77.5407348,
              10.0197095
            ],
            [
              77.5406053,
              10.0197595
            ],
            [
              77.5406282,
              10.0199819
            ],
            [
              77.5405825,
              10.0201093
            ],
            [
              77.5403313,
              10.0201243
            ],
            [
              77.5397527,
              10.0201743
            ],
            [
              77.5396411,
              10.0201593
            ],
            [
              77.5395117,
              10.0198744
            ],
            [
              77.5393518,
              10.0195946
            ],
            [
              77.5390194,
              10.0194071
            ],
            [
              77.5384967,
              10.0192322
            ],
            [
              77.5381033,
              10.0191473
            ],
            [
              77.5376263,
              10.0191772
            ],
            [
              77.5372406,
              10.0189898
            ],
            [
              77.5368726,
              10.0187025
            ],
            [
              77.5365622,
              10.0182562
            ],
            [
              77.5364389,
              10.017755
            ],
            [
              77.5361845,
              10.0172459
            ],
            [
              77.5362799,
              10.0167447
            ],
            [
              77.536773,
              10.0161378
            ],
            [
              77.5371706,
              10.0157658
            ],
            [
              77.537262,
              10.0155309
            ],
            [
              77.537644,
              10.0153076
            ],
            [
              77.5371984,
              10.0150923
            ],
            [
              77.5365145,
              10.0151315
            ],
            [
              77.5355602,
              10.01483
            ],
            [
              77.5350512,
              10.0143444
            ],
            [
              77.534761,
              10.0133537
            ],
            [
              77.5343474,
              10.0128878
            ],
            [
              77.5343156,
              10.0125902
            ],
            [
              77.5345184,
              10.0122848
            ],
            [
              77.5346005,
              10.0121164
            ],
            [
              77.5347944,
              10.0120755
            ],
            [
              77.5347113,
              10.0117616
            ],
            [
              77.5341894,
              10.0118026
            ],
            [
              77.5337414,
              10.0116707
            ],
            [
              77.5335983,
              10.0111658
            ],
            [
              77.5335705,
              10.0108202
            ],
            [
              77.5331087,
              10.010761
            ],
            [
              77.5328685,
              10.0104245
            ],
            [
              77.5324436,
              10.0100606
            ],
            [
              77.5324067,
              10.0094011
            ],
            [
              77.5321434,
              10.0093557
            ],
            [
              77.5312753,
              10.010621
            ],
            [
              77.5311928,
              10.0105337
            ],
            [
              77.532011,
              10.0093123
            ],
            [
              77.5317512,
              10.0090173
            ],
            [
              77.5320151,
              10.008827
            ],
            [
              77.5325362,
              10.0083775
            ],
            [
              77.5324623,
              10.0079818
            ],
            [
              77.5320744,
              10.0079272
            ],
            [
              77.531922,
              10.0076952
            ],
            [
              77.5321852,
              10.0074132
            ],
            [
              77.5322545,
              10.0072722
            ],
            [
              77.5321152,
              10.007211
            ],
            [
              77.531982,
              10.0071494
            ],
            [
              77.5314232,
              10.0074087
            ],
            [
              77.5309752,
              10.0075451
            ],
            [
              77.5307119,
              10.0075178
            ],
            [
              77.5303655,
              10.0072131
            ],
            [
              77.5300699,
              10.0071221
            ],
            [
              77.5298575,
              10.0072086
            ],
            [
              77.5298713,
              10.007395
            ],
            [
              77.5295711,
              10.0076634
            ],
            [
              77.5290169,
              10.0076952
            ],
            [
              77.5287444,
              10.0077271
            ],
            [
              77.5279408,
              10.007718
            ],
            [
              77.5271972,
              10.0077362
            ],
            [
              77.5270587,
              10.0078953
            ],
            [
              77.5268924,
              10.0082319
            ],
            [
              77.5268786,
              10.0084411
            ],
            [
              77.5269201,
              10.0084866
            ],
            [
              77.527188,
              10.0085139
            ],
            [
              77.5268832,
              10.008523
            ],
            [
              77.525978,
              10.0084093
            ],
            [
              77.5257565,
              10.0083175
            ],
            [
              77.5257525,
              10.0080199
            ],
            [
              77.5253986,
              10.0078945
            ],
            [
              77.5253151,
              10.0075343
            ],
            [
              77.5252157,
              10.0075578
            ],
            [
              77.52516,
              10.0070644
            ],
            [
              77.5250169,
              10.006943
            ],
            [
              77.5249652,
              10.0066807
            ],
            [
              77.5249572,
              10.0065475
            ],
            [
              77.5246868,
              10.006524
            ],
            [
              77.5246391,
              10.0066337
            ],
            [
              77.5246829,
              10.0073659
            ],
            [
              77.5247306,
              10.0081373
            ],
            [
              77.5242057,
              10.008106
            ],
            [
              77.5234781,
              10.0079455
            ],
            [
              77.5228379,
              10.0077849
            ],
            [
              77.5223137,
              10.0077438
            ],
            [
              77.5218028,
              10.0075475
            ],
            [
              77.5206127,
              10.0071486
            ],
            [
              77.5205415,
              10.0073826
            ],
            [
              77.5204388,
              10.0072848
            ],
            [
              77.5201992,
              10.0072714
            ],
            [
              77.5199356,
              10.0074197
            ],
            [
              77.5198979,
              10.0076287
            ],
            [
              77.5199869,
              10.0077737
            ],
            [
              77.5201067,
              10.007831
            ],
            [
              77.5203703,
              10.0077905
            ],
            [
              77.5203669,
              10.0078445
            ],
            [
              77.5200793,
              10.0078816
            ],
            [
              77.5196248,
              10.0078435
            ],
            [
              77.5194413,
              10.0077661
            ],
            [
              77.51926,
              10.0078521
            ],
            [
              77.5189628,
              10.0077725
            ],
            [
              77.5186504,
              10.0077876
            ],
            [
              77.5184644,
              10.0078835
            ],
            [
              77.5174152,
              10.0078362
            ],
            [
              77.5170065,
              10.0071304
            ],
            [
              77.517181,
              10.0059648
            ],
            [
              77.517165,
              10.0056596
            ],
            [
              77.5172501,
              10.0055541
            ],
            [
              77.5171588,
              10.0055416
            ],
            [
              77.5171586,
              10.0052325
            ],
            [
              77.5172743,
              10.0052458
            ],
            [
              77.5173041,
              10.0051296
            ],
            [
              77.5171811,
              10.0051191
            ],
            [
              77.5171283,
              10.0047601
            ],
            [
              77.5171945,
              10.0046548
            ],
            [
              77.5171272,
              10.0043448
            ],
            [
              77.5172156,
              10.0042408
            ],
            [
              77.5170168,
              10.0039272
            ],
            [
              77.5167265,
              10.0035642
            ],
            [
              77.5159849,
              10.0027007
            ],
            [
              77.5150341,
              10.0016898
            ],
            [
              77.514514,
              10.0012076
            ],
            [
              77.5121558,
              10.0007383
            ],
            [
              77.5116041,
              10.0004521
            ],
            [
              77.5109911,
              9.9998633
            ],
            [
              77.5103135,
              9.9990743
            ],
            [
              77.5101321,
              9.998783
            ],
            [
              77.5097205,
              9.9981215
            ],
            [
              77.5092812,
              9.997924
            ],
            [
              77.5090328,
              9.9984047
            ],
            [
              77.5091355,
              9.9988399
            ],
            [
              77.5085935,
              9.9987513
            ],
            [
              77.5083297,
              9.9990299
            ],
            [
              77.5084918,
              9.9994283
            ],
            [
              77.5090234,
              9.9995355
            ],
            [
              77.5097923,
              10.0002321
            ],
            [
              77.5105884,
              10.0007168
            ],
            [
              77.5111891,
              10.00118
            ],
            [
              77.5117319,
              10.0013226
            ],
            [
              77.5123108,
              10.0016006
            ],
            [
              77.5131286,
              10.0016362
            ],
            [
              77.5141346,
              10.0020852
            ],
            [
              77.5151623,
              10.0027195
            ],
            [
              77.5156926,
              10.00333
            ],
            [
              77.5160923,
              10.0042339
            ],
            [
              77.516142,
              10.0045433
            ],
            [
              77.5159361,
              10.004587
            ],
            [
              77.5160049,
              10.0046617
            ],
            [
              77.5159963,
              10.0047942
            ],
            [
              77.5161594,
              10.0048632
            ],
            [
              77.5161095,
              10.0050131
            ],
            [
              77.5160222,
              10.0050566
            ],
            [
              77.5160231,
              10.0051694
            ],
            [
              77.5161735,
              10.0051771
            ],
            [
              77.5161875,
              10.005491
            ],
            [
              77.5157384,
              10.0054934
            ],
            [
              77.5158925,
              10.0057392
            ],
            [
              77.5158588,
              10.0059033
            ],
            [
              77.5156952,
              10.0058269
            ],
            [
              77.5154773,
              10.0056698
            ],
            [
              77.5152863,
              10.0054893
            ],
            [
              77.5143273,
              10.0054629
            ],
            [
              77.5146258,
              10.0059054
            ],
            [
              77.5146602,
              10.0061992
            ],
            [
              77.5148365,
              10.0062068
            ],
            [
              77.5148893,
              10.0064892
            ],
            [
              77.5151926,
              10.006612
            ],
            [
              77.5153731,
              10.0066283
            ],
            [
              77.5154027,
              10.0069535
            ],
            [
              77.5152101,
              10.0073762
            ],
            [
              77.5152883,
              10.0076859
            ],
            [
              77.5154126,
              10.007999
            ],
            [
              77.5153364,
              10.0082414
            ],
            [
              77.5152071,
              10.0085012
            ],
            [
              77.5154401,
              10.0083057
            ],
            [
              77.5157203,
              10.0082089
            ],
            [
              77.515936,
              10.008319
            ],
            [
              77.5164537,
              10.0090381
            ],
            [
              77.5165946,
              10.0090512
            ],
            [
              77.5172149,
              10.0094318
            ],
            [
              77.5171817,
              10.0095956
            ],
            [
              77.5177713,
              10.0101213
            ],
            [
              77.5178194,
              10.0103155
            ],
            [
              77.5182,
              10.0101504
            ],
            [
              77.5190107,
              10.0100978
            ],
            [
              77.5195485,
              10.0102014
            ],
            [
              77.5198552,
              10.0103452
            ],
            [
              77.5202349,
              10.0106622
            ],
            [
              77.5208234,
              10.0109873
            ],
            [
              77.5210739,
              10.0110186
            ],
            [
              77.5215236,
              10.0108866
            ],
            [
              77.5220157,
              10.0111076
            ],
            [
              77.5223486,
              10.0116635
            ],
            [
              77.5225947,
              10.0119485
            ],
            [
              77.5225006,
              10.0128465
            ],
            [
              77.5226236,
              10.0128394
            ],
            [
              77.5226743,
              10.0131672
            ],
            [
              77.522848,
              10.0131815
            ],
            [
              77.522848,
              10.0135378
            ],
            [
              77.5229783,
              10.0135521
            ],
            [
              77.5229276,
              10.0137089
            ],
            [
              77.5228046,
              10.0139298
            ],
            [
              77.5230072,
              10.0138514
            ],
            [
              77.523123,
              10.0136804
            ],
            [
              77.5232678,
              10.0135664
            ],
            [
              77.5234993,
              10.013324
            ],
            [
              77.5237888,
              10.0131031
            ],
            [
              77.5243967,
              10.0131031
            ],
            [
              77.5251494,
              10.0130675
            ],
            [
              77.5255836,
              10.0130817
            ],
            [
              77.5263218,
              10.0130889
            ],
            [
              77.5265824,
              10.0132599
            ],
            [
              77.5270166,
              10.0133454
            ],
            [
              77.5275666,
              10.0134951
            ],
            [
              77.5279791,
              10.0137873
            ],
            [
              77.5285002,
              10.0137303
            ],
            [
              77.528768,
              10.0139726
            ],
            [
              77.529195,
              10.0140652
            ],
            [
              77.5295858,
              10.0146069
            ],
            [
              77.5296292,
              10.0151842
            ],
            [
              77.5293904,
              10.0152982
            ],
            [
              77.5289854,
              10.0158983
            ],
            [
              77.5287913,
              10.0164824
            ],
            [
              77.5286414,
              10.0169487
            ],
            [
              77.5285096,
              10.0172497
            ],
            [
              77.52815,
              10.0174268
            ],
            [
              77.5281739,
              10.0175684
            ],
            [
              77.5280361,
              10.0176452
            ],
            [
              77.52809,
              10.018017
            ],
            [
              77.5279642,
              10.0180406
            ],
            [
              77.5276095,
              10.0182017
            ],
            [
              77.5271038,
              10.0184212
            ],
            [
              77.527423,
              10.0185648
            ],
            [
              77.5276362,
              10.0187136
            ],
            [
              77.5282671,
              10.0187748
            ],
            [
              77.5288446,
              10.0187004
            ],
            [
              77.5294621,
              10.0187442
            ],
            [
              77.5297242,
              10.0191248
            ],
            [
              77.5296931,
              10.0193479
            ],
            [
              77.5298575,
              10.019851
            ],
            [
              77.5303862,
              10.0214697
            ],
            [
              77.5303729,
              10.0220691
            ],
            [
              77.5302085,
              10.0226422
            ],
            [
              77.5302574,
              10.0228697
            ],
            [
              77.5295243,
              10.0230972
            ],
            [
              77.5295243,
              10.0232372
            ],
            [
              77.5291935,
              10.0233389
            ],
            [
              77.5292178,
              10.0233859
            ],
            [
              77.5295821,
              10.0233641
            ],
            [
              77.5298442,
              10.0234778
            ],
            [
              77.5302352,
              10.0238715
            ],
            [
              77.5306261,
              10.0242128
            ],
            [
              77.5309904,
              10.0242959
            ],
            [
              77.5312969,
              10.0242959
            ],
            [
              77.531448,
              10.0248078
            ],
            [
              77.5313591,
              10.0254027
            ],
            [
              77.5312658,
              10.0254684
            ],
            [
              77.531177,
              10.0260065
            ],
            [
              77.5309326,
              10.026024
            ],
            [
              77.5309504,
              10.0261071
            ],
            [
              77.5311859,
              10.0263083
            ],
            [
              77.5311992,
              10.0264046
            ],
            [
              77.5307061,
              10.0267152
            ],
            [
              77.5301641,
              10.026877
            ],
            [
              77.5301996,
              10.0270258
            ],
            [
              77.5306394,
              10.026947
            ],
            [
              77.5309238,
              10.0271045
            ],
            [
              77.5313769,
              10.027157
            ],
            [
              77.5322743,
              10.027052
            ],
            [
              77.5330918,
              10.0276164
            ],
            [
              77.5333717,
              10.0280364
            ],
            [
              77.5333939,
              10.0283338
            ],
            [
              77.5330918,
              10.0285395
            ],
            [
              77.5330562,
              10.0286707
            ],
            [
              77.5329896,
              10.0289551
            ],
            [
              77.5330296,
              10.0291038
            ],
            [
              77.5327186,
              10.0293619
            ],
            [
              77.5332739,
              10.0291082
            ],
            [
              77.533305,
              10.0289419
            ],
            [
              77.5337937,
              10.0288107
            ],
            [
              77.5338826,
              10.0286969
            ],
            [
              77.5345667,
              10.0284651
            ],
            [
              77.5349133,
              10.0285045
            ],
            [
              77.5353264,
              10.0288151
            ],
            [
              77.5354375,
              10.0293269
            ],
            [
              77.5356019,
              10.0297381
            ],
            [
              77.5364638,
              10.0295063
            ],
            [
              77.5365482,
              10.0292963
            ],
            [
              77.5372412,
              10.0291694
            ],
            [
              77.5372768,
              10.029235
            ],
            [
              77.5378854,
              10.0291082
            ],
            [
              77.5380853,
              10.029235
            ],
            [
              77.5381964,
              10.0294275
            ],
            [
              77.5384318,
              10.0295632
            ],
            [
              77.538694,
              10.0302894
            ],
            [
              77.5386984,
              10.0309587
            ],
            [
              77.5383741,
              10.0315274
            ],
            [
              77.5381875,
              10.0321792
            ],
            [
              77.5376188,
              10.0325205
            ],
            [
              77.5372012,
              10.0327042
            ],
            [
              77.5368236,
              10.0327042
            ],
            [
              77.5363438,
              10.0324592
            ],
            [
              77.5361306,
              10.0325117
            ],
            [
              77.5358551,
              10.0331723
            ],
            [
              77.5357396,
              10.0334348
            ],
            [
              77.5361794,
              10.0336229
            ],
            [
              77.5364415,
              10.0345547
            ],
            [
              77.5364371,
              10.0346335
            ],
            [
              77.5364993,
              10.0349484
            ],
            [
              77.5362937,
              10.0349688
            ],
            [
              77.536133,
              10.0348708
            ],
            [
              77.5358615,
              10.0349499
            ],
            [
              77.5357544,
              10.0351119
            ],
            [
              77.5361445,
              10.0350027
            ],
            [
              77.536156,
              10.0352964
            ],
            [
              77.5366418,
              10.0352173
            ],
            [
              77.5366877,
              10.0354358
            ],
            [
              77.5372384,
              10.0353793
            ],
            [
              77.5373264,
              10.0354848
            ],
            [
              77.5377625,
              10.035432
            ],
            [
              77.5378045,
              10.0359141
            ],
            [
              77.5376171,
              10.035997
            ],
            [
              77.5375253,
              10.0362644
            ],
            [
              77.5374067,
              10.0365808
            ],
            [
              77.5372958,
              10.0369536
            ],
            [
              77.5371122,
              10.0373792
            ],
            [
              77.5370166,
              10.0374433
            ],
            [
              77.5369171,
              10.0380572
            ],
            [
              77.5367259,
              10.0384828
            ],
            [
              77.5369057,
              10.0388293
            ],
            [
              77.5370357,
              10.0390816
            ],
            [
              77.5373876,
              10.0390779
            ],
            [
              77.5375406,
              10.0391871
            ],
            [
              77.5382291,
              10.0391419
            ],
            [
              77.5383897,
              10.0396767
            ],
            [
              77.5386537,
              10.0411192
            ],
            [
              77.5382635,
              10.0415071
            ],
            [
              77.5382559,
              10.0416729
            ],
            [
              77.5381794,
              10.0419252
            ],
            [
              77.537904,
              10.0421813
            ],
            [
              77.5375138,
              10.0422114
            ],
            [
              77.536963,
              10.0423885
            ],
            [
              77.5367489,
              10.0425127
            ],
            [
              77.5366609,
              10.0427124
            ],
            [
              77.5366341,
              10.0429835
            ],
            [
              77.5363625,
              10.0431116
            ],
            [
              77.5362899,
              10.0429572
            ],
            [
              77.5361866,
              10.0427199
            ],
            [
              77.5360374,
              10.0425956
            ],
            [
              77.5356052,
              10.042637
            ],
            [
              77.535414,
              10.0425542
            ],
            [
              77.5351156,
              10.0419159
            ],
            [
              77.5349112,
              10.0420209
            ],
            [
              77.5348046,
              10.0421127
            ],
            [
              77.5347424,
              10.0422833
            ],
            [
              77.5348801,
              10.0426333
            ],
            [
              77.5349778,
              10.0428039
            ],
            [
              77.5350967,
              10.0431036
            ],
            [
              77.5351219,
              10.043385
            ],
            [
              77.5350631,
              10.0439561
            ],
            [
              77.5347688,
              10.0440596
            ],
            [
              77.5346764,
              10.0438982
            ],
            [
              77.5343612,
              10.0437699
            ],
            [
              77.5337685,
              10.0438319
            ],
            [
              77.5335163,
              10.0439975
            ],
            [
              77.5330918,
              10.0439892
            ],
            [
              77.5329363,
              10.0437823
            ],
            [
              77.5326001,
              10.0437492
            ],
            [
              77.5320327,
              10.0438071
            ],
            [
              77.531398,
              10.0438733
            ],
            [
              77.5311417,
              10.0440637
            ],
            [
              77.5312551,
              10.0441175
            ],
            [
              77.5314905,
              10.0439934
            ],
            [
              77.5319991,
              10.0439396
            ],
            [
              77.5325959,
              10.0439271
            ],
            [
              77.5329013,
              10.0439836
            ],
            [
              77.532954,
              10.0442365
            ],
            [
              77.5331187,
              10.0446386
            ],
            [
              77.5333096,
              10.0448721
            ],
            [
              77.5338036,
              10.0448461
            ],
            [
              77.5339617,
              10.044898
            ],
            [
              77.5342515,
              10.0448072
            ],
            [
              77.5346203,
              10.0449628
            ],
            [
              77.5347849,
              10.0453649
            ],
            [
              77.5350093,
              10.0456769
            ],
            [
              77.5350513,
              10.0459625
            ],
            [
              77.5345596,
              10.0461901
            ],
            [
              77.5345133,
              10.0466329
            ],
            [
              77.5343662,
              10.046906
            ],
            [
              77.5340594,
              10.0470095
            ],
            [
              77.5336853,
              10.0471544
            ],
            [
              77.5332566,
              10.0477876
            ],
            [
              77.5331595,
              10.0479136
            ],
            [
              77.5332903,
              10.0478993
            ],
            [
              77.5338392,
              10.0471777
            ],
            [
              77.5342645,
              10.0471442
            ],
            [
              77.534497,
              10.0470269
            ],
            [
              77.5346558,
              10.0468482
            ],
            [
              77.5349903,
              10.0467366
            ],
            [
              77.5355233,
              10.046865
            ],
            [
              77.5358125,
              10.0473842
            ],
            [
              77.5356764,
              10.0478253
            ],
            [
              77.5357627,
              10.0483991
            ],
            [
              77.5359038,
              10.0490867
            ],
            [
              77.5360087,
              10.0496604
            ],
            [
              77.5358547,
              10.0498197
            ],
            [
              77.5361028,
              10.04981
            ],
            [
              77.5362078,
              10.0497388
            ],
            [
              77.5362657,
              10.0495571
            ],
            [
              77.5361897,
              10.049297
            ],
            [
              77.5361804,
              10.0490042
            ],
            [
              77.5362097,
              10.0488408
            ],
            [
              77.536527,
              10.0485908
            ],
            [
              77.5368688,
              10.0487158
            ],
            [
              77.5372691,
              10.0489369
            ],
            [
              77.5379818,
              10.049235
            ],
            [
              77.5385307,
              10.0496105
            ],
            [
              77.5385494,
              10.0498866
            ],
            [
              77.5385431,
              10.0499725
            ],
            [
              77.5386148,
              10.0500124
            ],
            [
              77.5389294,
              10.0501351
            ],
            [
              77.5392005,
              10.0508038
            ],
            [
              77.5391537,
              10.0511443
            ],
            [
              77.5391849,
              10.0514695
            ],
            [
              77.539079,
              10.0519419
            ],
            [
              77.5390977,
              10.0525094
            ],
            [
              77.5392362,
              10.0528306
            ],
            [
              77.5394548,
              10.0529796
            ],
            [
              77.5397994,
              10.0532817
            ],
            [
              77.5401636,
              10.0537557
            ],
            [
              77.5403525,
              10.0542157
            ],
            [
              77.5403454,
              10.0542585
            ],
            [
              77.5402333,
              10.0543511
            ],
            [
              77.5401645,
              10.0544295
            ],
            [
              77.5401464,
              10.0545863
            ],
            [
              77.5402333,
              10.0545791
            ],
            [
              77.540269,
              10.054391
            ],
            [
              77.5404091,
              10.0542683
            ],
            [
              77.5404995,
              10.0541548
            ],
            [
              77.5404652,
              10.0539677
            ],
            [
              77.5409014,
              10.0539247
            ],
            [
              77.5407768,
              10.0535351
            ],
            [
              77.5405324,
              10.0533415
            ],
            [
              77.5404745,
              10.053054
            ],
            [
              77.5404429,
              10.0529226
            ],
            [
              77.5403853,
              10.0527582
            ],
            [
              77.5404012,
              10.0526642
            ],
            [
              77.5404628,
              10.0526015
            ],
            [
              77.5407968,
              10.0525291
            ],
            [
              77.5408081,
              10.0525824
            ],
            [
              77.541101,
              10.0525302
            ],
            [
              77.5414063,
              10.0526008
            ],
            [
              77.5416368,
              10.0526038
            ],
            [
              77.5418829,
              10.0525149
            ],
            [
              77.5419141,
              10.0523155
            ],
            [
              77.5420169,
              10.0521958
            ],
            [
              77.5420009,
              10.0519659
            ],
            [
              77.5422124,
              10.0519126
            ],
            [
              77.5426385,
              10.0518753
            ],
            [
              77.5428362,
              10.0523393
            ],
            [
              77.5427912,
              10.0529758
            ],
            [
              77.5428831,
              10.0532024
            ],
            [
              77.5426556,
              10.0534349
            ],
            [
              77.542645,
              10.0536024
            ],
            [
              77.5423458,
              10.0537099
            ],
            [
              77.5426759,
              10.0537623
            ],
            [
              77.5430487,
              10.0537262
            ],
            [
              77.5432307,
              10.053659
            ],
            [
              77.5433277,
              10.0539188
            ],
            [
              77.5433972,
              10.0543239
            ],
            [
              77.5435886,
              10.0543069
            ],
            [
              77.54394,
              10.054293
            ],
            [
              77.5439423,
              10.0541835
            ],
            [
              77.5441191,
              10.0541218
            ],
            [
              77.5442335,
              10.054003
            ],
            [
              77.5449077,
              10.0540054
            ],
            [
              77.5450864,
              10.0540698
            ],
            [
              77.5451562,
              10.0542705
            ],
            [
              77.5453172,
              10.0543253
            ],
            [
              77.5455454,
              10.0543139
            ],
            [
              77.5458459,
              10.0542481
            ],
            [
              77.5460456,
              10.0541079
            ],
            [
              77.5464785,
              10.0539432
            ],
            [
              77.546798,
              10.0540029
            ],
            [
              77.5470093,
              10.0547403
            ],
            [
              77.5471299,
              10.055022
            ],
            [
              77.5472589,
              10.0551299
            ],
            [
              77.5475287,
              10.0551728
            ],
            [
              77.5478601,
              10.0551825
            ],
            [
              77.5484035,
              10.0551817
            ],
            [
              77.5493344,
              10.0548857
            ],
            [
              77.5495874,
              10.0557553
            ],
            [
              77.5484352,
              10.055902
            ],
            [
              77.5478399,
              10.0562849
            ],
            [
              77.5475318,
              10.0566501
            ],
            [
              77.5471891,
              10.0569253
            ],
            [
              77.5469974,
              10.0570322
            ],
            [
              77.5465192,
              10.0571821
            ],
            [
              77.5469257,
              10.0571725
            ],
            [
              77.5471702,
              10.0571812
            ],
            [
              77.5475742,
              10.0574458
            ],
            [
              77.5478028,
              10.057813
            ],
            [
              77.5478285,
              10.0581327
            ],
            [
              77.5477585,
              10.0581775
            ],
            [
              77.5478482,
              10.0587152
            ],
            [
              77.5481017,
              10.0588737
            ],
            [
              77.5483428,
              10.0589462
            ],
            [
              77.5485352,
              10.0590829
            ],
            [
              77.5486341,
              10.0595816
            ],
            [
              77.5482929,
              10.0596711
            ],
            [
              77.5483048,
              10.0600256
            ],
            [
              77.5480753,
              10.0602879
            ],
            [
              77.5474634,
              10.0603501
            ],
            [
              77.5471994,
              10.0607924
            ],
            [
              77.5475704,
              10.0609063
            ],
            [
              77.5476134,
              10.0604869
            ],
            [
              77.5479561,
              10.0604367
            ],
            [
              77.5482208,
              10.0604961
            ],
            [
              77.5482978,
              10.0604524
            ],
            [
              77.5484383,
              10.0601262
            ],
            [
              77.5485694,
              10.0601566
            ],
            [
              77.5485692,
              10.060375
            ],
            [
              77.5486128,
              10.0605677
            ],
            [
              77.5487325,
              10.0606001
            ],
            [
              77.5487786,
              10.0606966
            ],
            [
              77.5486483,
              10.0609255
            ],
            [
              77.5487238,
              10.0610524
            ],
            [
              77.5488329,
              10.0608508
            ],
            [
              77.5489409,
              10.0606043
            ],
            [
              77.5497162,
              10.0605725
            ],
            [
              77.5497739,
              10.0603104
            ],
            [
              77.5506622,
              10.0601948
            ],
            [
              77.5513315,
              10.0600359
            ],
            [
              77.5516893,
              10.0600146
            ],
            [
              77.551855,
              10.0610546
            ],
            [
              77.5519917,
              10.0624443
            ],
            [
              77.5518518,
              10.062628
            ],
            [
              77.5516904,
              10.0628591
            ],
            [
              77.5520119,
              10.0626603
            ],
            [
              77.552528,
              10.0626942
            ],
            [
              77.5528204,
              10.0624558
            ],
            [
              77.5531301,
              10.0619635
            ],
            [
              77.5535785,
              10.0619532
            ],
            [
              77.5543211,
              10.0615125
            ],
            [
              77.5544343,
              10.0619318
            ],
            [
              77.5549731,
              10.0619655
            ],
            [
              77.5551155,
              10.0628294
            ],
            [
              77.5552579,
              10.0633162
            ],
            [
              77.5551562,
              10.0641134
            ],
            [
              77.5547313,
              10.0643034
            ],
            [
              77.5545938,
              10.0645243
            ],
            [
              77.5545576,
              10.0647345
            ],
            [
              77.5548544,
              10.0649911
            ],
            [
              77.5550859,
              10.0650837
            ],
            [
              77.5550932,
              10.0655291
            ],
            [
              77.5550389,
              10.0656431
            ],
            [
              77.5550389,
              10.065921
            ],
            [
              77.5551131,
              10.0663154
            ],
            [
              77.5539394,
              10.0666642
            ],
            [
              77.5542683,
              10.0668764
            ],
            [
              77.5545362,
              10.0667664
            ],
            [
              77.5545372,
              10.0668332
            ],
            [
              77.5543542,
              10.0669007
            ],
            [
              77.5542303,
              10.0670157
            ],
            [
              77.5542131,
              10.0672088
            ],
            [
              77.5543347,
              10.0674112
            ],
            [
              77.5543844,
              10.0673041
            ],
            [
              77.5543482,
              10.0671865
            ],
            [
              77.5544046,
              10.0670569
            ],
            [
              77.5546461,
              10.0669297
            ],
            [
              77.5546839,
              10.0667177
            ],
            [
              77.5553894,
              10.0665741
            ],
            [
              77.5555446,
              10.0669188
            ],
            [
              77.5556886,
              10.0668783
            ],
            [
              77.5556753,
              10.0661495
            ],
            [
              77.5558761,
              10.0660904
            ],
            [
              77.5563646,
              10.0655063
            ],
            [
              77.5563824,
              10.065336
            ],
            [
              77.5574074,
              10.0653888
            ],
            [
              77.5576612,
              10.0656879
            ],
            [
              77.5578322,
              10.0656718
            ],
            [
              77.5577481,
              10.0647779
            ],
            [
              77.5580633,
              10.0642979
            ],
            [
              77.5589628,
              10.0640744
            ],
            [
              77.5590889,
              10.0642854
            ],
            [
              77.5593032,
              10.0646
            ],
            [
              77.5592528,
              10.0642565
            ],
            [
              77.5597235,
              10.0639875
            ],
            [
              77.5596857,
              10.063284
            ],
            [
              77.559589,
              10.0627874
            ],
            [
              77.5598412,
              10.062568
            ],
            [
              77.5599421,
              10.0621501
            ],
            [
              77.5596437,
              10.0619349
            ],
            [
              77.5596605,
              10.06167
            ],
            [
              77.5599967,
              10.0617486
            ],
            [
              77.560459,
              10.0617362
            ],
            [
              77.5604717,
              10.0619307
            ],
            [
              77.560623,
              10.0620052
            ],
            [
              77.560644,
              10.0623239
            ],
            [
              77.5608079,
              10.0625846
            ],
            [
              77.560955,
              10.0629363
            ],
            [
              77.5611357,
              10.0631433
            ],
            [
              77.5614812,
              10.0633712
            ],
            [
              77.5612803,
              10.064195
            ],
            [
              77.5608685,
              10.0645891
            ],
            [
              77.5610031,
              10.065335
            ],
            [
              77.5613152,
              10.0656863
            ],
            [
              77.5614843,
              10.0660127
            ],
            [
              77.5614517,
              10.0670028
            ],
            [
              77.561455,
              10.0675958
            ],
            [
              77.5614639,
              10.0682118
            ],
            [
              77.5614032,
              10.0683818
            ],
            [
              77.561284,
              10.0684337
            ],
            [
              77.561272,
              10.0683225
            ],
            [
              77.5612309,
              10.0682873
            ],
            [
              77.5607858,
              10.0684084
            ],
            [
              77.5606085,
              10.0686721
            ],
            [
              77.5601562,
              10.0686863
            ],
            [
              77.5601019,
              10.0688823
            ],
            [
              77.5597292,
              10.0690426
            ],
            [
              77.5602539,
              10.0691317
            ],
            [
              77.56024,
              10.0694125
            ],
            [
              77.560307,
              10.0696262
            ],
            [
              77.5607042,
              10.0698104
            ],
            [
              77.5609305,
              10.0699445
            ],
            [
              77.5607665,
              10.0706266
            ],
            [
              77.5608543,
              10.0708858
            ],
            [
              77.5607804,
              10.0709836
            ],
            [
              77.5607642,
              10.0710927
            ],
            [
              77.5605194,
              10.0711859
            ],
            [
              77.5603555,
              10.0713337
            ],
            [
              77.5601546,
              10.0714042
            ],
            [
              77.5601592,
              10.0714497
            ],
            [
              77.5603185,
              10.0714292
            ],
            [
              77.5604507,
              10.0714851
            ],
            [
              77.5605333,
              10.0715202
            ],
            [
              77.5606802,
              10.0714477
            ],
            [
              77.5610506,
              10.0712035
            ],
            [
              77.5611602,
              10.0710839
            ],
            [
              77.5616534,
              10.0710428
            ],
            [
              77.5617424,
              10.0709106
            ],
            [
              77.5623338,
              10.0706697
            ],
            [
              77.562311,
              10.070336
            ],
            [
              77.5629556,
              10.0702873
            ],
            [
              77.5632605,
              10.0705543
            ],
            [
              77.5633659,
              10.070745
            ],
            [
              77.5634062,
              10.0709785
            ],
            [
              77.5636387,
              10.0706902
            ],
            [
              77.5636622,
              10.0702846
            ],
            [
              77.5638844,
              10.0702413
            ],
            [
              77.5643596,
              10.0696684
            ],
            [
              77.5648774,
              10.0691761
            ],
            [
              77.5652922,
              10.0689909
            ],
            [
              77.5653824,
              10.0686585
            ],
            [
              77.5654725,
              10.0686611
            ],
            [
              77.5658395,
              10.0689446
            ],
            [
              77.5662072,
              10.0693781
            ],
            [
              77.5664965,
              10.0695012
            ],
            [
              77.5667121,
              10.0699221
            ],
            [
              77.5666408,
              10.0701536
            ],
            [
              77.5671045,
              10.0705572
            ],
            [
              77.5673709,
              10.0709651
            ],
            [
              77.5677324,
              10.0716538
            ],
            [
              77.5677514,
              10.0723942
            ],
            [
              77.5679753,
              10.072664
            ],
            [
              77.5680747,
              10.072947
            ],
            [
              77.5682045,
              10.0730712
            ],
            [
              77.5683651,
              10.0731348
            ],
            [
              77.5685514,
              10.0731392
            ],
            [
              77.5684655,
              10.0730724
            ],
            [
              77.5682764,
              10.073003
            ],
            [
              77.5681814,
              10.0727739
            ],
            [
              77.5680256,
              10.0724421
            ],
            [
              77.5679113,
              10.070496
            ],
            [
              77.5678754,
              10.0702113
            ],
            [
              77.5679873,
              10.0698938
            ],
            [
              77.5683528,
              10.069734
            ],
            [
              77.5686531,
              10.0699857
            ],
            [
              77.5689098,
              10.0700656
            ],
            [
              77.5689534,
              10.0702435
            ],
            [
              77.5693603,
              10.0702332
            ],
            [
              77.570197,
              10.0705971
            ],
            [
              77.5702066,
              10.0708084
            ],
            [
              77.5705127,
              10.0709387
            ],
            [
              77.5708372,
              10.0709735
            ],
            [
              77.5708143,
              10.0704906
            ],
            [
              77.5703621,
              10.070466
            ],
            [
              77.5705183,
              10.069079
            ],
            [
              77.5705591,
              10.0689204
            ],
            [
              77.5706725,
              10.0688652
            ],
            [
              77.5709102,
              10.0688486
            ],
            [
              77.5709283,
              10.0685951
            ],
            [
              77.5707189,
              10.0684178
            ],
            [
              77.5707677,
              10.0677912
            ],
            [
              77.5709096,
              10.0674553
            ],
            [
              77.5712111,
              10.0671898
            ],
            [
              77.5712419,
              10.0668581
            ],
            [
              77.5711326,
              10.0663121
            ],
            [
              77.5709234,
              10.0655012
            ],
            [
              77.5706303,
              10.0653153
            ],
            [
              77.5706151,
              10.0649167
            ],
            [
              77.5707998,
              10.0649096
            ],
            [
              77.5708165,
              10.0647369
            ],
            [
              77.571064,
              10.064516
            ],
            [
              77.5715049,
              10.0644181
            ],
            [
              77.5725621,
              10.0641455
            ],
            [
              77.5723982,
              10.0650669
            ],
            [
              77.5720801,
              10.0661968
            ],
            [
              77.5724843,
              10.0662189
            ],
            [
              77.5727288,
              10.0664396
            ],
            [
              77.5730255,
              10.0667136
            ],
            [
              77.5735574,
              10.0669777
            ],
            [
              77.5739161,
              10.0671521
            ],
            [
              77.5743009,
              10.0671607
            ],
            [
              77.5743721,
              10.0672746
            ],
            [
              77.5745694,
              10.067256
            ],
            [
              77.5748379,
              10.0669871
            ],
            [
              77.5753204,
              10.0666686
            ],
            [
              77.5760056,
              10.067029
            ],
            [
              77.5762957,
              10.0673812
            ],
            [
              77.5761684,
              10.068092
            ],
            [
              77.5766529,
              10.0685546
            ],
            [
              77.5766177,
              10.0689655
            ],
            [
              77.5773049,
              10.069262
            ],
            [
              77.5773341,
              10.0698908
            ],
            [
              77.5777635,
              10.0709224
            ],
            [
              77.5777977,
              10.0714078
            ],
            [
              77.5774795,
              10.0720064
            ],
            [
              77.5771214,
              10.0733088
            ],
            [
              77.5765453,
              10.0733456
            ],
            [
              77.5759523,
              10.0736255
            ],
            [
              77.5747542,
              10.0736912
            ],
            [
              77.5747582,
              10.0737809
            ],
            [
              77.5755482,
              10.0744369
            ],
            [
              77.5763765,
              10.0749506
            ],
            [
              77.5767852,
              10.0755669
            ],
            [
              77.5767629,
              10.0761162
            ],
            [
              77.5765528,
              10.0763885
            ],
            [
              77.5762221,
              10.0765544
            ],
            [
              77.5765152,
              10.0773735
            ],
            [
              77.5772849,
              10.0775662
            ],
            [
              77.5781937,
              10.0771335
            ],
            [
              77.57889,
              10.0764296
            ],
            [
              77.580591,
              10.075294
            ],
            [
              77.5807913,
              10.0748378
            ],
            [
              77.581872,
              10.075963
            ],
            [
              77.5820522,
              10.0767417
            ],
            [
              77.5818466,
              10.0784089
            ],
            [
              77.5821117,
              10.0791841
            ],
            [
              77.5821825,
              10.0792945
            ],
            [
              77.5823169,
              10.0790494
            ],
            [
              77.5823806,
              10.0787963
            ],
            [
              77.5823804,
              10.0784086
            ],
            [
              77.5826116,
              10.0782863
            ],
            [
              77.5826584,
              10.0776189
            ],
            [
              77.5829603,
              10.0773871
            ],
            [
              77.5832561,
              10.0770657
            ],
            [
              77.5836285,
              10.0770482
            ],
            [
              77.5842792,
              10.0762521
            ],
            [
              77.5842427,
              10.0749895
            ],
            [
              77.5842631,
              10.0748237
            ],
            [
              77.5844751,
              10.0746746
            ],
            [
              77.5846966,
              10.0745959
            ],
            [
              77.5848214,
              10.07444
            ],
            [
              77.5849773,
              10.0743461
            ],
            [
              77.5850682,
              10.0741081
            ],
            [
              77.5850719,
              10.0738453
            ],
            [
              77.5856457,
              10.0733957
            ],
            [
              77.5876834,
              10.0740581
            ],
            [
              77.5879723,
              10.0750318
            ],
            [
              77.5877168,
              10.0761679
            ],
            [
              77.5871013,
              10.0768721
            ],
            [
              77.5872812,
              10.0775448
            ],
            [
              77.5881922,
              10.0779225
            ],
            [
              77.5887076,
              10.0790791
            ],
            [
              77.5895587,
              10.0792797
            ],
            [
              77.5897146,
              10.0779461
            ],
            [
              77.5903858,
              10.0770137
            ],
            [
              77.5915486,
              10.0770019
            ],
            [
              77.5924476,
              10.077592
            ],
            [
              77.5928317,
              10.0777478
            ],
            [
              77.5939141,
              10.0777449
            ],
            [
              77.5940658,
              10.0781102
            ],
            [
              77.5949885,
              10.0781442
            ],
            [
              77.5961256,
              10.0784501
            ],
            [
              77.5962871,
              10.0783518
            ],
            [
              77.5963579,
              10.0781791
            ],
            [
              77.5960197,
              10.0780178
            ],
            [
              77.5955223,
              10.0776953
            ],
            [
              77.5951211,
              10.0774905
            ],
            [
              77.5946358,
              10.0773291
            ],
            [
              77.5945189,
              10.0772066
            ],
            [
              77.5944979,
              10.0763153
            ],
            [
              77.5936004,
              10.0762278
            ],
            [
              77.5937426,
              10.0752918
            ],
            [
              77.5932273,
              10.0746706
            ],
            [
              77.593014,
              10.0741457
            ],
            [
              77.5933517,
              10.0737433
            ],
            [
              77.5933183,
              10.0733707
            ],
            [
              77.5933161,
              10.0730706
            ],
            [
              77.5934367,
              10.0727488
            ],
            [
              77.5935287,
              10.0725992
            ],
            [
              77.5936035,
              10.0722513
            ],
            [
              77.5937533,
              10.072252
            ],
            [
              77.5938982,
              10.0719984
            ],
            [
              77.5940089,
              10.071152
            ],
            [
              77.5952876,
              10.0713224
            ],
            [
              77.5957855,
              10.0713462
            ],
            [
              77.5960259,
              10.0708629
            ],
            [
              77.5965925,
              10.0704245
            ],
            [
              77.596709,
              10.0702366
            ],
            [
              77.5973999,
              10.0702781
            ],
            [
              77.5981652,
              10.0701691
            ],
            [
              77.5979561,
              10.0700919
            ],
            [
              77.5976982,
              10.0700866
            ],
            [
              77.5977109,
              10.0699241
            ],
            [
              77.5964505,
              10.0697963
            ],
            [
              77.5961298,
              10.0693998
            ],
            [
              77.5957489,
              10.0691674
            ],
            [
              77.5955236,
              10.0687858
            ],
            [
              77.5955523,
              10.0681549
            ],
            [
              77.5957253,
              10.0678755
            ],
            [
              77.5957674,
              10.0675475
            ],
            [
              77.5956125,
              10.06792
            ],
            [
              77.5954998,
              10.0679644
            ],
            [
              77.5950493,
              10.0685363
            ],
            [
              77.5939379,
              10.0683038
            ],
            [
              77.5935968,
              10.0679896
            ],
            [
              77.5934509,
              10.0670441
            ],
            [
              77.5932343,
              10.066854
            ],
            [
              77.5932196,
              10.0667061
            ],
            [
              77.5929218,
              10.0665476
            ],
            [
              77.5929244,
              10.0663618
            ],
            [
              77.592679,
              10.0658305
            ],
            [
              77.5927446,
              10.0655105
            ],
            [
              77.5924656,
              10.0651188
            ],
            [
              77.5920042,
              10.0647164
            ],
            [
              77.591328,
              10.0643748
            ],
            [
              77.5912416,
              10.0642302
            ],
            [
              77.591058,
              10.0642157
            ],
            [
              77.5909591,
              10.0640917
            ],
            [
              77.5909115,
              10.0637696
            ],
            [
              77.5906768,
              10.0635481
            ],
            [
              77.5902825,
              10.0633904
            ],
            [
              77.5901163,
              10.0633706
            ],
            [
              77.5895155,
              10.0627077
            ],
            [
              77.5902772,
              10.0628028
            ],
            [
              77.5907413,
              10.062713
            ],
            [
              77.5910712,
              10.0622984
            ],
            [
              77.5913099,
              10.0617992
            ],
            [
              77.5912052,
              10.0615034
            ],
            [
              77.5911033,
              10.061102
            ],
            [
              77.5909424,
              10.0608009
            ],
            [
              77.5909263,
              10.0604311
            ],
            [
              77.5911194,
              10.0602252
            ],
            [
              77.591157,
              10.0599558
            ],
            [
              77.5912589,
              10.0598449
            ],
            [
              77.5914788,
              10.0597181
            ],
            [
              77.5918221,
              10.0599399
            ],
            [
              77.5919992,
              10.0603308
            ],
            [
              77.592262,
              10.0606002
            ],
            [
              77.5923532,
              10.0611971
            ],
            [
              77.5925947,
              10.0614981
            ],
            [
              77.5927127,
              10.062095
            ],
            [
              77.5925409,
              10.0621848
            ],
            [
              77.5921252,
              10.0622877
            ],
            [
              77.592004,
              10.0624583
            ],
            [
              77.5915963,
              10.0620674
            ],
            [
              77.5913066,
              10.0620912
            ],
            [
              77.590907,
              10.0627963
            ],
            [
              77.5919611,
              10.0627408
            ],
            [
              77.5925914,
              10.063063
            ],
            [
              77.5939379,
              10.0635727
            ],
            [
              77.5943107,
              10.0633298
            ],
            [
              77.5949813,
              10.0632347
            ],
            [
              77.5956733,
              10.063409
            ],
            [
              77.5961534,
              10.0635542
            ],
            [
              77.5966201,
              10.0633377
            ],
            [
              77.5961105,
              10.06296
            ],
            [
              77.5957672,
              10.0626537
            ],
            [
              77.5955665,
              10.0624066
            ],
            [
              77.595848,
              10.0620989
            ],
            [
              77.5960903,
              10.0621078
            ],
            [
              77.5961738,
              10.0620032
            ],
            [
              77.5966659,
              10.0622099
            ],
            [
              77.5968107,
              10.0622704
            ],
            [
              77.5968577,
              10.06216
            ],
            [
              77.5967672,
              10.0621172
            ],
            [
              77.5967202,
              10.0619035
            ],
            [
              77.5966297,
              10.0618963
            ],
            [
              77.5965574,
              10.0618963
            ],
            [
              77.5965248,
              10.0617574
            ],
            [
              77.5963909,
              10.0615614
            ],
            [
              77.5958401,
              10.061102
            ],
            [
              77.5958119,
              10.0610448
            ],
            [
              77.5956744,
              10.0607562
            ],
            [
              77.5953524,
              10.0605674
            ],
            [
              77.5949464,
              10.0604249
            ],
            [
              77.5946706,
              10.0599928
            ],
            [
              77.5947565,
              10.0598185
            ],
            [
              77.5950998,
              10.0591529
            ],
            [
              77.5952983,
              10.0588783
            ],
            [
              77.5950355,
              10.0586511
            ],
            [
              77.5945151,
              10.0578747
            ],
            [
              77.5943166,
              10.0575578
            ],
            [
              77.5932437,
              10.0566598
            ],
            [
              77.5915426,
              10.055201
            ],
            [
              77.5907345,
              10.0544816
            ],
            [
              77.5907479,
              10.0544129
            ],
            [
              77.5899859,
              10.0537817
            ],
            [
              77.5886726,
              10.052694
            ],
            [
              77.5885884,
              10.052699
            ],
            [
              77.5878471,
              10.0520962
            ],
            [
              77.5868596,
              10.051265
            ],
            [
              77.5863183,
              10.0507838
            ],
            [
              77.5846488,
              10.049136
            ],
            [
              77.5828026,
              10.0473322
            ],
            [
              77.5821793,
              10.0467092
            ],
            [
              77.5820609,
              10.0466138
            ],
            [
              77.5813723,
              10.0462148
            ],
            [
              77.5797636,
              10.0453427
            ],
            [
              77.5795859,
              10.0452429
            ],
            [
              77.5794245,
              10.0451949
            ],
            [
              77.5778846,
              10.0448969
            ],
            [
              77.5771772,
              10.0447117
            ],
            [
              77.5769788,
              10.0446061
            ],
            [
              77.5769144,
              10.0445268
            ],
            [
              77.5768661,
              10.0443631
            ],
            [
              77.5768501,
              10.0441571
            ],
            [
              77.5769049,
              10.0436865
            ],
            [
              77.5769091,
              10.0436501
            ],
            [
              77.5776537,
              10.0389837
            ],
            [
              77.5779423,
              10.0372505
            ],
            [
              77.5779704,
              10.0372051
            ],
            [
              77.57798,
              10.0371515
            ],
            [
              77.5779878,
              10.0370764
            ],
            [
              77.5779342,
              10.0370453
            ],
            [
              77.5777469,
              10.036749
            ],
            [
              77.5777689,
              10.0365131
            ],
            [
              77.5775513,
              10.036311
            ],
            [
              77.5771695,
              10.0363754
            ],
            [
              77.5768295,
              10.0366018
            ],
            [
              77.5764302,
              10.0365112
            ],
            [
              77.5760802,
              10.0361499
            ],
            [
              77.5757004,
              10.0354885
            ],
            [
              77.5758909,
              10.0351825
            ],
            [
              77.5767244,
              10.0338245
            ],
            [
              77.5760433,
              10.0342797
            ],
            [
              77.5752259,
              10.034634
            ],
            [
              77.5747472,
              10.0344074
            ],
            [
              77.5740583,
              10.0339007
            ],
            [
              77.5740535,
              10.034938
            ],
            [
              77.5733713,
              10.0361297
            ],
            [
              77.5736134,
              10.0376302
            ],
            [
              77.5732404,
              10.037657
            ],
            [
              77.5728376,
              10.0380867
            ],
            [
              77.5724436,
              10.0376293
            ],
            [
              77.5721575,
              10.0369899
            ],
            [
              77.5723443,
              10.0361179
            ],
            [
              77.5725855,
              10.0353367
            ],
            [
              77.5726079,
              10.0350433
            ],
            [
              77.5718121,
              10.0336738
            ],
            [
              77.5716371,
              10.0332804
            ],
            [
              77.5710392,
              10.0327864
            ],
            [
              77.5707185,
              10.0315956
            ],
            [
              77.5702031,
              10.0324926
            ],
            [
              77.5700286,
              10.0328411
            ],
            [
              77.5694114,
              10.0329615
            ],
            [
              77.5695099,
              10.0335984
            ],
            [
              77.5698312,
              10.0336503
            ],
            [
              77.5698388,
              10.0346224
            ],
            [
              77.5686525,
              10.0345506
            ],
            [
              77.5683767,
              10.0349908
            ],
            [
              77.5687395,
              10.0358599
            ],
            [
              77.5686744,
              10.0367122
            ],
            [
              77.5680076,
              10.0371372
            ],
            [
              77.5679175,
              10.0373427
            ],
            [
              77.567526,
              10.0372621
            ]
          ]
        ]
      },
      "properties": {
        "id": 1064628166,
        "name": "OSM Waterbody",
        "type": "lake",
        "district": "Theni",
        "data_source_type": "OpenStreetMap Public Data"
      }
    },
    {
      "type": "Feature",
      "id": 1135871527,
      "geometry": {
        "type": "Polygon",
        "coordinates": [
          [
            [
              77.5185943,
              9.9860554
            ],
            [
              77.5185537,
              9.9861204
            ],
            [
              77.5183368,
              9.9864674
            ],
            [
              77.5180203,
              9.9866154
            ],
            [
              77.5177468,
              9.9871542
            ],
            [
              77.5178701,
              9.987561
            ],
            [
              77.5177897,
              9.9880048
            ],
            [
              77.5176663,
              9.9881105
            ],
            [
              77.517838,
              9.9894947
            ],
            [
              77.5178701,
              9.9901498
            ],
            [
              77.5181169,
              9.9908524
            ],
            [
              77.5183315,
              9.9921045
            ],
            [
              77.5185031,
              9.9926328
            ],
            [
              77.5185568,
              9.993103
            ],
            [
              77.518884,
              9.9941437
            ],
            [
              77.5190181,
              9.9949098
            ],
            [
              77.5192917,
              9.9956019
            ],
            [
              77.5194634,
              9.9957815
            ],
            [
              77.5196887,
              9.9957762
            ],
            [
              77.5208313,
              9.9953324
            ],
            [
              77.5215931,
              9.9949521
            ],
            [
              77.5216306,
              9.9950419
            ]
          ]
        ]
      },
      "properties": {
        "id": 1135871527,
        "name": "OSM Waterbody",
        "type": "lake",
        "district": "Theni",
        "data_source_type": "OpenStreetMap Public Data"
      }
    },
    {
      "type": "Feature",
      "id": 1135871530,
      "geometry": {
        "type": "Polygon",
        "coordinates": [
          [
            [
              77.5224192,
              9.9949362
            ],
            [
              77.5221563,
              9.9948622
            ],
            [
              77.5218559,
              9.9947354
            ],
            [
              77.5215448,
              9.9946456
            ],
            [
              77.5211639,
              9.9941913
            ],
            [
              77.5212068,
              9.9940909
            ],
            [
              77.52096,
              9.9933143
            ],
            [
              77.5209493,
              9.9929973
            ],
            [
              77.5210834,
              9.9929128
            ],
            [
              77.5208903,
              9.9919671
            ],
            [
              77.5205416,
              9.9914547
            ],
            [
              77.5205255,
              9.9910954
            ],
            [
              77.5204075,
              9.9910743
            ],
            [
              77.52037,
              9.990789
            ],
            [
              77.5198979,
              9.990826
            ],
            [
              77.519635,
              9.9898962
            ],
            [
              77.5195438,
              9.9894682
            ],
            [
              77.5189806,
              9.989632
            ],
            [
              77.5186641,
              9.9885226
            ],
            [
              77.5187392,
              9.9882901
            ],
            [
              77.5187714,
              9.9878992
            ],
            [
              77.5185192,
              9.9872282
            ],
            [
              77.5184978,
              9.986552
            ],
            [
              77.5186694,
              9.986124
            ],
            [
              77.5186909,
              9.9859972
            ],
            [
              77.5186027,
              9.985773
            ],
            [
              77.5185943,
              9.9860554
            ]
          ]
        ]
      },
      "properties": {
        "id": 1135871530,
        "name": "OSM Waterbody",
        "type": "lake",
        "district": "Theni",
        "data_source_type": "OpenStreetMap Public Data"
      }
    },
    {
      "type": "Feature",
      "id": 1135871529,
      "geometry": {
        "type": "Polygon",
        "coordinates": [
          [
            [
              77.5219042,
              9.995063
            ],
            [
              77.5218555,
              9.9950592
            ],
            [
              77.5216306,
              9.9950419
            ]
          ]
        ]
      },
      "properties": {
        "id": 1135871529,
        "name": "OSM Waterbody",
        "type": "lake",
        "district": "Theni",
        "data_source_type": "OpenStreetMap Public Data"
      }
    },
    {
      "type": "Feature",
      "id": 1135871532,
      "geometry": {
        "type": "Polygon",
        "coordinates": [
          [
            [
              77.5219042,
              9.995063
            ],
            [
              77.5219686,
              9.9950419
            ],
            [
              77.5221724,
              9.995026
            ],
            [
              77.5224192,
              9.9949362
            ]
          ]
        ]
      },
      "properties": {
        "id": 1135871532,
        "name": "OSM Waterbody",
        "type": "lake",
        "district": "Theni",
        "data_source_type": "OpenStreetMap Public Data"
      }
    },
    {
      "type": "Feature",
      "id": 1135871533,
      "geometry": {
        "type": "Polygon",
        "coordinates": [
          [
            [
              77.5216306,
              9.9950419
            ],
            [
              77.5215716,
              9.9950947
            ],
            [
              77.5209118,
              9.9955015
            ],
            [
              77.5196136,
              9.9959083
            ]
          ]
        ]
      },
      "properties": {
        "id": 1135871533,
        "name": "OSM Waterbody",
        "type": "lake",
        "district": "Theni",
        "data_source_type": "OpenStreetMap Public Data"
      }
    },
    {
      "type": "Feature",
      "id": 1135871528,
      "geometry": {
        "type": "Polygon",
        "coordinates": [
          [
            [
              77.5196136,
              9.9959083
            ],
            [
              77.519678,
              9.9966373
            ],
            [
              77.5202144,
              9.9977415
            ],
            [
              77.5204022,
              9.9979633
            ],
            [
              77.5210888,
              9.9983332
            ],
            [
              77.5222636,
              9.9987505
            ],
            [
              77.5234652,
              9.9991996
            ],
            [
              77.5245167,
              9.9993739
            ],
            [
              77.5252623,
              9.9994479
            ],
            [
              77.526362,
              9.9994214
            ],
            [
              77.5266356,
              9.9993422
            ],
            [
              77.526919,
              9.9991799
            ],
            [
              77.5272632,
              9.9990041
            ],
            [
              77.5283147,
              9.9985075
            ]
          ]
        ]
      },
      "properties": {
        "id": 1135871528,
        "name": "OSM Waterbody",
        "type": "lake",
        "district": "Theni",
        "data_source_type": "OpenStreetMap Public Data"
      }
    },
    {
      "type": "Feature",
      "id": 1135871531,
      "geometry": {
        "type": "Polygon",
        "coordinates": [
          [
            [
              77.528717,
              9.9979052
            ],
            [
              77.5272525,
              9.9979211
            ],
            [
              77.5271023,
              9.9980109
            ],
            [
              77.5258202,
              9.9981271
            ],
            [
              77.5255788,
              9.9979158
            ],
            [
              77.5251926,
              9.9978154
            ],
            [
              77.5248171,
              9.9976147
            ],
            [
              77.5235296,
              9.9973822
            ],
            [
              77.5232131,
              9.9971498
            ],
            [
              77.522902,
              9.9970388
            ],
            [
              77.5227947,
              9.9969807
            ],
            [
              77.5225426,
              9.9966796
            ],
            [
              77.5225157,
              9.9964947
            ],
            [
              77.5222261,
              9.9962781
            ],
            [
              77.5220276,
              9.9960456
            ],
            [
              77.5216199,
              9.9960245
            ],
            [
              77.5215877,
              9.9953588
            ],
            [
              77.5217754,
              9.9953007
            ],
            [
              77.5219042,
              9.995063
            ]
          ]
        ]
      },
      "properties": {
        "id": 1135871531,
        "name": "OSM Waterbody",
        "type": "lake",
        "district": "Theni",
        "data_source_type": "OpenStreetMap Public Data"
      }
    },
    {
      "type": "Feature",
      "id": 1135871534,
      "geometry": {
        "type": "Polygon",
        "coordinates": [
          [
            [
              77.5286365,
              9.9984705
            ],
            [
              77.5285301,
              9.9984827
            ],
            [
              77.5283147,
              9.9985075
            ]
          ]
        ]
      },
      "properties": {
        "id": 1135871534,
        "name": "OSM Waterbody",
        "type": "lake",
        "district": "Theni",
        "data_source_type": "OpenStreetMap Public Data"
      }
    },
    {
      "type": "Feature",
      "id": 1135871535,
      "geometry": {
        "type": "Polygon",
        "coordinates": [
          [
            [
              77.5286365,
              9.9984705
            ],
            [
              77.5287814,
              9.9984282
            ],
            [
              77.528717,
              9.9979052
            ]
          ]
        ]
      },
      "properties": {
        "id": 1135871535,
        "name": "OSM Waterbody",
        "type": "lake",
        "district": "Theni",
        "data_source_type": "OpenStreetMap Public Data"
      }
    },
    {
      "type": "Feature",
      "id": 1064648245,
      "geometry": {
        "type": "Polygon",
        "coordinates": [
          [
            [
              77.566761,
              10.0424658
            ],
            [
              77.5661144,
              10.0427153
            ],
            [
              77.5660281,
              10.0428428
            ],
            [
              77.5659418,
              10.0428498
            ],
            [
              77.5659789,
              10.0429326
            ],
            [
              77.5662148,
              10.0430767
            ],
            [
              77.5676742,
              10.043778
            ],
            [
              77.568452,
              10.0437393
            ],
            [
              77.5688452,
              10.0435586
            ],
            [
              77.568535,
              10.0432488
            ],
            [
              77.567613,
              10.0427626
            ],
            [
              77.5673192,
              10.042426
            ],
            [
              77.5671652,
              10.0422958
            ],
            [
              77.566761,
              10.0424658
            ]
          ]
        ]
      },
      "properties": {
        "id": 1064648245,
        "name": "OSM Waterbody",
        "type": "lake",
        "district": "Theni",
        "data_source_type": "OpenStreetMap Public Data"
      }
    }
  ]
}