ward_id,timestamp,rainfall_last_1h,rainfall_last_6h,rainfall_last_24h,rainfall_last_48h,rainfall_last_72h,incident_count_7d,incident_count_30d,incident_count_90d,previous_waterlogging_count,days_since_last_incident,elevation_m,drainage_quality_score,distance_to_drain_m,distance_to_waterbody_m,drainage_density_km_sqkm,road_density_km_sqkm,population_density_per_sqkm,critical_facility_count,historical_incident_density,data_source_type,target_waterlogging_24h,target_waterlogging_48h,target_waterlogging_72h
1,2026-08-09 17:22:35.250415+00:00,1.41,1.41,1.41,1.41,1.41,0,0,0,0,999.0,4.2,0.45,60.3,883.3,1.49,5.26,49614.11,15,3.25,SYNTHETIC_DEMO_DATA,0,0,1
1,2026-08-09 18:22:35.250415+00:00,1.09,2.5,2.5,2.5,2.5,0,0,0,0,999.0,4.2,0.45,60.3,883.3,1.49,5.26,49614.11,15,3.25,SYNTHETIC_DEMO_DATA,0,0,1
1,2026-08-09 19:22:35.250415+00:00,0.2,2.7,2.7,2.7,2.7,0,0,0,0,999.0,4.2,0.45,60.3,883.3,1.49,5.26,49614.11,15,3.25,SYNTHETIC_DEMO_DATA,0,0,1
1,2026-08-09 20:22:35.250415+00:00,2.37,5.07,5.07,5.07,5.07,0,0,0,0,999.0,4.2,0.45,60.3,883.3,1.49,5.26,49614.11,15,3.25,SYNTHETIC_DEMO_DATA,0,0,1
1,2026-08-09 21:22:35.250415+00:00,0.99,6.06,6.06,6.06,6.06,0,0,0,0,999.0,4.2,0.45,60.3,883.3,1.49,5.26,49614.11,15,3.25,SYNTHETIC_DEMO_DATA,0,0,1
1,2026-08-09 22:22:35.250415+00:00,5.97,12.03,12.03,12.03,12.03,0,0,0,0,999.0,4.2,0.45,60.3,883.3,1.49,5.26,49614.11,15,3.25,SYNTHETIC_DEMO_DATA,0,0,1
1,2026-08-09 23:22:35.250415+00:00,2.22,12.84,14.25,14.25,14.25,0,0,0,0,999.0,4.2,0.45,60.3,883.3,1.49,5.26,49614.11,15,3.25,SYNTHETIC_DEMO_DATA,0,0,1
1,2026-08-10 00:22:35.250415+00:00,7.96,19.71,22.21,22.21,22.21,0,0,0,0,999.0,4.2,0.45,60.3,883.3,1.49,5.26,49614.11,15,3.25,SYNTHETIC_DEMO_DATA,0,0,1
1,2026-08-10 01:22:35.250415+00:00,0.02,19.53,22.23,22.23,22.23,0,0,0,0,999.0,4.2,0.45,60.3,883.3,1.49,5.26,49614.11,15,3.25,SYNTHETIC_DEMO_DATA,0,0,1
1,2026-08-10 02:22:35.250415+00:00,1.01,18.17,23.24,23.24,23.24,0,0,0,0,999.0,4.2,0.45,60.3,883.3,1.49,5.26,49614.11,15,3.25,SYNTHETIC_DEMO_DATA,0,0,1
1,2026-08-10 03:22:35.250415+00:00,1.38,18.56,24.62,24.62,24.62,0,0,0,0,999.0,4.2,0.45,60.3,883.3,1.49,5.26,49614.11,15,3.25,SYNTHETIC_DEMO_DATA,0,0,1
1,2026-08-10 04:22:35.250415+00:00,3.52,16.11,28.14,28.14,28.14,0,0,0,0,999.0,4.2,0.45,60.3,883.3,1.49,5.26,49614.11,15,3.25,SYNTHETIC_DEMO_DATA,0,0,1
1,2026-08-10 05:22:35.250415+00:00,6.92,20.81,35.06,35.06,35.06,0,0,0,0,999.0,4.2,0.45,60.3,883.3,1.49,5.26,49614.11,15,3.25,SYNTHETIC_DEMO_DATA,0,0,1
1,2026-08-10 06:22:35.250415+00:00,0.02,12.87,35.08,35.08,35.08,0,0,0,0,999.0,4.2,0.45,60.3,883.3,1.49,5.26,49614.11,15,3.25,SYNTHETIC_DEMO_DATA,0,0,1
1,2026-08-10 07:22:35.250415+00:00,0.92,13.77,36.0,36.0,36.0,0,0,0,0,999.0,4.2,0.45,60.3,883.3,1.49,5.26,49614.11,15,3.25,SYNTHETIC_DEMO_DATA,0,0,1
1,2026-08-10 08:22:35.250415+00:00,8.46,21.22,44.46,44.46,44.46,0,0,0,0,999.0,4.2,0.45,60.3,883.3,1.49,5.26,49614.11,15,3.25,SYNTHETIC_DEMO_DATA,0,0,1
1,2026-08-10 09:22:35.250415+00:00,8.25,28.09,52.71,52.71,52.71,0,0,0,0,999.0,4.2,0.45,60.3,883.3,1.49,5.26,49614.11,15,3.25,SYNTHETIC_DEMO_DATA,0,0,1
1,2026-08-10 10:22:35.250415+00:00,6.05,30.62,58.76,58.76,58.76,0,0,0,0,999.0,4.2,0.45,60.3,883.3,1.49,5.26,49614.11,15,3.25,SYNTHETIC_DEMO_DATA,0,0,1
1,2026-08-10 11:22:35.250415+00:00,1.01,24.71,59.77,59.77,59.77,0,0,0,0,999.0,4.2,0.45,60.3,883.3,1.49,5.26,49614.11,15,3.25,SYNTHETIC_DEMO_DATA,0,0,1
1,2026-08-10 12:22:35.250415+00:00,3.88,28.57,63.65,63.65,63.65,0,0,0,0,999.0,4.2,0.45,60.3,883.3,1.49,5.26,49614.11,15,3.25,SYNTHETIC_DEMO_DATA,0,0,1
1,2026-08-10 13:22:35.250415+00:00,2.39,30.04,66.04,66.04,66.04,0,0,0,0,999.0,4.2,0.45,60.3,883.3,1.49,5.26,49614.11,15,3.25,SYNTHETIC_DEMO_DATA,0,0,1
1,2026-08-10 14:22:35.250415+00:00,5.8,27.38,71.84,71.84,71.84,0,0,0,0,999.0,4.2,0.45,60.3,883.3,1.49,5.26,49614.11,15,3.25,SYNTHETIC_DEMO_DATA,0,0,1
1,2026-08-10 15:22:35.250415+00:00,3.22,22.35,75.06,75.06,75.06,0,0,0,0,999.0,4.2,0.45,60.3,883.3,1.49,5.26,49614.11,15,3.25,SYNTHETIC_DEMO_DATA,0,0,1
1,2026-08-10 16:22:35.250415+00:00,0.65,16.95,75.71,75.71,75.71,0,0,0,0,999.0,4.2,0.45,60.3,883.3,1.49,5.26,49614.11,15,3.25,SYNTHETIC_DEMO_DATA,0,0,1
1,2026-08-10 17:22:35.250415+00:00,3.98,19.92,78.28,79.69,79.69,0,0,0,0,999.0,4.2,0.45,60.3,883.3,1.49,5.26,49614.11,15,3.25,SYNTHETIC_DEMO_DATA,0,1,1
1,2026-08-10 18:22:35.250415+00:00,0.33,16.37,77.52,80.02,80.02,0,0,0,0,999.0,4.2,0.45,60.3,883.3,1.49,5.26,49614.11,15,3.25,SYNTHETIC_DEMO_DATA,0,1,1
1,2026-08-10 19:22:35.250415+00:00,1.04,15.02,78.36,81.06,81.06,0,0,0,0,999.0,4.2,0.45,60.3,883.3,1.49,5.26,49614.11,15,3.25,SYNTHETIC_DEMO_DATA,0,1,1
1,2026-08-10 20:22:35.250415+00:00,2.89,12.11,78.88,83.95,83.95,0,0,0,0,999.0,4.2,0.45,60.3,883.3,1.49,5.26,49614.11,15,3.25,SYNTHETIC_DEMO_DATA,0,1,1
1,2026-08-10 21:22:35.250415+00:00,1.42,10.31,79.31,85.37,85.37,0,0,0,0,999.0,4.2,0.45,60.3,883.3,1.49,5.26,49614.11,15,3.25,SYNTHETIC_DEMO_DATA,0,1,1
1,2026-08-10 22:22:35.250415+00:00,9.82,19.48,83.16,95.19,95.19,0,0,0,0,999.0,4.2,0.45,60.3,883.3,1.49,5.26,49614.11,15,3.25,SYNTHETIC_DEMO_DATA,0,1,1
1,2026-08-10 23:22:35.250415+00:00,2.98,18.48,83.92,98.17,98.17,0,0,0,0,999.0,4.2,0.45,60.3,883.3,1.49,5.26,49614.11,15,3.25,SYNTHETIC_DEMO_DATA,0,1,1
1,2026-08-11 00:22:35.250415+00:00,2.63,20.78,78.59,100.8,100.8,0,0,0,0,999.0,4.2,0.45,60.3,883.3,1.49,5.26,49614.11,15,3.25,SYNTHETIC_DEMO_DATA,0,1,1
1,2026-08-11 01:22:35.250415+00:00,8.1,27.84,86.67,108.9,108.9,0,0,0,0,999.0,4.2,0.45,60.3,883.3,1.49,5.26,49614.11,15,3.25,SYNTHETIC_DEMO_DATA,0,1,1
1,2026-08-11 02:22:35.250415+00:00,0.17,25.12,85.83,109.07,109.07,0,0,0,0,999.0,4.2,0.45,60.3,883.3,1.49,5.26,49614.11,15,3.25,SYNTHETIC_DEMO_DATA,0,1,1
1,2026-08-11 03:22:35.250415+00:00,2.89,26.59,87.34,111.96,111.96,0,0,0,0,999.0,4.2,0.45,60.3,883.3,1.49,5.26,49614.11,15,3.25,SYNTHETIC_DEMO_DATA,0,1,1
1,2026-08-11 04:22:35.250415+00:00,3.65,20.42,87.47,115.61,115.61,0,0,0,0,999.0,4.2,0.45,60.3,883.3,1.49,5.26,49614.11,15,3.25,SYNTHETIC_DEMO_DATA,0,1,1
1,2026-08-11 05:22:35.250415+00:00,0.48,17.92,81.03,116.09,116.09,0,0,0,0,999.0,4.2,0.45,60.3,883.3,1.49,5.26,49614.11,15,3.25,SYNTHETIC_DEMO_DATA,0,1,1
1,2026-08-11 06:22:35.250415+00:00,0.6,15.89,81.61,116.69,116.69,0,0,0,0,999.0,4.2,0.45,60.3,883.3,1.49,5.26,49614.11,15,3.25,SYNTHETIC_DEMO_DATA,0,1,1
1,2026-08-11 07:22:35.250415+00:00,2.1,9.89,82.79,118.79,118.79,0,0,0,0,999.0,4.2,0.45,60.3,883.3,1.49,5.26,49614.11,15,3.25,SYNTHETIC_DEMO_DATA,0,1,1
1,2026-08-11 08:22:35.250415+00:00,2.89,12.61,77.22,121.68,121.68,0,0,0,0,999.0,4.2,0.45,60.3,883.3,1.49,5.26,49614.11,15,3.25,SYNTHETIC_DEMO_DATA,0,1,1
1,2026-08-11 09:22:35.250415+00:00,0.06,9.78,69.03,121.74,121.74,0,0,0,0,999.0,4.2,0.45,60.3,883.3,1.49,5.26,49614.11,15,3.25,SYNTHETIC_DEMO_DATA,0,1,1
1,2026-08-11 10:22:35.250415+00:00,1.0,7.13,63.98,122.74,122.74,0,0,0,0,999.0,4.2,0.45,60.3,883.3,1.49,5.26,49614.11,15,3.25,SYNTHETIC_DEMO_DATA,0,1,1
1,2026-08-11 11:22:35.250415+00:00,0.25,6.9,63.22,122.99,122.99,0,0,0,0,999.0,4.2,0.45,60.3,883.3,1.49,5.26,49614.11,15,3.25,SYNTHETIC_DEMO_DATA,0,1,1
1,2026-08-11 12:22:35.250415+00:00,4.4,10.7,63.74,127.39,127.39,0,0,0,0,999.0,4.2,0.45,60.3,883.3,1.49,5.26,49614.11,15,3.25,SYNTHETIC_DEMO_DATA,0,1,1
1,2026-08-11 13:22:35.250415+00:00,0.2,8.8,61.55,127.59,127.59,0,0,0,0,999.0,4.2,0.45,60.3,883.3,1.49,5.26,49614.11,15,3.25,SYNTHETIC_DEMO_DATA,0,1,1
1,2026-08-11 14:22:35.250415+00:00,8.36,14.27,64.11,135.95,135.95,0,0,0,0,999.0,4.2,0.45,60.3,883.3,1.49,5.26,49614.11,15,3.25,SYNTHETIC_DEMO_DATA,0,1,1
1,2026-08-11 15:22:35.250415+00:00,1.49,15.7,62.38,137.44,137.44,0,0,0,0,999.0,4.2,0.45,60.3,883.3,1.49,5.26,49614.11,15,3.25,SYNTHETIC_DEMO_DATA,0,1,1
1,2026-08-11 16:22:35.250415+00:00,2.96,17.66,64.69,140.4,140.4,0,0,0,0,999.0,4.2,0.45,60.3,883.3,1.49,5.26,49614.11,15,3.25,SYNTHETIC_DEMO_DATA,0,1,1
1,2026-08-11 17:22:35.250415+00:00,1.26,18.67,61.97,140.25,141.66,0,0,0,0,999.0,4.2,0.45,60.3,883.3,1.49,5.26,49614.11,15,3.25,SYNTHETIC_DEMO_DATA,1,1,1
1,2026-08-11 18:22:35.250415+00:00,0.6,14.87,62.24,139.76,142.26,0,0,0,0,999.0,4.2,0.45,60.3,883.3,1.49,5.26,49614.11,15,3.25,SYNTHETIC_DEMO_DATA,1,1,1
1,2026-08-11 19:22:35.250415+00:00,3.69,18.36,64.89,143.25,145.95,0,0,0,0,999.0,4.2,0.45,60.3,883.3,1.49,5.26,49614.11,15,3.25,SYNTHETIC_DEMO_DATA,1,1,1
1,2026-08-11 20:22:35.250415+00:00,2.68,12.68,64.68,143.56,148.63,0,0,0,0,999.0,4.2,0.45,60.3,883.3,1.49,5.26,49614.11,15,3.25,SYNTHETIC_DEMO_DATA,1,1,1
1,2026-08-11 21:22:35.250415+00:00,0.46,11.65,63.72,143.03,149.09,0,0,0,0,999.0,4.2,0.45,60.3,883.3,1.49,5.26,49614.11,15,3.25,SYNTHETIC_DEMO_DATA,1,1,1
1,2026-08-11 22:22:35.250415+00:00,2.09,10.78,55.99,139.15,151.18,0,0,0,0,999.0,4.2,0.45,60.3,883.3,1.49,5.26,49614.11,15,3.25,SYNTHETIC_DEMO_DATA,1,1,1
1,2026-08-11 23:22:35.250415+00:00,1.54,11.06,54.55,138.47,152.72,0,0,0,0,999.0,4.2,0.45,60.3,883.3,1.49,5.26,49614.11,15,3.25,SYNTHETIC_DEMO_DATA,1,1,1
1,2026-08-12 00:22:35.250415+00:00,0.79,11.25,52.71,131.3,153.51,0,0,0,0,999.0,4.2,0.45,60.3,883.3,1.49,5.26,49614.11,15,3.25,SYNTHETIC_DEMO_DATA,1,1,1
1,2026-08-12 01:22:35.250415+00:00,1.04,8.6,45.65,132.32,154.55,0,0,0,0,999.0,4.2,0.45,60.3,883.3,1.49,5.26,49614.11,15,3.25,SYNTHETIC_DEMO_DATA,1,1,1
1,2026-08-12 02:22:35.250415+00:00,2.94,8.86,48.42,134.25,157.49,0,0,0,0,999.0,4.2,0.45,60.3,883.3,1.49,5.26,49614.11,15,3.25,SYNTHETIC_DEMO_DATA,1,1,1
1,2026-08-12 03:22:35.250415+00:00,3.01,11.41,48.54,135.88,160.5,0,0,0,0,999.0,4.2,0.45,60.3,883.3,1.49,5.26,49614.11,15,3.25,SYNTHETIC_DEMO_DATA,1,1,1
1,2026-08-12 04:22:35.250415+00:00,0.69,10.01,45.58,133.05,161.19,0,0,0,0,999.0,4.2,0.45,60.3,883.3,1.49,5.26,49614.11,15,3.25,SYNTHETIC_DEMO_DATA,1,1,1
1,2026-08-12 05:22:35.250415+00:00,0.26,8.73,45.36,126.39,161.45,0,0,0,0,999.0,4.2,0.45,60.3,883.3,1.49,5.26,49614.11,15,3.25,SYNTHETIC_DEMO_DATA,1,1,1
1,2026-08-12 06:22:35.250415+00:00,2.71,10.65,47.47,129.08,164.16,0,0,0,0,999.0,4.2,0.45,60.3,883.3,1.49,5.26,49614.11,15,3.25,SYNTHETIC_DEMO_DATA,1,1,1
1,2026-08-12 07:22:35.250415+00:00,0.95,10.56,46.32,129.11,165.11,0,0,0,0,999.0,4.2,0.45,60.3,883.3,1.49,5.26,49614.11,15,3.25,SYNTHETIC_DEMO_DATA,1,1,1
1,2026-08-12 08:22:35.250415+00:00,0.86,8.48,44.29,121.51,165.97,0,0,0,0,999.0,4.2,0.45,60.3,883.3,1.49,5.26,49614.11,15,3.25,SYNTHETIC_DEMO_DATA,1,1,1
1,2026-08-12 09:22:35.250415+00:00,8.66,14.13,52.89,121.92,174.63,0,0,0,0,999.0,4.2,0.45,60.3,883.3,1.49,5.26,49614.11,15,3.25,SYNTHETIC_DEMO_DATA,1,1,1
1,2026-08-12 10:22:35.250415+00:00,2.33,15.77,54.22,118.2,176.96,0,0,0,0,999.0,4.2,0.45,60.3,883.3,1.49,5.26,49614.11,15,3.25,SYNTHETIC_DEMO_DATA,1,1,1
1,2026-08-12 11:22:35.250415+00:00,4.37,19.88,58.34,121.56,181.33,0,0,0,0,999.0,4.2,0.45,60.3,883.3,1.49,5.26,49614.11,15,3.25,SYNTHETIC_DEMO_DATA,1,1,1
1,2026-08-12 12:22:35.250415+00:00,0.13,17.3,54.07,117.81,181.46,0,0,0,0,999.0,4.2,0.45,60.3,883.3,1.49,5.26,49614.11,15,3.25,SYNTHETIC_DEMO_DATA,1,1,1
1,2026-08-12 13:22:35.250415+00:00,14.19,30.54,68.06,129.61,195.65,0,0,0,0,999.0,4.2,0.45,60.3,883.3,1.49,5.26,49614.11,15,3.25,SYNTHETIC_DEMO_DATA,1,1,1
1,2026-08-12 14:22:35.250415+00:00,15.84,45.52,75.54,139.65,211.49,0,0,0,0,999.0,4.2,0.45,60.3,883.3,1.49,5.26,49614.11,15,3.25,SYNTHETIC_DEMO_DATA,1,1,1
1,2026-08-12 15:22:35.250415+00:00,6.59,43.45,80.64,143.02,218.08,0,0,0,0,999.0,4.2,0.45,60.3,883.3,1.49,5.26,49614.11,15,3.25,SYNTHETIC_DEMO_DATA,1,1,1
1,2026-08-12 16:22:35.250415+00:00,5.72,46.84,83.4,148.09,223.8,0,0,0,0,999.0,4.2,0.45,60.3,883.3,1.49,5.26,49614.11,15,3.25,SYNTHETIC_DEMO_DATA,1,1,1
1,2026-08-12 17:22:35.250415+00:00,27.44,69.91,109.58,171.55,249.83,1,1,1,0,999.0,4.2,0.45,60.3,883.3,1.49,5.26,49614.11,15,3.25,SYNTHETIC_DEMO_DATA,1,1,1
1,2026-08-12 18:22:35.250415+00:00,10.16,79.94,119.14,181.38,258.9,1,1,1,1,0.04,4.2,0.45,60.3,883.3,1.49,5.26,49614.11,15,3.25,SYNTHETIC_DEMO_DATA,1,1,1
1,2026-08-12 19:22:35.250415+00:00,12.56,78.31,128.01,192.9,271.26,1,1,1,1,0.08,4.2,0.45,60.3,883.3,1.49,5.26,49614.11,15,3.25,SYNTHETIC_DEMO_DATA,1,1,1
1,2026-08-12 20:22:35.250415+00:00,28.96,91.43,154.29,218.97,297.85,1,1,1,1,0.12,4.2,0.45,60.3,883.3,1.49,5.26,49614.11,15,3.25,SYNTHETIC_DEMO_DATA,1,1,1
1,2026-08-12 21:22:35.250415+00:00,12.06,96.9,165.89,229.61,308.92,1,1,1,1,0.17,4.2,0.45,60.3,883.3,1.49,5.26,49614.11,15,3.25,SYNTHETIC_DEMO_DATA,1,1,1
1,2026-08-12 22:22:35.250415+00:00,15.33,106.51,179.13,235.12,318.28,1,1,1,1,0.21,4.2,0.45,60.3,883.3,1.49,5.26,49614.11,15,3.25,SYNTHETIC_DEMO_DATA,1,1,1
1,2026-08-12 23:22:35.250415+00:00,33.02,112.09,210.61,265.16,349.08,1,1,1,1,0.25,4.2,0.45,60.3,883.3,1.49,5.26,49614.11,15,3.25,SYNTHETIC_DEMO_DATA,1,1,1
1,2026-08-13 00:22:35.250415+00:00,10.29,112.22,220.11,272.82,351.41,1,1,1,1,0.29,4.2,0.45,60.3,883.3,1.49,5.26,49614.11,15,3.25,SYNTHETIC_DEMO_DATA,1,1,1
1,2026-08-13 01:22:35.250415+00:00,25.45,125.11,244.52,290.17,376.84,2,2,2,1,0.33,4.2,0.45,60.3,883.3,1.49,5.26,49614.11,15,3.25,SYNTHETIC_DEMO_DATA,1,1,1
1,2026-08-13 02:22:35.250415+00:00,14.19,110.34,255.77,304.19,390.02,2,2,2,2,0.04,4.2,0.45,60.3,883.3,1.49,5.26,49614.11,15,3.25,SYNTHETIC_DEMO_DATA,1,1,1
1,2026-08-13 03:22:35.250415+00:00,23.69,121.97,276.45,324.99,412.33,2,2,2,2,0.08,4.2,0.45,60.3,883.3,1.49,5.26,49614.11,15,3.25,SYNTHETIC_DEMO_DATA,1,1,1
1,2026-08-13 04:22:35.250415+00:00,26.47,133.11,302.23,347.81,435.28,2,2,2,2,0.12,4.2,0.45,60.3,883.3,1.49,5.26,49614.11,15,3.25,SYNTHETIC_DEMO_DATA,1,1,1
1,2026-08-13 05:22:35.250415+00:00,93.28,193.37,395.25,440.61,521.64,3,3,3,2,0.17,4.2,0.45,60.3,883.3,1.49,5.26,49614.11,15,3.25,SYNTHETIC_DEMO_DATA,1,1,1
1,2026-08-13 06:22:35.250415+00:00,104.3,287.38,496.84,544.31,625.92,4,4,4,3,0.04,4.2,0.45,60.3,883.3,1.49,5.26,49614.11,15,3.25,SYNTHETIC_DEMO_DATA,1,1,1
1,2026-08-13 07:22:35.250415+00:00,73.94,335.87,569.83,616.15,698.94,5,5,5,4,0.04,4.2,0.45,60.3,883.3,1.49,5.26,49614.11,15,3.25,SYNTHETIC_DEMO_DATA,1,1,1
1,2026-08-13 08:22:35.250415+00:00,56.03,377.71,625.0,669.29,746.51,6,6,6,5,0.04,4.2,0.45,60.3,883.3,1.49,5.26,49614.11,15,3.25,SYNTHETIC_DEMO_DATA,1,1,1
1,2026-08-13 09:22:35.250415+00:00,83.05,437.07,699.39,752.28,821.31,7,7,7,6,0.04,4.2,0.45,60.3,883.3,1.49,5.26,49614.11,15,3.25,SYNTHETIC_DEMO_DATA,1,1,1
1,2026-08-13 10:22:35.250415+00:00,109.13,519.73,806.19,860.41,924.39,8,8,8,7,0.04,4.2,0.45,60.3,883.3,1.49,5.26,49614.11,15,3.25,SYNTHETIC_DEMO_DATA,1,1,1
1,2026-08-13 11:22:35.250415+00:00,108.04,534.49,909.86,968.2,1031.42,9,9,9,8,0.04,4.2,0.45,60.3,883.3,1.49,5.26,49614.11,15,3.25,SYNTHETIC_DEMO_DATA,1,1,1
1,2026-08-13 12:22:35.250415+00:00,27.24,457.43,936.97,991.04,1054.78,9,9,9,9,0.04,4.2,0.45,60.3,883.3,1.49,5.26,49614.11,15,3.25,SYNTHETIC_DEMO_DATA,0,0,0
1,2026-08-13 13:22:35.250415+00:00,31.96,415.45,954.74,1022.8,1084.35,9,9,9,9,0.08,4.2,0.45,60.3,883.3,1.49,5.26,49614.11,15,3.25,SYNTHETIC_DEMO_DATA,0,0,0
1,2026-08-13 14:22:35.250415+00:00,19.71,379.13,958.61,1034.15,1098.26,9,9,9,9,0.12,4.2,0.45,60.3,883.3,1.49,5.26,49614.11,15,3.25,SYNTHETIC_DEMO_DATA,0,0,0
1,2026-08-13 15:22:35.250415+00:00,19.5,315.58,971.52,1052.16,1114.54,9,9,9,9,0.17,4.2,0.45,60.3,883.3,1.49,5.26,49614.11,15,3.25,SYNTHETIC_DEMO_DATA,0,0,0
1,2026-08-13 16:22:35.250415+00:00,11.51,217.96,977.31,1060.71,1125.4,9,9,9,9,0.21,4.2,0.45,60.3,883.3,1.49,5.26,49614.11,15,3.25,SYNTHETIC_DEMO_DATA,0,0,0
1,2026-08-13 17:22:35.250415+00:00,0.6,110.52,950.47,1060.05,1122.02,9,9,9,9,0.25,4.2,0.45,60.3,883.3,1.49,5.26,49614.11,15,3.25,SYNTHETIC_DEMO_DATA,0,0,0
1,2026-08-13 18:22:35.250415+00:00,5.13,88.41,945.44,1064.58,1126.82,9,9,9,9,0.29,4.2,0.45,60.3,883.3,1.49,5.26,49614.11,15,3.25,SYNTHETIC_DEMO_DATA,0,0,0
1,2026-08-13 19:22:35.250415+00:00,2.93,59.38,935.81,1063.82,1128.71,9,9,9,9,0.33,4.2,0.45,60.3,883.3,1.49,5.26,49614.11,15,3.25,SYNTHETIC_DEMO_DATA,0,0,0
1,2026-08-13 20:22:35.250415+00:00,13.22,52.89,920.07,1074.36,1139.04,9,9,9,9,0.38,4.2,0.45,60.3,883.3,1.49,5.26,49614.11,15,3.25,SYNTHETIC_DEMO_DATA,0,0,0
1,2026-08-13 21:22:35.250415+00:00,0.64,34.03,908.65,1074.54,1138.26,9,9,9,9,0.42,4.2,0.45,60.3,883.3,1.49,5.26,49614.11,15,3.25,SYNTHETIC_DEMO_DATA,0,0,0
1,2026-08-13 22:22:35.250415+00:00,15.42,37.94,908.74,1087.87,1143.86,10,10,10,9,0.46,4.2,0.45,60.3,883.3,1.49,5.26,49614.11,15,3.25,SYNTHETIC_DEMO_DATA,0,0,0
1,2026-08-13 23:22:35.250415+00:00,3.28,40.62,879.0,1089.61,1144.16,10,10,10,9,0.04,4.2,0.45,60.3,883.3,1.49,5.26,49614.11,15,3.25,SYNTHETIC_DEMO_DATA,0,0,0
1,2026-08-14 00:22:35.250415+00:00,4.57,40.06,873.28,1093.39,1146.1,10,10,10,9,0.08,4.2,0.45,60.3,883.3,1.49,5.26,49614.11,15,3.25,SYNTHETIC_DEMO_DATA,0,0,0
1,2026-08-14 01:22:35.250415+00:00,14.54,51.67,862.37,1106.89,1152.54,10,10,10,9,0.12,4.2,0.45,60.3,883.3,1.49,5.26,49614.11,15,3.25,SYNTHETIC_DEMO_DATA,0,0,0
1,2026-08-14 02:22:35.250415+00:00,1.27,39.72,849.45,1105.22,1153.64,10,10,10,9,0.17,4.2,0.45,60.3,883.3,1.49,5.26,49614.11,15,3.25,SYNTHETIC_DEMO_DATA,0,0,0
1,2026-08-14 03:22:35.250415+00:00,0.08,39.16,825.84,1102.29,1150.83,10,10,10,9,0.21,4.2,0.45,60.3,883.3,1.49,5.26,49614.11,15,3.25,SYNTHETIC_DEMO_DATA,0,0,0
1,2026-08-14 04:22:35.250415+00:00,4.55,28.29,803.92,1106.15,1151.73,10,10,10,9,0.25,4.2,0.45,60.3,883.3,1.49,5.26,49614.11,15,3.25,SYNTHETIC_DEMO_DATA,0,0,0
1,2026-08-14 05:22:35.250415+00:00,5.05,30.06,715.69,1110.94,1156.3,10,10,10,9,0.29,4.2,0.45,60.3,883.3,1.49,5.26,49614.11,15,3.25,SYNTHETIC_DEMO_DATA,0,0,0
1,2026-08-14 06:22:35.250415+00:00,1.61,27.1,613.0,1109.84,1157.31,10,10,10,9,0.33,4.2,0.45,60.3,883.3,1.49,5.26,49614.11,15,3.25,SYNTHETIC_DEMO_DATA,0,0,0
1,2026-08-14 07:22:35.250415+00:00,1.82,14.38,540.88,1110.71,1157.03,10,10,10,9,0.38,4.2,0.45,60.3,883.3,1.49,5.26,49614.11,15,3.25,SYNTHETIC_DEMO_DATA,0,0,0
1,2026-08-14 08:22:35.250415+00:00,3.5,16.61,488.35,1113.35,1157.64,10,10,10,9,0.42,4.2,0.45,60.3,883.3,1.49,5.26,49614.11,15,3.25,SYNTHETIC_DEMO_DATA,0,0,0
1,2026-08-14 09:22:35.250415+00:00,2.15,18.68,407.45,1106.84,1159.73,10,10,10,9,0.46,4.2,0.45,60.3,883.3,1.49,5.26,49614.11,15,3.25,SYNTHETIC_DEMO_DATA,0,0,0
1,2026-08-14 10:22:35.250415+00:00,0.57,14.7,298.89,1105.08,1159.3,10,10,10,9,0.5,4.2,0.45,60.3,883.3,1.49,5.26,49614.11,15,3.25,SYNTHETIC_DEMO_DATA,0,0,0
1,2026-08-14 11:22:35.250415+00:00,3.1,12.75,193.95,1103.81,1162.15,10,10,10,9,0.54,4.2,0.45,60.3,883.3,1.49,5.26,49614.11,15,3.25,SYNTHETIC_DEMO_DATA,0,0,0
1,2026-08-14 12:22:35.250415+00:00,1.4,12.54,168.11,1105.08,1159.15,10,10,10,9,0.58,4.2,0.45,60.3,883.3,1.49,5.26,49614.11,15,3.25,SYNTHETIC_DEMO_DATA,0,0,0
1,2026-08-14 13:22:35.250415+00:00,4.22,14.94,140.37,1095.11,1163.17,10,10,10,9,0.62,4.2,0.45,60.3,883.3,1.49,5.26,49614.11,15,3.25,SYNTHETIC_DEMO_DATA,0,0,0
1,2026-08-14 14:22:35.250415+00:00,2.11,13.55,122.77,1081.38,1156.92,10,10,10,9,0.67,4.2,0.45,60.3,883.3,1.49,5.26,49614.11,15,3.25,SYNTHETIC_DEMO_DATA,0,0,0
1,2026-08-14 15:22:35.250415+00:00,3.89,15.29,107.16,1078.68,1159.32,10,10,10,9,0.71,4.2,0.45,60.3,883.3,1.49,5.26,49614.11,15,3.25,SYNTHETIC_DEMO_DATA,0,0,0
1,2026-08-14 16:22:35.250415+00:00,4.11,18.83,99.76,1077.07,1160.47,10,10,10,9,0.75,4.2,0.45,60.3,883.3,1.49,5.26,49614.11,15,3.25,SYNTHETIC_DEMO_DATA,0,0,0
1,2026-08-14 17:22:35.250415+00:00,3.57,19.3,102.73,1053.2,1162.78,10,10,10,9,0.79,4.2,0.45,60.3,883.3,1.49,5.26,49614.11,15,3.25,SYNTHETIC_DEMO_DATA,0,0,0
1,2026-08-14 18:22:35.250415+00:00,0.94,18.84,98.54,1043.98,1163.12,10,10,10,9,0.83,4.2,0.45,60.3,883.3,1.49,5.26,49614.11,15,3.25,SYNTHETIC_DEMO_DATA,0,0,0
1,2026-08-14 19:22:35.250415+00:00,2.74,17.36,98.35,1034.16,1162.17,10,10,10,9,0.88,4.2,0.45,60.3,883.3,1.49,5.26,49614.11,15,3.25,SYNTHETIC_DEMO_DATA,0,0,0
1,2026-08-14 20:22:35.250415+00:00,1.22,16.47,86.35,1006.42,1160.71,10,10,10,9,0.92,4.2,0.45,60.3,883.3,1.49,5.26,49614.11,15,3.25,SYNTHETIC_DEMO_DATA,0,0,0
1,2026-08-14 21:22:35.250415+00:00,0.43,13.01,86.14,994.79,1160.68,10,10,10,9,0.96,4.2,0.45,60.3,883.3,1.49,5.26,49614.11,15,3.25,SYNTHETIC_DEMO_DATA,0,0,0
1,2026-08-14 22:22:35.250415+00:00,0.91,9.81,71.63,980.37,1159.5,10,10,10,9,1.0,4.2,0.45,60.3,883.3,1.49,5.26,49614.11,15,3.25,SYNTHETIC_DEMO_DATA,0,0,0
1,2026-08-14 23:22:35.250415+00:00,1.28,7.52,69.63,948.63,1159.24,10,10,10,9,1.04,4.2,0.45,60.3,883.3,1.49,5.26,49614.11,15,3.25,SYNTHETIC_DEMO_DATA,0,0,0
1,2026-08-15 00:22:35.250415+00:00,1.87,8.45,66.93,940.21,1160.32,10,10,10,9,1.08,4.2,0.45,60.3,883.3,1.49,5.26,49614.11,15,3.25,SYNTHETIC_DEMO_DATA,0,0,0
1,2026-08-15 01:22:35.250415+00:00,2.35,8.06,54.74,917.11,1161.63,10,10,10,9,1.12,4.2,0.45,60.3,883.3,1.49,5.26,49614.11,15,3.25,SYNTHETIC_DEMO_DATA,0,0,0
1,2026-08-15 02:22:35.250415+00:00,0.16,7.0,53.63,903.08,1158.85,10,10,10,9,1.17,4.2,0.45,60.3,883.3,1.49,5.26,49614.11,15,3.25,SYNTHETIC_DEMO_DATA,0,0,0
1,2026-08-15 03:22:35.250415+00:00,0.08,6.65,53.63,879.47,1155.92,10,10,10,9,1.21,4.2,0.45,60.3,883.3,1.49,5.26,49614.11,15,3.25,SYNTHETIC_DEMO_DATA,0,0,0
1,2026-08-15 04:22:35.250415+00:00,2.59,8.33,51.67,855.59,1157.82,10,10,10,9,1.25,4.2,0.45,60.3,883.3,1.49,5.26,49614.11,15,3.25,SYNTHETIC_DEMO_DATA,0,0,0
1,2026-08-15 05:22:35.250415+00:00,0.61,7.66,47.23,762.92,1158.17,10,10,10,9,1.29,4.2,0.45,60.3,883.3,1.49,5.26,49614.11,15,3.25,SYNTHETIC_DEMO_DATA,0,0,0
1,2026-08-15 06:22:35.250415+00:00,6.41,12.2,52.03,665.03,1161.87,10,10,10,9,1.33,4.2,0.45,60.3,883.3,1.49,5.26,49614.11,15,3.25,SYNTHETIC_DEMO_DATA,0,0,0
1,2026-08-15 07:22:35.250415+00:00,1.91,11.76,52.12,593.0,1162.83,10,10,10,9,1.38,4.2,0.45,60.3,883.3,1.49,5.26,49614.11,15,3.25,SYNTHETIC_DEMO_DATA,0,0,0
1,2026-08-15 08:22:35.250415+00:00,3.16,14.76,51.78,540.13,1165.13,10,10,10,9,1.42,4.2,0.45,60.3,883.3,1.49,5.26,49614.11,15,3.25,SYNTHETIC_DEMO_DATA,0,0,0
1,2026-08-15 09:22:35.250415+00:00,0.98,15.66,50.61,458.06,1157.45,10,10,10,9,1.46,4.2,0.45,60.3,883.3,1.49,5.26,49614.11,15,3.25,SYNTHETIC_DEMO_DATA,0,0,0
1,2026-08-15 10:22:35.250415+00:00,3.33,16.4,53.37,352.26,1158.45,10,10,10,9,1.5,4.2,0.45,60.3,883.3,1.49,5.26,49614.11,15,3.25,SYNTHETIC_DEMO_DATA,0,0,0
1,2026-08-15 11:22:35.250415+00:00,1.04,16.83,51.31,245.26,1155.12,10,10,10,9,1.54,4.2,0.45,60.3,883.3,1.49,5.26,49614.11,15,3.25,SYNTHETIC_DEMO_DATA,0,0,0
1,2026-08-15 12:22:35.250415+00:00,0.04,10.46,49.95,218.06,1155.03,10,10,10,9,1.58,4.2,0.45,60.3,883.3,1.49,5.26,49614.11,15,3.25,SYNTHETIC_DEMO_DATA,0,0,0
1,2026-08-15 13:22:35.250415+00:00,4.75,13.3,50.48,190.85,1145.59,10,10,10,9,1.62,4.2,0.45,60.3,883.3,1.49,5.26,49614.11,15,3.25,SYNTHETIC_DEMO_DATA,0,0,0
1,2026-08-15 14:22:35.250415+00:00,2.19,12.33,50.56,173.33,1131.94,10,10,10,9,1.67,4.2,0.45,60.3,883.3,1.49,5.26,49614.11,15,3.25,SYNTHETIC_DEMO_DATA,0,0,0
1,2026-08-15 15:22:35.250415+00:00,2.01,13.36,48.68,155.84,1127.36,10,10,10,9,1.71,4.2,0.45,60.3,883.3,1.49,5.26,49614.11,15,3.25,SYNTHETIC_DEMO_DATA,0,0,0
1,2026-08-15 16:22:35.250415+00:00,1.97,12.0,46.54,146.3,1123.61,10,10,10,9,1.75,4.2,0.45,60.3,883.3,1.49,5.26,49614.11,15,3.25,SYNTHETIC_DEMO_DATA,0,0,0
1,2026-08-15 17:22:35.250415+00:00,8.05,19.01,51.02,153.75,1104.22,10,10,10,9,1.79,4.2,0.45,60.3,883.3,1.49,5.26,49614.11,15,3.25,SYNTHETIC_DEMO_DATA,0,0,0
1,2026-08-15 18:22:35.250415+00:00,7.15,26.12,57.23,155.77,1101.21,10,10,10,9,1.83,4.2,0.45,60.3,883.3,1.49,5.26,49614.11,15,3.25,SYNTHETIC_DEMO_DATA,0,0,0
1,2026-08-15 19:22:35.250415+00:00,1.83,23.2,56.32,154.67,1090.48,10,10,10,9,1.88,4.2,0.45,60.3,883.3,1.49,5.26,49614.11,15,3.25,SYNTHETIC_DEMO_DATA,0,0,0
1,2026-08-15 20:22:35.250415+00:00,2.84,23.85,57.94,144.29,1064.36,10,10,10,9,1.92,4.2,0.45,60.3,883.3,1.49,5.26,49614.11,15,3.25,SYNTHETIC_DEMO_DATA,0,0,0
1,2026-08-15 21:22:35.250415+00:00,1.26,23.1,58.77,144.91,1053.56,10,10,10,9,1.96,4.2,0.45,60.3,883.3,1.49,5.26,49614.11,15,3.25,SYNTHETIC_DEMO_DATA,0,0,0
1,2026-08-15 22:22:35.250415+00:00,1.15,22.28,59.01,130.64,1039.38,10,10,10,9,2.0,4.2,0.45,60.3,883.3,1.49,5.26,49614.11,15,3.25,SYNTHETIC_DEMO_DATA,0,0,0
1,2026-08-15 23:22:35.250415+00:00,1.25,15.48,58.98,128.61,1007.61,10,10,10,9,2.04,4.2,0.45,60.3,883.3,1.49,5.26,49614.11,15,3.25,SYNTHETIC_DEMO_DATA,0,0,0
1,2026-08-16 00:22:35.250415+00:00,1.45,9.78,58.56,125.49,998.77,10,10,10,9,2.08,4.2,0.45,60.3,883.3,1.49,5.26,49614.11,15,3.25,SYNTHETIC_DEMO_DATA,0,0,0
1,2026-08-16 01:22:35.250415+00:00,12.41,20.36,68.62,123.36,985.73,10,10,10,9,2.12,4.2,0.45,60.3,883.3,1.49,5.26,49614.11,15,3.25,SYNTHETIC_DEMO_DATA,0,0,0
1,2026-08-16 02:22:35.250415+00:00,0.18,17.7,68.64,122.27,971.72,10,10,10,9,2.17,4.2,0.45,60.3,883.3,1.49,5.26,49614.11,15,3.25,SYNTHETIC_DEMO_DATA,0,0,0
1,2026-08-16 03:22:35.250415+00:00,2.91,19.35,71.47,125.1,950.94,10,10,10,9,2.21,4.2,0.45,60.3,883.3,1.49,5.26,49614.11,15,3.25,SYNTHETIC_DEMO_DATA,0,0,0
1,2026-08-16 04:22:35.250415+00:00,0.97,19.17,69.85,121.52,925.44,10,10,10,9,2.25,4.2,0.45,60.3,883.3,1.49,5.26,49614.11,15,3.25,SYNTHETIC_DEMO_DATA,0,0,0
1,2026-08-16 05:22:35.250415+00:00,2.58,20.5,71.82,119.05,834.74,10,10,10,9,2.29,4.2,0.45,60.3,883.3,1.49,5.26,49614.11,15,3.25,SYNTHETIC_DEMO_DATA,0,0,0
1,2026-08-16 06:22:35.250415+00:00,1.78,20.83,67.19,119.22,732.22,10,10,10,9,2.33,4.2,0.45,60.3,883.3,1.49,5.26,49614.11,15,3.25,SYNTHETIC_DEMO_DATA,0,0,0
1,2026-08-16 07:22:35.250415+00:00,0.03,8.45,65.31,117.43,658.31,10,10,10,9,2.38,4.2,0.45,60.3,883.3,1.49,5.26,49614.11,15,3.25,SYNTHETIC_DEMO_DATA,0,0,0
1,2026-08-16 08:22:35.250415+00:00,0.28,8.55,62.43,114.21,602.56,10,10,10,9,2.42,4.2,0.45,60.3,883.3,1.49,5.26,49614.11,15,3.25,SYNTHETIC_DEMO_DATA,0,0,0
1,2026-08-16 09:22:35.250415+00:00,4.75,10.39,66.2,116.81,524.26,10,10,10,9,2.46,4.2,0.45,60.3,883.3,1.49,5.26,49614.11,15,3.25,SYNTHETIC_DEMO_DATA,0,0,0
1,2026-08-16 10:22:35.250415+00:00,11.59,21.01,74.46,127.83,426.72,10,10,10,9,2.5,4.2,0.45,60.3,883.3,1.49,5.26,49614.11,15,3.25,SYNTHETIC_DEMO_DATA,0,0,0
1,2026-08-16 11:22:35.250415+00:00,2.41,20.84,75.83,127.14,321.09,10,10,10,9,2.54,4.2,0.45,60.3,883.3,1.49,5.26,49614.11,15,3.25,SYNTHETIC_DEMO_DATA,0,0,0
1,2026-08-16 12:22:35.250415+00:00,3.68,22.74,79.47,129.42,297.53,10,10,10,9,2.58,4.2,0.45,60.3,883.3,1.49,5.26,49614.11,15,3.25,SYNTHETIC_DEMO_DATA,0,0,0
1,2026-08-16 13:22:35.250415+00:00,1.42,24.13,76.14,126.62,266.99,10,10,10,9,2.62,4.2,0.45,60.3,883.3,1.49,5.26,49614.11,15,3.25,SYNTHETIC_DEMO_DATA,0,0,0
1,2026-08-16 14:22:35.250415+00:00,1.06,24.91,75.01,125.57,248.34,10,10,10,9,2.67,4.2,0.45,60.3,883.3,1.49,5.26,49614.11,15,3.25,SYNTHETIC_DEMO_DATA,0,0,0
1,2026-08-16 15:22:35.250415+00:00,5.18,25.34,78.18,126.86,234.02,10,10,10,9,2.71,4.2,0.45,60.3,883.3,1.49,5.26,49614.11,15,3.25,SYNTHETIC_DEMO_DATA,0,0,0
1,2026-08-16 16:22:35.250415+00:00,3.75,17.5,79.96,126.5,226.26,10,10,10,9,2.75,4.2,0.45,60.3,883.3,1.49,5.26,49614.11,15,3.25,SYNTHETIC_DEMO_DATA,0,0,0
2,2026-08-09 17:22:35.250415+00:00,0.51,0.51,0.51,0.51,0.51,0,0,0,0,999.0,2.8,0.25,68.6,668.1,3.66,11.91,56675.06,13,1.93,SYNTHETIC_DEMO_DATA,0,0,0
2,2026-08-09 18:22:35.250415+00:00,2.84,3.35,3.35,3.35,3.35,0,0,0,0,999.0,2.8,0.25,68.6,668.1,3.66,11.91,56675.06,13,1.93,SYNTHETIC_DEMO_DATA,0,0,0
2,2026-08-09 19:22:35.250415+00:00,1.09,4.44,4.44,4.44,4.44,0,0,0,0,999.0,2.8,0.25,68.6,668.1,3.66,11.91,56675.06,13,1.93,SYNTHETIC_DEMO_DATA,0,0,0
2,2026-08-09 20:22:35.250415+00:00,8.42,12.86,12.86,12.86,12.86,0,0,0,0,999.0,2.8,0.25,68.6,668.1,3.66,11.91,56675.06,13,1.93,SYNTHETIC_DEMO_DATA,0,0,0
2,2026-08-09 21:22:35.250415+00:00,0.23,13.09,13.09,13.09,13.09,0,0,0,0,999.0,2.8,0.25,68.6,668.1,3.66,11.91,56675.06,13,1.93,SYNTHETIC_DEMO_DATA,0,0,1
2,2026-08-09 22:22:35.250415+00:00,1.12,14.21,14.21,14.21,14.21,0,0,0,0,999.0,2.8,0.25,68.6,668.1,3.66,11.91,56675.06,13,1.93,SYNTHETIC_DEMO_DATA,0,0,1
2,2026-08-09 23:22:35.250415+00:00,0.1,13.8,14.31,14.31,14.31,0,0,0,0,999.0,2.8,0.25,68.6,668.1,3.66,11.91,56675.06,13,1.93,SYNTHETIC_DEMO_DATA,0,0,1
2,2026-08-10 00:22:35.250415+00:00,4.88,15.84,19.19,19.19,19.19,0,0,0,0,999.0,2.8,0.25,68.6,668.1,3.66,11.91,56675.06,13,1.93,SYNTHETIC_DEMO_DATA,0,0,1
2,2026-08-10 01:22:35.250415+00:00,0.38,15.13,19.57,19.57,19.57,0,0,0,0,999.0,2.8,0.25,68.6,668.1,3.66,11.91,56675.06,13,1.93,SYNTHETIC_DEMO_DATA,0,0,1
2,2026-08-10 02:22:35.250415+00:00,0.16,6.87,19.73,19.73,19.73,0,0,0,0,999.0,2.8,0.25,68.6,668.1,3.66,11.91,56675.06,13,1.93,SYNTHETIC_DEMO_DATA,0,0,1
2,2026-08-10 03:22:35.250415+00:00,0.28,6.92,20.01,20.01,20.01,0,0,0,0,999.0,2.8,0.25,68.6,668.1,3.66,11.91,56675.06,13,1.93,SYNTHETIC_DEMO_DATA,0,0,1
2,2026-08-10 04:22:35.250415+00:00,1.25,7.05,21.26,21.26,21.26,0,0,0,0,999.0,2.8,0.25,68.6,668.1,3.66,11.91,56675.06,13,1.93,SYNTHETIC_DEMO_DATA,0,0,1
2,2026-08-10 05:22:35.250415+00:00,3.88,10.83,25.14,25.14,25.14,0,0,0,0,999.0,2.8,0.25,68.6,668.1,3.66,11.91,56675.06,13,1.93,SYNTHETIC_DEMO_DATA,0,0,1
2,2026-08-10 06:22:35.250415+00:00,3.17,9.12,28.31,28.31,28.31,0,0,0,0,999.0,2.8,0.25,68.6,668.1,3.66,11.91,56675.06,13,1.93,SYNTHETIC_DEMO_DATA,0,0,1
2,2026-08-10 07:22:35.250415+00:00,6.68,15.42,34.99,34.99,34.99,0,0,0,0,999.0,2.8,0.25,68.6,668.1,3.66,11.91,56675.06,13,1.93,SYNTHETIC_DEMO_DATA,0,0,1
2,2026-08-10 08:22:35.250415+00:00,0.05,15.31,35.04,35.04,35.04,0,0,0,0,999.0,2.8,0.25,68.6,668.1,3.66,11.91,56675.06,13,1.93,SYNTHETIC_DEMO_DATA,0,0,1
2,2026-08-10 09:22:35.250415+00:00,2.86,17.89,37.9,37.9,37.9,0,0,0,0,999.0,2.8,0.25,68.6,668.1,3.66,11.91,56675.06,13,1.93,SYNTHETIC_DEMO_DATA,0,0,1
2,2026-08-10 10:22:35.250415+00:00,4.8,21.44,42.7,42.7,42.7,0,0,0,0,999.0,2.8,0.25,68.6,668.1,3.66,11.91,56675.06,13,1.93,SYNTHETIC_DEMO_DATA,0,0,1
2,2026-08-10 11:22:35.250415+00:00,5.19,22.75,47.89,47.89,47.89,0,0,0,0,999.0,2.8,0.25,68.6,668.1,3.66,11.91,56675.06,13,1.93,SYNTHETIC_DEMO_DATA,0,0,1
2,2026-08-10 12:22:35.250415+00:00,4.76,24.34,52.65,52.65,52.65,0,0,0,0,999.0,2.8,0.25,68.6,668.1,3.66,11.91,56675.06,13,1.93,SYNTHETIC_DEMO_DATA,0,0,1
2,2026-08-10 13:22:35.250415+00:00,9.29,26.95,61.94,61.94,61.94,0,0,0,0,999.0,2.8,0.25,68.6,668.1,3.66,11.91,56675.06,13,1.93,SYNTHETIC_DEMO_DATA,0,0,1
2,2026-08-10 14:22:35.250415+00:00,2.03,28.93,63.97,63.97,63.97,0,0,0,0,999.0,2.8,0.25,68.6,668.1,3.66,11.91,56675.06,13,1.93,SYNTHETIC_DEMO_DATA,0,0,1
2,2026-08-10 15:22:35.250415+00:00,0.08,26.15,64.05,64.05,64.05,0,0,0,0,999.0,2.8,0.25,68.6,668.1,3.66,11.91,56675.06,13,1.93,SYNTHETIC_DEMO_DATA,0,0,1
2,2026-08-10 16:22:35.250415+00:00,0.3,21.65,64.35,64.35,64.35,0,0,0,0,999.0,2.8,0.25,68.6,668.1,3.66,11.91,56675.06,13,1.93,SYNTHETIC_DEMO_DATA,0,0,1
2,2026-08-10 17:22:35.250415+00:00,4.17,20.63,68.01,68.52,68.52,0,0,0,0,999.0,2.8,0.25,68.6,668.1,3.66,11.91,56675.06,13,1.93,SYNTHETIC_DEMO_DATA,0,0,1
2,2026-08-10 18:22:35.250415+00:00,1.16,17.03,66.33,69.68,69.68,0,0,0,0,999.0,2.8,0.25,68.6,668.1,3.66,11.91,56675.06,13,1.93,SYNTHETIC_DEMO_DATA,0,0,1
2,2026-08-10 19:22:35.250415+00:00,4.7,12.44,69.94,74.38,74.38,0,0,0,0,999.0,2.8,0.25,68.6,668.1,3.66,11.91,56675.06,13,1.93,SYNTHETIC_DEMO_DATA,0,0,1
2,2026-08-10 20:22:35.250415+00:00,0.23,10.64,61.75,74.61,74.61,0,0,0,0,999.0,2.8,0.25,68.6,668.1,3.66,11.91,56675.06,13,1.93,SYNTHETIC_DEMO_DATA,0,0,1
2,2026-08-10 21:22:35.250415+00:00,1.66,12.22,63.18,76.27,76.27,0,0,0,0,999.0,2.8,0.25,68.6,668.1,3.66,11.91,56675.06,13,1.93,SYNTHETIC_DEMO_DATA,0,1,1
2,2026-08-10 22:22:35.250415+00:00,0.76,12.68,62.82,77.03,77.03,0,0,0,0,999.0,2.8,0.25,68.6,668.1,3.66,11.91,56675.06,13,1.93,SYNTHETIC_DEMO_DATA,0,1,1
2,2026-08-10 23:22:35.250415+00:00,2.63,11.14,65.35,79.66,79.66,0,0,0,0,999.0,2.8,0.25,68.6,668.1,3.66,11.91,56675.06,13,1.93,SYNTHETIC_DEMO_DATA,0,1,1
2,2026-08-11 00:22:35.250415+00:00,3.59,13.57,64.06,83.25,83.25,0,0,0,0,999.0,2.8,0.25,68.6,668.1,3.66,11.91,56675.06,13,1.93,SYNTHETIC_DEMO_DATA,0,1,1
2,2026-08-11 01:22:35.250415+00:00,1.42,10.29,65.1,84.67,84.67,0,0,0,0,999.0,2.8,0.25,68.6,668.1,3.66,11.91,56675.06,13,1.93,SYNTHETIC_DEMO_DATA,0,1,1
2,2026-08-11 02:22:35.250415+00:00,17.08,27.14,82.02,101.75,101.75,0,0,0,0,999.0,2.8,0.25,68.6,668.1,3.66,11.91,56675.06,13,1.93,SYNTHETIC_DEMO_DATA,0,1,1
2,2026-08-11 03:22:35.250415+00:00,2.2,27.68,83.94,103.95,103.95,0,0,0,0,999.0,2.8,0.25,68.6,668.1,3.66,11.91,56675.06,13,1.93,SYNTHETIC_DEMO_DATA,0,1,1
2,2026-08-11 04:22:35.250415+00:00,1.3,28.22,83.99,105.25,105.25,0,0,0,0,999.0,2.8,0.25,68.6,668.1,3.66,11.91,56675.06,13,1.93,SYNTHETIC_DEMO_DATA,0,1,1
2,2026-08-11 05:22:35.250415+00:00,1.84,27.43,81.95,107.09,107.09,0,0,0,0,999.0,2.8,0.25,68.6,668.1,3.66,11.91,56675.06,13,1.93,SYNTHETIC_DEMO_DATA,0,1,1
2,2026-08-11 06:22:35.250415+00:00,3.3,27.14,82.08,110.39,110.39,0,0,0,0,999.0,2.8,0.25,68.6,668.1,3.66,11.91,56675.06,13,1.93,SYNTHETIC_DEMO_DATA,0,1,1
2,2026-08-11 07:22:35.250415+00:00,2.97,28.69,78.37,113.36,113.36,0,0,0,0,999.0,2.8,0.25,68.6,668.1,3.66,11.91,56675.06,13,1.93,SYNTHETIC_DEMO_DATA,0,1,1
2,2026-08-11 08:22:35.250415+00:00,0.11,11.72,78.43,113.47,113.47,0,0,0,0,999.0,2.8,0.25,68.6,668.1,3.66,11.91,56675.06,13,1.93,SYNTHETIC_DEMO_DATA,0,1,1
2,2026-08-11 09:22:35.250415+00:00,0.38,9.9,75.95,113.85,113.85,0,0,0,0,999.0,2.8,0.25,68.6,668.1,3.66,11.91,56675.06,13,1.93,SYNTHETIC_DEMO_DATA,0,1,1
2,2026-08-11 10:22:35.250415+00:00,1.32,9.92,72.47,115.17,115.17,0,0,0,0,999.0,2.8,0.25,68.6,668.1,3.66,11.91,56675.06,13,1.93,SYNTHETIC_DEMO_DATA,0,1,1
2,2026-08-11 11:22:35.250415+00:00,0.36,8.44,67.64,115.53,115.53,0,0,0,0,999.0,2.8,0.25,68.6,668.1,3.66,11.91,56675.06,13,1.93,SYNTHETIC_DEMO_DATA,0,1,1
2,2026-08-11 12:22:35.250415+00:00,2.13,7.27,65.01,117.66,117.66,0,0,0,0,999.0,2.8,0.25,68.6,668.1,3.66,11.91,56675.06,13,1.93,SYNTHETIC_DEMO_DATA,0,1,1
2,2026-08-11 13:22:35.250415+00:00,0.88,5.18,56.6,118.54,118.54,0,0,0,0,999.0,2.8,0.25,68.6,668.1,3.66,11.91,56675.06,13,1.93,SYNTHETIC_DEMO_DATA,0,1,1
2,2026-08-11 14:22:35.250415+00:00,2.56,7.63,57.13,121.1,121.1,0,0,0,0,999.0,2.8,0.25,68.6,668.1,3.66,11.91,56675.06,13,1.93,SYNTHETIC_DEMO_DATA,0,1,1
2,2026-08-11 15:22:35.250415+00:00,1.86,9.11,58.91,122.96,122.96,0,0,0,0,999.0,2.8,0.25,68.6,668.1,3.66,11.91,56675.06,13,1.93,SYNTHETIC_DEMO_DATA,0,1,1
2,2026-08-11 16:22:35.250415+00:00,2.9,10.69,61.51,125.86,125.86,0,0,0,0,999.0,2.8,0.25,68.6,668.1,3.66,11.91,56675.06,13,1.93,SYNTHETIC_DEMO_DATA,0,1,1
2,2026-08-11 17:22:35.250415+00:00,0.41,10.74,57.75,125.76,126.27,0,0,0,0,999.0,2.8,0.25,68.6,668.1,3.66,11.91,56675.06,13,1.93,SYNTHETIC_DEMO_DATA,0,1,1
2,2026-08-11 18:22:35.250415+00:00,1.86,10.47,58.45,124.78,128.13,0,0,0,0,999.0,2.8,0.25,68.6,668.1,3.66,11.91,56675.06,13,1.93,SYNTHETIC_DEMO_DATA,0,1,1
2,2026-08-11 19:22:35.250415+00:00,1.66,11.25,55.41,125.35,129.79,0,0,0,0,999.0,2.8,0.25,68.6,668.1,3.66,11.91,56675.06,13,1.93,SYNTHETIC_DEMO_DATA,0,1,1
2,2026-08-11 20:22:35.250415+00:00,4.87,13.56,60.05,121.8,134.66,0,0,0,0,999.0,2.8,0.25,68.6,668.1,3.66,11.91,56675.06,13,1.93,SYNTHETIC_DEMO_DATA,0,1,1
2,2026-08-11 21:22:35.250415+00:00,7.39,19.09,65.78,128.96,142.05,0,0,0,0,999.0,2.8,0.25,68.6,668.1,3.66,11.91,56675.06,13,1.93,SYNTHETIC_DEMO_DATA,1,1,1
2,2026-08-11 22:22:35.250415+00:00,0.71,16.9,65.73,128.55,142.76,0,0,0,0,999.0,2.8,0.25,68.6,668.1,3.66,11.91,56675.06,13,1.93,SYNTHETIC_DEMO_DATA,1,1,1
2,2026-08-11 23:22:35.250415+00:00,5.94,22.43,69.04,134.39,148.7,0,0,0,0,999.0,2.8,0.25,68.6,668.1,3.66,11.91,56675.06,13,1.93,SYNTHETIC_DEMO_DATA,1,1,1
2,2026-08-12 00:22:35.250415+00:00,4.83,25.4,70.28,134.34,153.53,0,0,0,0,999.0,2.8,0.25,68.6,668.1,3.66,11.91,56675.06,13,1.93,SYNTHETIC_DEMO_DATA,1,1,1
2,2026-08-12 01:22:35.250415+00:00,0.7,24.44,69.56,134.66,154.23,0,0,0,0,999.0,2.8,0.25,68.6,668.1,3.66,11.91,56675.06,13,1.93,SYNTHETIC_DEMO_DATA,1,1,1
2,2026-08-12 02:22:35.250415+00:00,1.05,20.62,53.53,135.55,155.28,0,0,0,0,999.0,2.8,0.25,68.6,668.1,3.66,11.91,56675.06,13,1.93,SYNTHETIC_DEMO_DATA,1,1,1
2,2026-08-12 03:22:35.250415+00:00,12.48,25.71,63.81,147.75,167.76,0,0,0,0,999.0,2.8,0.25,68.6,668.1,3.66,11.91,56675.06,13,1.93,SYNTHETIC_DEMO_DATA,1,1,1
2,2026-08-12 04:22:35.250415+00:00,6.21,31.21,68.72,152.71,173.97,0,0,0,0,999.0,2.8,0.25,68.6,668.1,3.66,11.91,56675.06,13,1.93,SYNTHETIC_DEMO_DATA,1,1,1
2,2026-08-12 05:22:35.250415+00:00,1.02,26.29,67.9,149.85,174.99,0,0,0,0,999.0,2.8,0.25,68.6,668.1,3.66,11.91,56675.06,13,1.93,SYNTHETIC_DEMO_DATA,1,1,1
2,2026-08-12 06:22:35.250415+00:00,1.22,22.68,65.82,147.9,176.21,0,0,0,0,999.0,2.8,0.25,68.6,668.1,3.66,11.91,56675.06,13,1.93,SYNTHETIC_DEMO_DATA,1,1,1
2,2026-08-12 07:22:35.250415+00:00,7.48,29.46,70.33,148.7,183.69,0,0,0,0,999.0,2.8,0.25,68.6,668.1,3.66,11.91,56675.06,13,1.93,SYNTHETIC_DEMO_DATA,1,1,1
2,2026-08-12 08:22:35.250415+00:00,8.65,37.06,78.87,157.3,192.34,0,0,0,0,999.0,2.8,0.25,68.6,668.1,3.66,11.91,56675.06,13,1.93,SYNTHETIC_DEMO_DATA,1,1,1
2,2026-08-12 09:22:35.250415+00:00,1.15,25.73,79.64,155.59,193.49,0,0,0,0,999.0,2.8,0.25,68.6,668.1,3.66,11.91,56675.06,13,1.93,SYNTHETIC_DEMO_DATA,1,1,1
2,2026-08-12 10:22:35.250415+00:00,6.51,26.03,84.83,157.3,200.0,0,0,0,0,999.0,2.8,0.25,68.6,668.1,3.66,11.91,56675.06,13,1.93,SYNTHETIC_DEMO_DATA,1,1,1
2,2026-08-12 11:22:35.250415+00:00,6.21,31.22,90.68,158.32,206.21,0,0,0,0,999.0,2.8,0.25,68.6,668.1,3.66,11.91,56675.06,13,1.93,SYNTHETIC_DEMO_DATA,1,1,1
2,2026-08-12 12:22:35.250415+00:00,1.46,31.46,90.01,155.02,207.67,0,0,0,0,999.0,2.8,0.25,68.6,668.1,3.66,11.91,56675.06,13,1.93,SYNTHETIC_DEMO_DATA,1,1,1
2,2026-08-12 13:22:35.250415+00:00,2.81,26.79,91.94,148.54,210.48,0,0,0,0,999.0,2.8,0.25,68.6,668.1,3.66,11.91,56675.06,13,1.93,SYNTHETIC_DEMO_DATA,1,1,1
2,2026-08-12 14:22:35.250415+00:00,3.57,21.71,92.95,150.08,214.05,0,0,0,0,999.0,2.8,0.25,68.6,668.1,3.66,11.91,56675.06,13,1.93,SYNTHETIC_DEMO_DATA,1,1,1
2,2026-08-12 15:22:35.250415+00:00,3.19,23.75,94.28,153.19,217.24,0,0,0,0,999.0,2.8,0.25,68.6,668.1,3.66,11.91,56675.06,13,1.93,SYNTHETIC_DEMO_DATA,1,1,1
2,2026-08-12 16:22:35.250415+00:00,5.22,22.46,96.6,158.11,222.46,0,0,0,0,999.0,2.8,0.25,68.6,668.1,3.66,11.91,56675.06,13,1.93,SYNTHETIC_DEMO_DATA,1,1,1
2,2026-08-12 17:22:35.250415+00:00,13.97,30.22,110.16,167.91,235.92,0,0,0,0,999.0,2.8,0.25,68.6,668.1,3.66,11.91,56675.06,13,1.93,SYNTHETIC_DEMO_DATA,1,1,1
2,2026-08-12 18:22:35.250415+00:00,25.8,54.56,134.1,192.55,258.88,0,0,0,0,999.0,2.8,0.25,68.6,668.1,3.66,11.91,56675.06,13,1.93,SYNTHETIC_DEMO_DATA,1,1,1
2,2026-08-12 19:22:35.250415+00:00,17.52,69.27,149.96,205.37,275.31,0,0,0,0,999.0,2.8,0.25,68.6,668.1,3.66,11.91,56675.06,13,1.93,SYNTHETIC_DEMO_DATA,1,1,1
2,2026-08-12 20:22:35.250415+00:00,22.22,87.92,167.31,227.36,289.11,0,0,0,0,999.0,2.8,0.25,68.6,668.1,3.66,11.91,56675.06,13,1.93,SYNTHETIC_DEMO_DATA,1,1,1
2,2026-08-12 21:22:35.250415+00:00,33.77,118.5,193.69,259.47,322.65,1,1,1,0,999.0,2.8,0.25,68.6,668.1,3.66,11.91,56675.06,13,1.93,SYNTHETIC_DEMO_DATA,1,1,1
2,2026-08-12 22:22:35.250415+00:00,31.61,144.89,224.59,290.32,353.14,1,1,1,1,0.04,2.8,0.25,68.6,668.1,3.66,11.91,56675.06,13,1.93,SYNTHETIC_DEMO_DATA,1,1,1
2,2026-08-12 23:22:35.250415+00:00,12.93,143.85,231.58,300.62,365.97,1,1,1,1,0.08,2.8,0.25,68.6,668.1,3.66,11.91,56675.06,13,1.93,SYNTHETIC_DEMO_DATA,1,1,1
2,2026-08-13 00:22:35.250415+00:00,25.0,143.05,251.75,322.03,386.09,1,1,1,1,0.12,2.8,0.25,68.6,668.1,3.66,11.91,56675.06,13,1.93,SYNTHETIC_DEMO_DATA,1,1,1
2,2026-08-13 01:22:35.250415+00:00,18.16,143.69,269.21,338.77,403.87,1,1,1,1,0.17,2.8,0.25,68.6,668.1,3.66,11.91,56675.06,13,1.93,SYNTHETIC_DEMO_DATA,1,1,1
2,2026-08-13 02:22:35.250415+00:00,10.79,132.26,278.95,332.48,414.5,1,1,1,1,0.21,2.8,0.25,68.6,668.1,3.66,11.91,56675.06,13,1.93,SYNTHETIC_DEMO_DATA,1,1,1
2,2026-08-13 03:22:35.250415+00:00,23.16,121.65,289.63,353.44,437.38,2,2,2,1,0.25,2.8,0.25,68.6,668.1,3.66,11.91,56675.06,13,1.93,SYNTHETIC_DEMO_DATA,1,1,1
2,2026-08-13 04:22:35.250415+00:00,15.71,105.75,299.13,367.85,451.84,2,2,2,1,0.04,2.8,0.25,68.6,668.1,3.66,11.91,56675.06,13,1.93,SYNTHETIC_DEMO_DATA,1,1,1
2,2026-08-13 05:22:35.250415+00:00,109.2,202.02,407.31,475.21,557.16,3,3,3,1,0.08,2.8,0.25,68.6,668.1,3.66,11.91,56675.06,13,1.93,SYNTHETIC_DEMO_DATA,1,1,1
2,2026-08-13 06:22:35.250415+00:00,92.65,269.67,498.74,564.56,646.64,4,4,4,2,0.04,2.8,0.25,68.6,668.1,3.66,11.91,56675.06,13,1.93,SYNTHETIC_DEMO_DATA,1,1,1
2,2026-08-13 07:22:35.250415+00:00,55.63,307.14,546.89,617.22,695.59,5,5,5,3,0.04,2.8,0.25,68.6,668.1,3.66,11.91,56675.06,13,1.93,SYNTHETIC_DEMO_DATA,1,1,1
2,2026-08-13 08:22:35.250415+00:00,73.01,369.36,611.25,690.12,768.55,6,6,6,4,0.04,2.8,0.25,68.6,668.1,3.66,11.91,56675.06,13,1.93,SYNTHETIC_DEMO_DATA,1,1,1
2,2026-08-13 09:22:35.250415+00:00,62.53,408.73,672.63,752.27,828.22,7,7,7,5,0.04,2.8,0.25,68.6,668.1,3.66,11.91,56675.06,13,1.93,SYNTHETIC_DEMO_DATA,1,1,1
2,2026-08-13 10:22:35.250415+00:00,86.54,479.56,752.66,837.49,909.96,8,8,8,6,0.04,2.8,0.25,68.6,668.1,3.66,11.91,56675.06,13,1.93,SYNTHETIC_DEMO_DATA,1,1,1
2,2026-08-13 11:22:35.250415+00:00,101.43,471.79,847.88,938.56,1006.2,9,9,9,7,0.04,2.8,0.25,68.6,668.1,3.66,11.91,56675.06,13,1.93,SYNTHETIC_DEMO_DATA,1,1,1
2,2026-08-13 12:22:35.250415+00:00,19.85,398.99,866.27,956.28,1021.29,9,9,9,8,0.04,2.8,0.25,68.6,668.1,3.66,11.91,56675.06,13,1.93,SYNTHETIC_DEMO_DATA,1,1,1
2,2026-08-13 13:22:35.250415+00:00,30.2,373.56,893.66,985.6,1042.2,10,10,10,8,0.08,2.8,0.25,68.6,668.1,3.66,11.91,56675.06,13,1.93,SYNTHETIC_DEMO_DATA,1,1,1
2,2026-08-13 14:22:35.250415+00:00,15.68,316.23,905.77,998.72,1055.85,10,10,10,9,0.04,2.8,0.25,68.6,668.1,3.66,11.91,56675.06,13,1.93,SYNTHETIC_DEMO_DATA,0,0,0
2,2026-08-13 15:22:35.250415+00:00,25.2,278.9,927.78,1022.06,1080.97,10,10,10,9,0.08,2.8,0.25,68.6,668.1,3.66,11.91,56675.06,13,1.93,SYNTHETIC_DEMO_DATA,0,0,0
2,2026-08-13 16:22:35.250415+00:00,22.15,214.51,944.71,1041.31,1102.82,11,11,11,9,0.12,2.8,0.25,68.6,668.1,3.66,11.91,56675.06,13,1.93,SYNTHETIC_DEMO_DATA,0,0,0
2,2026-08-13 17:22:35.250415+00:00,3.7,116.78,934.44,1044.6,1102.35,11,11,11,9,0.04,2.8,0.25,68.6,668.1,3.66,11.91,56675.06,13,1.93,SYNTHETIC_DEMO_DATA,0,0,0
2,2026-08-13 18:22:35.250415+00:00,2.83,99.76,911.47,1045.57,1104.02,11,11,11,9,0.08,2.8,0.25,68.6,668.1,3.66,11.91,56675.06,13,1.93,SYNTHETIC_DEMO_DATA,0,0,0
2,2026-08-13 19:22:35.250415+00:00,4.01,73.57,897.96,1047.92,1103.33,11,11,11,9,0.12,2.8,0.25,68.6,668.1,3.66,11.91,56675.06,13,1.93,SYNTHETIC_DEMO_DATA,0,0,0
2,2026-08-13 20:22:35.250415+00:00,1.68,59.57,877.42,1044.73,1104.78,11,11,11,9,0.17,2.8,0.25,68.6,668.1,3.66,11.91,56675.06,13,1.93,SYNTHETIC_DEMO_DATA,0,0,0
2,2026-08-13 21:22:35.250415+00:00,0.22,34.59,843.87,1037.56,1103.34,11,11,11,9,0.21,2.8,0.25,68.6,668.1,3.66,11.91,56675.06,13,1.93,SYNTHETIC_DEMO_DATA,0,0,0
2,2026-08-13 22:22:35.250415+00:00,1.88,14.32,814.14,1038.73,1104.46,11,11,11,9,0.25,2.8,0.25,68.6,668.1,3.66,11.91,56675.06,13,1.93,SYNTHETIC_DEMO_DATA,0,0,0
2,2026-08-13 23:22:35.250415+00:00,1.53,12.15,802.74,1034.32,1103.36,11,11,11,9,0.29,2.8,0.25,68.6,668.1,3.66,11.91,56675.06,13,1.93,SYNTHETIC_DEMO_DATA,0,0,0
2,2026-08-14 00:22:35.250415+00:00,0.92,10.24,778.66,1030.41,1100.69,11,11,11,9,0.33,2.8,0.25,68.6,668.1,3.66,11.91,56675.06,13,1.93,SYNTHETIC_DEMO_DATA,0,0,0
2,2026-08-14 01:22:35.250415+00:00,0.37,6.6,760.87,1030.08,1099.64,11,11,11,9,0.38,2.8,0.25,68.6,668.1,3.66,11.91,56675.06,13,1.93,SYNTHETIC_DEMO_DATA,0,0,0
2,2026-08-14 02:22:35.250415+00:00,0.43,5.35,750.51,1029.46,1082.99,11,11,11,9,0.42,2.8,0.25,68.6,668.1,3.66,11.91,56675.06,13,1.93,SYNTHETIC_DEMO_DATA,0,0,0
2,2026-08-14 03:22:35.250415+00:00,10.13,15.26,737.48,1027.11,1090.92,11,11,11,9,0.46,2.8,0.25,68.6,668.1,3.66,11.91,56675.06,13,1.93,SYNTHETIC_DEMO_DATA,0,0,0
2,2026-08-14 04:22:35.250415+00:00,0.18,13.56,721.95,1021.08,1089.8,11,11,11,9,0.5,2.8,0.25,68.6,668.1,3.66,11.91,56675.06,13,1.93,SYNTHETIC_DEMO_DATA,0,0,0
2,2026-08-14 05:22:35.250415+00:00,2.25,14.28,615.0,1022.31,1090.21,11,11,11,9,0.54,2.8,0.25,68.6,668.1,3.66,11.91,56675.06,13,1.93,SYNTHETIC_DEMO_DATA,0,0,0
2,2026-08-14 06:22:35.250415+00:00,4.28,17.64,526.63,1025.37,1091.19,11,11,11,9,0.58,2.8,0.25,68.6,668.1,3.66,11.91,56675.06,13,1.93,SYNTHETIC_DEMO_DATA,0,0,0
2,2026-08-14 07:22:35.250415+00:00,0.49,17.76,471.49,1018.38,1088.71,11,11,11,9,0.62,2.8,0.25,68.6,668.1,3.66,11.91,56675.06,13,1.93,SYNTHETIC_DEMO_DATA,0,0,0
2,2026-08-14 08:22:35.250415+00:00,0.12,17.45,398.6,1009.85,1088.72,11,11,11,9,0.67,2.8,0.25,68.6,668.1,3.66,11.91,56675.06,13,1.93,SYNTHETIC_DEMO_DATA,0,0,0
2,2026-08-14 09:22:35.250415+00:00,3.78,11.1,339.85,1012.48,1092.12,11,11,11,9,0.71,2.8,0.25,68.6,668.1,3.66,11.91,56675.06,13,1.93,SYNTHETIC_DEMO_DATA,0,0,0
2,2026-08-14 10:22:35.250415+00:00,0.92,11.84,254.23,1006.89,1091.72,11,11,11,9,0.75,2.8,0.25,68.6,668.1,3.66,11.91,56675.06,13,1.93,SYNTHETIC_DEMO_DATA,0,0,0
2,2026-08-14 11:22:35.250415+00:00,4.81,14.4,157.61,1005.49,1096.17,11,11,11,9,0.79,2.8,0.25,68.6,668.1,3.66,11.91,56675.06,13,1.93,SYNTHETIC_DEMO_DATA,0,0,0
2,2026-08-14 12:22:35.250415+00:00,8.6,18.72,146.36,1012.63,1102.64,11,11,11,9,0.83,2.8,0.25,68.6,668.1,3.66,11.91,56675.06,13,1.93,SYNTHETIC_DEMO_DATA,0,0,0
2,2026-08-14 13:22:35.250415+00:00,4.49,22.72,120.65,1014.31,1106.25,11,11,11,9,0.88,2.8,0.25,68.6,668.1,3.66,11.91,56675.06,13,1.93,SYNTHETIC_DEMO_DATA,0,0,0
2,2026-08-14 14:22:35.250415+00:00,2.68,25.28,107.65,1013.42,1106.37,11,11,11,9,0.92,2.8,0.25,68.6,668.1,3.66,11.91,56675.06,13,1.93,SYNTHETIC_DEMO_DATA,0,0,0
2,2026-08-14 15:22:35.250415+00:00,4.83,26.33,87.28,1015.06,1109.34,11,11,11,9,0.96,2.8,0.25,68.6,668.1,3.66,11.91,56675.06,13,1.93,SYNTHETIC_DEMO_DATA,0,0,0
2,2026-08-14 16:22:35.250415+00:00,1.19,26.6,66.32,1011.03,1107.63,11,11,11,9,1.0,2.8,0.25,68.6,668.1,3.66,11.91,56675.06,13,1.93,SYNTHETIC_DEMO_DATA,0,0,0
2,2026-08-14 17:22:35.250415+00:00,4.74,26.53,67.36,1001.8,1111.96,11,11,11,9,1.04,2.8,0.25,68.6,668.1,3.66,11.91,56675.06,13,1.93,SYNTHETIC_DEMO_DATA,0,0,0
2,2026-08-14 18:22:35.250415+00:00,0.18,18.11,64.71,976.18,1110.28,11,11,11,9,1.08,2.8,0.25,68.6,668.1,3.66,11.91,56675.06,13,1.93,SYNTHETIC_DEMO_DATA,0,0,0
2,2026-08-14 19:22:35.250415+00:00,3.09,16.71,63.79,961.75,1111.71,11,11,11,9,1.12,2.8,0.25,68.6,668.1,3.66,11.91,56675.06,13,1.93,SYNTHETIC_DEMO_DATA,0,0,0
2,2026-08-14 20:22:35.250415+00:00,0.96,14.99,63.07,940.49,1107.8,11,11,11,9,1.17,2.8,0.25,68.6,668.1,3.66,11.91,56675.06,13,1.93,SYNTHETIC_DEMO_DATA,0,0,0
2,2026-08-14 21:22:35.250415+00:00,1.72,11.88,64.57,908.44,1102.13,11,11,11,9,1.21,2.8,0.25,68.6,668.1,3.66,11.91,56675.06,13,1.93,SYNTHETIC_DEMO_DATA,0,0,0
2,2026-08-14 22:22:35.250415+00:00,0.95,11.64,63.64,877.78,1102.37,11,11,11,9,1.25,2.8,0.25,68.6,668.1,3.66,11.91,56675.06,13,1.93,SYNTHETIC_DEMO_DATA,0,0,0
2,2026-08-14 23:22:35.250415+00:00,9.92,16.82,72.03,874.77,1106.35,11,11,11,9,1.29,2.8,0.25,68.6,668.1,3.66,11.91,56675.06,13,1.93,SYNTHETIC_DEMO_DATA,0,0,0
2,2026-08-15 00:22:35.250415+00:00,0.36,17.0,71.47,850.13,1101.88,11,11,11,9,1.33,2.8,0.25,68.6,668.1,3.66,11.91,56675.06,13,1.93,SYNTHETIC_DEMO_DATA,0,0,0
2,2026-08-15 01:22:35.250415+00:00,0.54,14.45,71.64,832.51,1101.72,11,11,11,9,1.38,2.8,0.25,68.6,668.1,3.66,11.91,56675.06,13,1.93,SYNTHETIC_DEMO_DATA,0,0,0
2,2026-08-15 02:22:35.250415+00:00,0.54,14.03,71.75,822.26,1101.21,11,11,11,9,1.42,2.8,0.25,68.6,668.1,3.66,11.91,56675.06,13,1.93,SYNTHETIC_DEMO_DATA,0,0,0
2,2026-08-15 03:22:35.250415+00:00,2.32,14.63,63.94,801.42,1091.05,11,11,11,9,1.46,2.8,0.25,68.6,668.1,3.66,11.91,56675.06,13,1.93,SYNTHETIC_DEMO_DATA,0,0,0
2,2026-08-15 04:22:35.250415+00:00,7.4,21.08,71.16,793.11,1092.24,11,11,11,9,1.5,2.8,0.25,68.6,668.1,3.66,11.91,56675.06,13,1.93,SYNTHETIC_DEMO_DATA,0,0,0
2,2026-08-15 05:22:35.250415+00:00,1.74,12.9,70.65,685.65,1092.96,11,11,11,9,1.54,2.8,0.25,68.6,668.1,3.66,11.91,56675.06,13,1.93,SYNTHETIC_DEMO_DATA,0,0,0
2,2026-08-15 06:22:35.250415+00:00,2.46,15.0,68.83,595.46,1094.2,11,11,11,9,1.58,2.8,0.25,68.6,668.1,3.66,11.91,56675.06,13,1.93,SYNTHETIC_DEMO_DATA,0,0,0
2,2026-08-15 07:22:35.250415+00:00,2.04,16.5,70.38,541.87,1088.76,11,11,11,9,1.62,2.8,0.25,68.6,668.1,3.66,11.91,56675.06,13,1.93,SYNTHETIC_DEMO_DATA,0,0,0
2,2026-08-15 08:22:35.250415+00:00,1.91,17.87,72.17,470.77,1082.02,11,11,11,9,1.67,2.8,0.25,68.6,668.1,3.66,11.91,56675.06,13,1.93,SYNTHETIC_DEMO_DATA,0,0,0
2,2026-08-15 09:22:35.250415+00:00,1.09,16.64,69.48,409.33,1081.96,11,11,11,9,1.71,2.8,0.25,68.6,668.1,3.66,11.91,56675.06,13,1.93,SYNTHETIC_DEMO_DATA,0,0,0
2,2026-08-15 10:22:35.250415+00:00,1.85,11.09,70.41,324.64,1077.3,11,11,11,9,1.75,2.8,0.25,68.6,668.1,3.66,11.91,56675.06,13,1.93,SYNTHETIC_DEMO_DATA,0,0,0
2,2026-08-15 11:22:35.250415+00:00,0.05,9.4,65.65,223.26,1071.14,11,11,11,9,1.79,2.8,0.25,68.6,668.1,3.66,11.91,56675.06,13,1.93,SYNTHETIC_DEMO_DATA,0,0,0
2,2026-08-15 12:22:35.250415+00:00,1.06,8.0,58.11,204.47,1070.74,11,11,11,9,1.83,2.8,0.25,68.6,668.1,3.66,11.91,56675.06,13,1.93,SYNTHETIC_DEMO_DATA,0,0,0
2,2026-08-15 13:22:35.250415+00:00,5.81,11.77,59.43,180.08,1073.74,11,11,11,9,1.88,2.8,0.25,68.6,668.1,3.66,11.91,56675.06,13,1.93,SYNTHETIC_DEMO_DATA,0,0,0
2,2026-08-15 14:22:35.250415+00:00,4.46,14.32,61.21,168.86,1074.63,11,11,11,9,1.92,2.8,0.25,68.6,668.1,3.66,11.91,56675.06,13,1.93,SYNTHETIC_DEMO_DATA,0,0,0
2,2026-08-15 15:22:35.250415+00:00,4.08,17.31,60.46,147.74,1075.52,11,11,11,9,1.96,2.8,0.25,68.6,668.1,3.66,11.91,56675.06,13,1.93,SYNTHETIC_DEMO_DATA,0,0,0
2,2026-08-15 16:22:35.250415+00:00,0.7,16.16,59.97,126.29,1071.0,11,11,11,9,2.0,2.8,0.25,68.6,668.1,3.66,11.91,56675.06,13,1.93,SYNTHETIC_DEMO_DATA,0,0,0
2,2026-08-15 17:22:35.250415+00:00,0.36,16.47,55.59,122.95,1057.39,11,11,11,9,2.04,2.8,0.25,68.6,668.1,3.66,11.91,56675.06,13,1.93,SYNTHETIC_DEMO_DATA,0,0,0
2,2026-08-15 18:22:35.250415+00:00,5.21,20.62,60.62,125.33,1036.8,11,11,11,9,2.08,2.8,0.25,68.6,668.1,3.66,11.91,56675.06,13,1.93,SYNTHETIC_DEMO_DATA,0,0,0
2,2026-08-15 19:22:35.250415+00:00,4.17,18.98,61.7,125.49,1023.45,11,11,11,9,2.12,2.8,0.25,68.6,668.1,3.66,11.91,56675.06,13,1.93,SYNTHETIC_DEMO_DATA,0,0,0
2,2026-08-15 20:22:35.250415+00:00,6.98,21.5,67.72,130.79,1008.21,11,11,11,9,2.17,2.8,0.25,68.6,668.1,3.66,11.91,56675.06,13,1.93,SYNTHETIC_DEMO_DATA,0,0,0
2,2026-08-15 21:22:35.250415+00:00,3.54,20.96,69.54,134.11,977.98,11,11,11,9,2.21,2.8,0.25,68.6,668.1,3.66,11.91,56675.06,13,1.93,SYNTHETIC_DEMO_DATA,0,0,0
2,2026-08-15 22:22:35.250415+00:00,3.67,23.93,72.26,135.9,950.04,11,11,11,9,2.25,2.8,0.25,68.6,668.1,3.66,11.91,56675.06,13,1.93,SYNTHETIC_DEMO_DATA,0,0,0
2,2026-08-15 23:22:35.250415+00:00,3.39,26.96,65.73,137.76,940.5,11,11,11,9,2.29,2.8,0.25,68.6,668.1,3.66,11.91,56675.06,13,1.93,SYNTHETIC_DEMO_DATA,0,0,0
2,2026-08-16 00:22:35.250415+00:00,0.52,22.27,65.89,137.36,916.02,11,11,11,9,2.33,2.8,0.25,68.6,668.1,3.66,11.91,56675.06,13,1.93,SYNTHETIC_DEMO_DATA,0,0,0
2,2026-08-16 01:22:35.250415+00:00,1.46,19.56,66.81,138.45,899.32,11,11,11,9,2.38,2.8,0.25,68.6,668.1,3.66,11.91,56675.06,13,1.93,SYNTHETIC_DEMO_DATA,0,0,0
2,2026-08-16 02:22:35.250415+00:00,2.45,15.03,68.72,140.47,890.98,11,11,11,9,2.42,2.8,0.25,68.6,668.1,3.66,11.91,56675.06,13,1.93,SYNTHETIC_DEMO_DATA,0,0,0
2,2026-08-16 03:22:35.250415+00:00,1.94,13.43,68.34,132.28,869.76,11,11,11,9,2.46,2.8,0.25,68.6,668.1,3.66,11.91,56675.06,13,1.93,SYNTHETIC_DEMO_DATA,0,0,0
2,2026-08-16 04:22:35.250415+00:00,1.86,11.62,62.8,133.96,855.91,11,11,11,9,2.5,2.8,0.25,68.6,668.1,3.66,11.91,56675.06,13,1.93,SYNTHETIC_DEMO_DATA,0,0,0
2,2026-08-16 05:22:35.250415+00:00,5.27,13.5,66.33,136.98,751.98,11,11,11,9,2.54,2.8,0.25,68.6,668.1,3.66,11.91,56675.06,13,1.93,SYNTHETIC_DEMO_DATA,0,0,0
2,2026-08-16 06:22:35.250415+00:00,0.06,13.04,63.93,132.76,659.39,11,11,11,9,2.58,2.8,0.25,68.6,668.1,3.66,11.91,56675.06,13,1.93,SYNTHETIC_DEMO_DATA,0,0,0
2,2026-08-16 07:22:35.250415+00:00,1.05,12.63,62.94,133.32,604.81,11,11,11,9,2.62,2.8,0.25,68.6,668.1,3.66,11.91,56675.06,13,1.93,SYNTHETIC_DEMO_DATA,0,0,0
2,2026-08-16 08:22:35.250415+00:00,1.57,11.75,62.6,134.77,533.37,11,11,11,9,2.67,2.8,0.25,68.6,668.1,3.66,11.91,56675.06,13,1.93,SYNTHETIC_DEMO_DATA,0,0,0
2,2026-08-16 09:22:35.250415+00:00,1.55,11.36,63.06,132.54,472.39,11,11,11,9,2.71,2.8,0.25,68.6,668.1,3.66,11.91,56675.06,13,1.93,SYNTHETIC_DEMO_DATA,0,0,0
2,2026-08-16 10:22:35.250415+00:00,0.39,9.89,61.6,132.01,386.24,11,11,11,9,2.75,2.8,0.25,68.6,668.1,3.66,11.91,56675.06,13,1.93,SYNTHETIC_DEMO_DATA,0,0,0
2,2026-08-16 11:22:35.250415+00:00,0.95,5.57,62.5,128.15,285.76,11,11,11,9,2.79,2.8,0.25,68.6,668.1,3.66,11.91,56675.06,13,1.93,SYNTHETIC_DEMO_DATA,0,0,0
2,2026-08-16 12:22:35.250415+00:00,0.85,6.36,62.29,120.4,266.76,11,11,11,9,2.83,2.8,0.25,68.6,668.1,3.66,11.91,56675.06,13,1.93,SYNTHETIC_DEMO_DATA,0,0,0
2,2026-08-16 13:22:35.250415+00:00,2.04,7.35,58.52,117.95,238.6,11,11,11,9,2.88,2.8,0.25,68.6,668.1,3.66,11.91,56675.06,13,1.93,SYNTHETIC_DEMO_DATA,0,0,0
2,2026-08-16 14:22:35.250415+00:00,0.15,5.93,54.21,115.42,223.07,11,11,11,9,2.92,2.8,0.25,68.6,668.1,3.66,11.91,56675.06,13,1.93,SYNTHETIC_DEMO_DATA,0,0,0
2,2026-08-16 15:22:35.250415+00:00,1.92,6.3,52.05,112.51,199.79,11,11,11,9,2.96,2.8,0.25,68.6,668.1,3.66,11.91,56675.06,13,1.93,SYNTHETIC_DEMO_DATA,0,0,0
2,2026-08-16 16:22:35.250415+00:00,1.38,7.29,52.73,112.7,179.02,11,11,11,9,3.0,2.8,0.25,68.6,668.1,3.66,11.91,56675.06,13,1.93,SYNTHETIC_DEMO_DATA,0,0,0
3,2026-08-09 17:22:35.250415+00:00,2.76,2.76,2.76,2.76,2.76,0,0,0,0,999.0,18.5,0.7,149.6,1313.7,1.55,5.12,34693.88,20,1.5,SYNTHETIC_DEMO_DATA,0,0,0
3,2026-08-09 18:22:35.250415+00:00,1.83,4.59,4.59,4.59,4.59,0,0,0,0,999.0,18.5,0.7,149.6,1313.7,1.55,5.12,34693.88,20,1.5,SYNTHETIC_DEMO_DATA,0,0,0
3,2026-08-09 19:22:35.250415+00:00,0.39,4.98,4.98,4.98,4.98,0,0,0,0,999.0,18.5,0.7,149.6,1313.7,1.55,5.12,34693.88,20,1.5,SYNTHETIC_DEMO_DATA,0,0,0
3,2026-08-09 20:22:35.250415+00:00,0.28,5.26,5.26,5.26,5.26,0,0,0,0,999.0,18.5,0.7,149.6,1313.7,1.55,5.12,34693.88,20,1.5,SYNTHETIC_DEMO_DATA,0,0,0
3,2026-08-09 21:22:35.250415+00:00,0.02,5.28,5.28,5.28,5.28,0,0,0,0,999.0,18.5,0.7,149.6,1313.7,1.55,5.12,34693.88,20,1.5,SYNTHETIC_DEMO_DATA,0,0,0
3,2026-08-09 22:22:35.250415+00:00,6.55,11.83,11.83,11.83,11.83,0,0,0,0,999.0,18.5,0.7,149.6,1313.7,1.55,5.12,34693.88,20,1.5,SYNTHETIC_DEMO_DATA,0,0,0
3,2026-08-09 23:22:35.250415+00:00,7.14,16.21,18.97,18.97,18.97,0,0,0,0,999.0,18.5,0.7,149.6,1313.7,1.55,5.12,34693.88,20,1.5,SYNTHETIC_DEMO_DATA,0,0,0
3,2026-08-10 00:22:35.250415+00:00,4.94,19.32,23.91,23.91,23.91,0,0,0,0,999.0,18.5,0.7,149.6,1313.7,1.55,5.12,34693.88,20,1.5,SYNTHETIC_DEMO_DATA,0,0,0
3,2026-08-10 01:22:35.250415+00:00,2.19,21.12,26.1,26.1,26.1,0,0,0,0,999.0,18.5,0.7,149.6,1313.7,1.55,5.12,34693.88,20,1.5,SYNTHETIC_DEMO_DATA,0,0,0
3,2026-08-10 02:22:35.250415+00:00,0.47,21.31,26.57,26.57,26.57,0,0,0,0,999.0,18.5,0.7,149.6,1313.7,1.55,5.12,34693.88,20,1.5,SYNTHETIC_DEMO_DATA,0,0,0
3,2026-08-10 03:22:35.250415+00:00,0.12,21.41,26.69,26.69,26.69,0,0,0,0,999.0,18.5,0.7,149.6,1313.7,1.55,5.12,34693.88,20,1.5,SYNTHETIC_DEMO_DATA,0,0,0
3,2026-08-10 04:22:35.250415+00:00,0.89,15.75,27.58,27.58,27.58,0,0,0,0,999.0,18.5,0.7,149.6,1313.7,1.55,5.12,34693.88,20,1.5,SYNTHETIC_DEMO_DATA,0,0,0
3,2026-08-10 05:22:35.250415+00:00,3.08,11.69,30.66,30.66,30.66,0,0,0,0,999.0,18.5,0.7,149.6,1313.7,1.55,5.12,34693.88,20,1.5,SYNTHETIC_DEMO_DATA,0,0,0
3,2026-08-10 06:22:35.250415+00:00,1.18,7.93,31.84,31.84,31.84,0,0,0,0,999.0,18.5,0.7,149.6,1313.7,1.55,5.12,34693.88,20,1.5,SYNTHETIC_DEMO_DATA,0,0,0
3,2026-08-10 07:22:35.250415+00:00,2.58,8.32,34.42,34.42,34.42,0,0,0,0,999.0,18.5,0.7,149.6,1313.7,1.55,5.12,34693.88,20,1.5,SYNTHETIC_DEMO_DATA,0,0,0
3,2026-08-10 08:22:35.250415+00:00,9.94,17.79,44.36,44.36,44.36,0,0,0,0,999.0,18.5,0.7,149.6,1313.7,1.55,5.12,34693.88,20,1.5,SYNTHETIC_DEMO_DATA,0,0,0
3,2026-08-10 09:22:35.250415+00:00,6.3,23.97,50.66,50.66,50.66,0,0,0,0,999.0,18.5,0.7,149.6,1313.7,1.55,5.12,34693.88,20,1.5,SYNTHETIC_DEMO_DATA,0,0,0
3,2026-08-10 10:22:35.250415+00:00,6.62,29.7,57.28,57.28,57.28,0,0,0,0,999.0,18.5,0.7,149.6,1313.7,1.55,5.12,34693.88,20,1.5,SYNTHETIC_DEMO_DATA,0,0,0
3,2026-08-10 11:22:35.250415+00:00,4.41,31.03,61.69,61.69,61.69,0,0,0,0,999.0,18.5,0.7,149.6,1313.7,1.55,5.12,34693.88,20,1.5,SYNTHETIC_DEMO_DATA,0,0,0
3,2026-08-10 12:22:35.250415+00:00,0.08,29.93,61.77,61.77,61.77,0,0,0,0,999.0,18.5,0.7,149.6,1313.7,1.55,5.12,34693.88,20,1.5,SYNTHETIC_DEMO_DATA,0,0,0
3,2026-08-10 13:22:35.250415+00:00,1.63,28.98,63.4,63.4,63.4,0,0,0,0,999.0,18.5,0.7,149.6,1313.7,1.55,5.12,34693.88,20,1.5,SYNTHETIC_DEMO_DATA,0,0,0
3,2026-08-10 14:22:35.250415+00:00,1.53,20.57,64.93,64.93,64.93,0,0,0,0,999.0,18.5,0.7,149.6,1313.7,1.55,5.12,34693.88,20,1.5,SYNTHETIC_DEMO_DATA,0,0,0
3,2026-08-10 15:22:35.250415+00:00,1.47,15.74,66.4,66.4,66.4,0,0,0,0,999.0,18.5,0.7,149.6,1313.7,1.55,5.12,34693.88,20,1.5,SYNTHETIC_DEMO_DATA,0,0,0
3,2026-08-10 16:22:35.250415+00:00,5.59,14.71,71.99,71.99,71.99,0,0,0,0,999.0,18.5,0.7,149.6,1313.7,1.55,5.12,34693.88,20,1.5,SYNTHETIC_DEMO_DATA,0,0,0
3,2026-08-10 17:22:35.250415+00:00,1.4,11.7,70.63,73.39,73.39,0,0,0,0,999.0,18.5,0.7,149.6,1313.7,1.55,5.12,34693.88,20,1.5,SYNTHETIC_DEMO_DATA,0,0,0
3,2026-08-10 18:22:35.250415+00:00,7.07,18.69,75.87,80.46,80.46,0,0,0,0,999.0,18.5,0.7,149.6,1313.7,1.55,5.12,34693.88,20,1.5,SYNTHETIC_DEMO_DATA,0,0,0
3,2026-08-10 19:22:35.250415+00:00,0.18,17.24,75.66,80.64,80.64,0,0,0,0,999.0,18.5,0.7,149.6,1313.7,1.55,5.12,34693.88,20,1.5,SYNTHETIC_DEMO_DATA,0,0,0
3,2026-08-10 20:22:35.250415+00:00,0.27,15.98,75.65,80.91,80.91,0,0,0,0,999.0,18.5,0.7,149.6,1313.7,1.55,5.12,34693.88,20,1.5,SYNTHETIC_DEMO_DATA,0,0,0
3,2026-08-10 21:22:35.250415+00:00,0.03,14.54,75.66,80.94,80.94,0,0,0,0,999.0,18.5,0.7,149.6,1313.7,1.55,5.12,34693.88,20,1.5,SYNTHETIC_DEMO_DATA,0,0,0
3,2026-08-10 22:22:35.250415+00:00,0.13,9.08,69.24,81.07,81.07,0,0,0,0,999.0,18.5,0.7,149.6,1313.7,1.55,5.12,34693.88,20,1.5,SYNTHETIC_DEMO_DATA,0,0,0
3,2026-08-10 23:22:35.250415+00:00,9.01,16.69,71.11,90.08,90.08,0,0,0,0,999.0,18.5,0.7,149.6,1313.7,1.55,5.12,34693.88,20,1.5,SYNTHETIC_DEMO_DATA,0,0,0
3,2026-08-11 00:22:35.250415+00:00,3.46,13.08,69.63,93.54,93.54,0,0,0,0,999.0,18.5,0.7,149.6,1313.7,1.55,5.12,34693.88,20,1.5,SYNTHETIC_DEMO_DATA,0,0,0
3,2026-08-11 01:22:35.250415+00:00,2.71,15.61,70.15,96.25,96.25,0,0,0,0,999.0,18.5,0.7,149.6,1313.7,1.55,5.12,34693.88,20,1.5,SYNTHETIC_DEMO_DATA,0,0,0
3,2026-08-11 02:22:35.250415+00:00,5.68,21.02,75.36,101.93,101.93,0,0,0,0,999.0,18.5,0.7,149.6,1313.7,1.55,5.12,34693.88,20,1.5,SYNTHETIC_DEMO_DATA,0,0,0
3,2026-08-11 03:22:35.250415+00:00,2.41,23.4,77.65,104.34,104.34,0,0,0,0,999.0,18.5,0.7,149.6,1313.7,1.55,5.12,34693.88,20,1.5,SYNTHETIC_DEMO_DATA,0,0,0
3,2026-08-11 04:22:35.250415+00:00,7.04,30.31,83.8,111.38,111.38,0,0,0,0,999.0,18.5,0.7,149.6,1313.7,1.55,5.12,34693.88,20,1.5,SYNTHETIC_DEMO_DATA,0,0,0
3,2026-08-11 05:22:35.250415+00:00,3.01,24.31,83.73,114.39,114.39,0,0,0,0,999.0,18.5,0.7,149.6,1313.7,1.55,5.12,34693.88,20,1.5,SYNTHETIC_DEMO_DATA,0,0,0
3,2026-08-11 06:22:35.250415+00:00,0.56,21.41,83.11,114.95,114.95,0,0,0,0,999.0,18.5,0.7,149.6,1313.7,1.55,5.12,34693.88,20,1.5,SYNTHETIC_DEMO_DATA,0,0,0
3,2026-08-11 07:22:35.250415+00:00,0.19,18.89,80.72,115.14,115.14,0,0,0,0,999.0,18.5,0.7,149.6,1313.7,1.55,5.12,34693.88,20,1.5,SYNTHETIC_DEMO_DATA,0,0,0
3,2026-08-11 08:22:35.250415+00:00,2.15,15.36,72.93,117.29,117.29,0,0,0,0,999.0,18.5,0.7,149.6,1313.7,1.55,5.12,34693.88,20,1.5,SYNTHETIC_DEMO_DATA,0,0,0
3,2026-08-11 09:22:35.250415+00:00,4.67,17.62,71.3,121.96,121.96,0,0,0,0,999.0,18.5,0.7,149.6,1313.7,1.55,5.12,34693.88,20,1.5,SYNTHETIC_DEMO_DATA,0,0,0
3,2026-08-11 10:22:35.250415+00:00,0.32,10.9,65.0,122.28,122.28,0,0,0,0,999.0,18.5,0.7,149.6,1313.7,1.55,5.12,34693.88,20,1.5,SYNTHETIC_DEMO_DATA,0,0,0
3,2026-08-11 11:22:35.250415+00:00,5.1,12.99,65.69,127.38,127.38,0,0,0,0,999.0,18.5,0.7,149.6,1313.7,1.55,5.12,34693.88,20,1.5,SYNTHETIC_DEMO_DATA,0,0,0
3,2026-08-11 12:22:35.250415+00:00,1.02,13.45,66.63,128.4,128.4,0,0,0,0,999.0,18.5,0.7,149.6,1313.7,1.55,5.12,34693.88,20,1.5,SYNTHETIC_DEMO_DATA,0,0,0
3,2026-08-11 13:22:35.250415+00:00,1.91,15.17,66.91,130.31,130.31,0,0,0,0,999.0,18.5,0.7,149.6,1313.7,1.55,5.12,34693.88,20,1.5,SYNTHETIC_DEMO_DATA,0,0,0
3,2026-08-11 14:22:35.250415+00:00,0.68,13.7,66.06,130.99,130.99,0,0,0,0,999.0,18.5,0.7,149.6,1313.7,1.55,5.12,34693.88,20,1.5,SYNTHETIC_DEMO_DATA,0,0,0
3,2026-08-11 15:22:35.250415+00:00,0.79,9.82,65.38,131.78,131.78,0,0,0,0,999.0,18.5,0.7,149.6,1313.7,1.55,5.12,34693.88,20,1.5,SYNTHETIC_DEMO_DATA,0,0,0
3,2026-08-11 16:22:35.250415+00:00,0.49,9.99,60.28,132.27,132.27,0,0,0,0,999.0,18.5,0.7,149.6,1313.7,1.55,5.12,34693.88,20,1.5,SYNTHETIC_DEMO_DATA,0,0,0
3,2026-08-11 17:22:35.250415+00:00,0.78,5.67,59.66,130.29,133.05,0,0,0,0,999.0,18.5,0.7,149.6,1313.7,1.55,5.12,34693.88,20,1.5,SYNTHETIC_DEMO_DATA,0,0,0
3,2026-08-11 18:22:35.250415+00:00,2.11,6.76,54.7,130.57,135.16,0,0,0,0,999.0,18.5,0.7,149.6,1313.7,1.55,5.12,34693.88,20,1.5,SYNTHETIC_DEMO_DATA,0,0,0
3,2026-08-11 19:22:35.250415+00:00,1.8,6.65,56.32,131.98,136.96,0,0,0,0,999.0,18.5,0.7,149.6,1313.7,1.55,5.12,34693.88,20,1.5,SYNTHETIC_DEMO_DATA,0,0,0
3,2026-08-11 20:22:35.250415+00:00,2.31,8.28,58.36,134.01,139.27,0,0,0,0,999.0,18.5,0.7,149.6,1313.7,1.55,5.12,34693.88,20,1.5,SYNTHETIC_DEMO_DATA,0,0,0
3,2026-08-11 21:22:35.250415+00:00,0.04,7.53,58.37,134.03,139.31,0,0,0,0,999.0,18.5,0.7,149.6,1313.7,1.55,5.12,34693.88,20,1.5,SYNTHETIC_DEMO_DATA,0,0,0
3,2026-08-11 22:22:35.250415+00:00,0.11,7.15,58.35,127.59,139.42,0,0,0,0,999.0,18.5,0.7,149.6,1313.7,1.55,5.12,34693.88,20,1.5,SYNTHETIC_DEMO_DATA,0,0,0
3,2026-08-11 23:22:35.250415+00:00,3.1,9.47,52.44,123.55,142.52,0,0,0,0,999.0,18.5,0.7,149.6,1313.7,1.55,5.12,34693.88,20,1.5,SYNTHETIC_DEMO_DATA,0,0,0
3,2026-08-12 00:22:35.250415+00:00,0.31,7.67,49.29,118.92,142.83,0,0,0,0,999.0,18.5,0.7,149.6,1313.7,1.55,5.12,34693.88,20,1.5,SYNTHETIC_DEMO_DATA,0,0,0
3,2026-08-12 01:22:35.250415+00:00,1.64,7.51,48.22,118.37,144.47,0,0,0,0,999.0,18.5,0.7,149.6,1313.7,1.55,5.12,34693.88,20,1.5,SYNTHETIC_DEMO_DATA,0,0,0
3,2026-08-12 02:22:35.250415+00:00,6.09,11.29,48.63,123.99,150.56,0,0,0,0,999.0,18.5,0.7,149.6,1313.7,1.55,5.12,34693.88,20,1.5,SYNTHETIC_DEMO_DATA,0,0,0
3,2026-08-12 03:22:35.250415+00:00,0.06,11.31,46.28,123.93,150.62,0,0,0,0,999.0,18.5,0.7,149.6,1313.7,1.55,5.12,34693.88,20,1.5,SYNTHETIC_DEMO_DATA,0,0,0
3,2026-08-12 04:22:35.250415+00:00,0.58,11.78,39.82,123.62,151.2,0,0,0,0,999.0,18.5,0.7,149.6,1313.7,1.55,5.12,34693.88,20,1.5,SYNTHETIC_DEMO_DATA,0,0,0
3,2026-08-12 05:22:35.250415+00:00,2.51,11.19,39.32,123.05,153.71,0,0,0,0,999.0,18.5,0.7,149.6,1313.7,1.55,5.12,34693.88,20,1.5,SYNTHETIC_DEMO_DATA,0,0,0
3,2026-08-12 06:22:35.250415+00:00,3.91,14.79,42.67,125.78,157.62,0,0,0,0,999.0,18.5,0.7,149.6,1313.7,1.55,5.12,34693.88,20,1.5,SYNTHETIC_DEMO_DATA,0,0,0
3,2026-08-12 07:22:35.250415+00:00,0.61,13.76,43.09,123.81,158.23,0,0,0,0,999.0,18.5,0.7,149.6,1313.7,1.55,5.12,34693.88,20,1.5,SYNTHETIC_DEMO_DATA,0,0,0
3,2026-08-12 08:22:35.250415+00:00,0.6,8.27,41.54,114.47,158.83,0,0,0,0,999.0,18.5,0.7,149.6,1313.7,1.55,5.12,34693.88,20,1.5,SYNTHETIC_DEMO_DATA,0,0,0
3,2026-08-12 09:22:35.250415+00:00,0.78,8.99,37.65,108.95,159.61,0,0,0,0,999.0,18.5,0.7,149.6,1313.7,1.55,5.12,34693.88,20,1.5,SYNTHETIC_DEMO_DATA,0,0,0
3,2026-08-12 10:22:35.250415+00:00,6.12,14.53,43.45,108.45,165.73,0,0,0,0,999.0,18.5,0.7,149.6,1313.7,1.55,5.12,34693.88,20,1.5,SYNTHETIC_DEMO_DATA,0,0,0
3,2026-08-12 11:22:35.250415+00:00,1.64,13.66,39.99,105.68,167.37,0,0,0,0,999.0,18.5,0.7,149.6,1313.7,1.55,5.12,34693.88,20,1.5,SYNTHETIC_DEMO_DATA,0,0,0
3,2026-08-12 12:22:35.250415+00:00,4.63,14.38,43.6,110.23,172.0,0,0,0,0,999.0,18.5,0.7,149.6,1313.7,1.55,5.12,34693.88,20,1.5,SYNTHETIC_DEMO_DATA,0,0,0
3,2026-08-12 13:22:35.250415+00:00,0.75,14.52,42.44,109.35,172.75,0,0,0,0,999.0,18.5,0.7,149.6,1313.7,1.55,5.12,34693.88,20,1.5,SYNTHETIC_DEMO_DATA,0,0,0
3,2026-08-12 14:22:35.250415+00:00,0.76,14.68,42.52,108.58,173.51,0,0,0,0,999.0,18.5,0.7,149.6,1313.7,1.55,5.12,34693.88,20,1.5,SYNTHETIC_DEMO_DATA,0,0,0
3,2026-08-12 15:22:35.250415+00:00,1.4,15.3,43.13,108.51,174.91,0,0,0,0,999.0,18.5,0.7,149.6,1313.7,1.55,5.12,34693.88,20,1.5,SYNTHETIC_DEMO_DATA,0,0,0
3,2026-08-12 16:22:35.250415+00:00,0.93,10.11,43.57,103.85,175.84,0,0,0,0,999.0,18.5,0.7,149.6,1313.7,1.55,5.12,34693.88,20,1.5,SYNTHETIC_DEMO_DATA,0,0,0
3,2026-08-12 17:22:35.250415+00:00,30.65,39.12,73.44,133.1,203.73,0,0,0,0,999.0,18.5,0.7,149.6,1313.7,1.55,5.12,34693.88,20,1.5,SYNTHETIC_DEMO_DATA,0,0,0
3,2026-08-12 18:22:35.250415+00:00,29.5,63.99,100.83,155.53,231.4,0,0,0,0,999.0,18.5,0.7,149.6,1313.7,1.55,5.12,34693.88,20,1.5,SYNTHETIC_DEMO_DATA,0,0,0
3,2026-08-12 19:22:35.250415+00:00,18.65,81.89,117.68,174.0,249.66,0,0,0,0,999.0,18.5,0.7,149.6,1313.7,1.55,5.12,34693.88,20,1.5,SYNTHETIC_DEMO_DATA,0,0,0
3,2026-08-12 20:22:35.250415+00:00,16.84,97.97,132.21,190.57,266.22,0,0,0,0,999.0,18.5,0.7,149.6,1313.7,1.55,5.12,34693.88,20,1.5,SYNTHETIC_DEMO_DATA,0,0,0
3,2026-08-12 21:22:35.250415+00:00,20.49,117.06,152.66,211.03,286.69,0,0,0,0,999.0,18.5,0.7,149.6,1313.7,1.55,5.12,34693.88,20,1.5,SYNTHETIC_DEMO_DATA,0,0,0
3,2026-08-12 22:22:35.250415+00:00,31.72,147.85,184.27,242.62,311.86,0,0,0,0,999.0,18.5,0.7,149.6,1313.7,1.55,5.12,34693.88,20,1.5,SYNTHETIC_DEMO_DATA,0,0,0
3,2026-08-12 23:22:35.250415+00:00,15.01,132.21,196.18,248.62,319.73,0,0,0,0,999.0,18.5,0.7,149.6,1313.7,1.55,5.12,34693.88,20,1.5,SYNTHETIC_DEMO_DATA,0,0,0
3,2026-08-13 00:22:35.250415+00:00,29.5,132.21,225.37,274.66,344.29,0,0,0,0,999.0,18.5,0.7,149.6,1313.7,1.55,5.12,34693.88,20,1.5,SYNTHETIC_DEMO_DATA,0,0,0
3,2026-08-13 01:22:35.250415+00:00,10.83,124.39,234.56,282.78,352.93,0,0,0,0,999.0,18.5,0.7,149.6,1313.7,1.55,5.12,34693.88,20,1.5,SYNTHETIC_DEMO_DATA,0,0,0
3,2026-08-13 02:22:35.250415+00:00,27.73,135.28,256.2,304.83,380.19,0,0,0,0,999.0,18.5,0.7,149.6,1313.7,1.55,5.12,34693.88,20,1.5,SYNTHETIC_DEMO_DATA,0,0,0
3,2026-08-13 03:22:35.250415+00:00,16.18,130.97,272.32,318.6,396.25,0,0,0,0,999.0,18.5,0.7,149.6,1313.7,1.55,5.12,34693.88,20,1.5,SYNTHETIC_DEMO_DATA,0,0,0
3,2026-08-13 04:22:35.250415+00:00,14.99,114.24,286.73,326.55,410.35,0,0,0,0,999.0,18.5,0.7,149.6,1313.7,1.55,5.12,34693.88,20,1.5,SYNTHETIC_DEMO_DATA,0,0,0
3,2026-08-13 05:22:35.250415+00:00,73.51,172.74,357.73,397.05,480.78,0,0,0,0,999.0,18.5,0.7,149.6,1313.7,1.55,5.12,34693.88,20,1.5,SYNTHETIC_DEMO_DATA,0,0,0
3,2026-08-13 06:22:35.250415+00:00,56.68,199.92,410.5,453.17,536.28,0,0,0,0,999.0,18.5,0.7,149.6,1313.7,1.55,5.12,34693.88,20,1.5,SYNTHETIC_DEMO_DATA,0,0,0
3,2026-08-13 07:22:35.250415+00:00,87.69,276.78,497.58,540.67,621.39,0,0,0,0,999.0,18.5,0.7,149.6,1313.7,1.55,5.12,34693.88,20,1.5,SYNTHETIC_DEMO_DATA,0,0,0
3,2026-08-13 08:22:35.250415+00:00,55.86,304.91,552.84,594.38,667.31,0,0,0,0,999.0,18.5,0.7,149.6,1313.7,1.55,5.12,34693.88,20,1.5,SYNTHETIC_DEMO_DATA,0,0,0
3,2026-08-13 09:22:35.250415+00:00,47.56,336.29,599.62,637.27,708.57,0,0,0,0,999.0,18.5,0.7,149.6,1313.7,1.55,5.12,34693.88,20,1.5,SYNTHETIC_DEMO_DATA,0,0,0
3,2026-08-13 10:22:35.250415+00:00,76.78,398.08,670.28,713.73,778.73,0,0,0,0,999.0,18.5,0.7,149.6,1313.7,1.55,5.12,34693.88,20,1.5,SYNTHETIC_DEMO_DATA,0,0,0
3,2026-08-13 11:22:35.250415+00:00,106.4,430.97,775.04,815.03,880.72,0,0,0,0,999.0,18.5,0.7,149.6,1313.7,1.55,5.12,34693.88,20,1.5,SYNTHETIC_DEMO_DATA,0,0,0
3,2026-08-13 12:22:35.250415+00:00,34.99,409.28,805.4,849.0,915.63,0,0,0,0,999.0,18.5,0.7,149.6,1313.7,1.55,5.12,34693.88,20,1.5,SYNTHETIC_DEMO_DATA,0,0,0
3,2026-08-13 13:22:35.250415+00:00,30.45,352.04,835.1,877.54,944.45,0,0,0,0,999.0,18.5,0.7,149.6,1313.7,1.55,5.12,34693.88,20,1.5,SYNTHETIC_DEMO_DATA,0,0,0
3,2026-08-13 14:22:35.250415+00:00,25.49,321.67,859.83,902.35,968.41,0,0,0,0,999.0,18.5,0.7,149.6,1313.7,1.55,5.12,34693.88,20,1.5,SYNTHETIC_DEMO_DATA,0,0,0
3,2026-08-13 15:22:35.250415+00:00,33.89,308.0,892.32,935.45,1000.83,0,0,0,0,999.0,18.5,0.7,149.6,1313.7,1.55,5.12,34693.88,20,1.5,SYNTHETIC_DEMO_DATA,0,0,0
3,2026-08-13 16:22:35.250415+00:00,30.08,261.3,921.47,965.04,1025.32,0,0,0,0,999.0,18.5,0.7,149.6,1313.7,1.55,5.12,34693.88,20,1.5,SYNTHETIC_DEMO_DATA,0,0,0
3,2026-08-13 17:22:35.250415+00:00,9.88,164.78,900.7,974.14,1033.8,0,0,0,0,999.0,18.5,0.7,149.6,1313.7,1.55,5.12,34693.88,20,1.5,SYNTHETIC_DEMO_DATA,0,0,0
3,2026-08-13 18:22:35.250415+00:00,1.31,131.1,872.51,973.34,1028.04,0,0,0,0,999.0,18.5,0.7,149.6,1313.7,1.55,5.12,34693.88,20,1.5,SYNTHETIC_DEMO_DATA,0,0,0
3,2026-08-13 19:22:35.250415+00:00,0.07,100.72,853.93,971.61,1027.93,0,0,0,0,999.0,18.5,0.7,149.6,1313.7,1.55,5.12,34693.88,20,1.5,SYNTHETIC_DEMO_DATA,0,0,0
3,2026-08-13 20:22:35.250415+00:00,0.41,75.64,837.5,969.71,1028.07,0,0,0,0,999.0,18.5,0.7,149.6,1313.7,1.55,5.12,34693.88,20,1.5,SYNTHETIC_DEMO_DATA,0,0,0
3,2026-08-13 21:22:35.250415+00:00,0.8,42.55,817.81,970.47,1028.84,0,0,0,0,999.0,18.5,0.7,149.6,1313.7,1.55,5.12,34693.88,20,1.5,SYNTHETIC_DEMO_DATA,0,0,0
3,2026-08-13 22:22:35.250415+00:00,0.58,13.05,786.67,970.94,1029.29,0,0,0,0,999.0,18.5,0.7,149.6,1313.7,1.55,5.12,34693.88,20,1.5,SYNTHETIC_DEMO_DATA,0,0,0
3,2026-08-13 23:22:35.250415+00:00,2.33,5.5,773.99,970.17,1022.61,0,0,0,0,999.0,18.5,0.7,149.6,1313.7,1.55,5.12,34693.88,20,1.5,SYNTHETIC_DEMO_DATA,0,0,0
3,2026-08-14 00:22:35.250415+00:00,2.42,6.61,746.91,972.28,1021.57,0,0,0,0,999.0,18.5,0.7,149.6,1313.7,1.55,5.12,34693.88,20,1.5,SYNTHETIC_DEMO_DATA,0,0,0
3,2026-08-14 01:22:35.250415+00:00,6.08,12.62,742.16,976.72,1024.94,0,0,0,0,999.0,18.5,0.7,149.6,1313.7,1.55,5.12,34693.88,20,1.5,SYNTHETIC_DEMO_DATA,0,0,0
3,2026-08-14 02:22:35.250415+00:00,2.8,15.01,717.23,973.43,1022.06,0,0,0,0,999.0,18.5,0.7,149.6,1313.7,1.55,5.12,34693.88,20,1.5,SYNTHETIC_DEMO_DATA,0,0,0
3,2026-08-14 03:22:35.250415+00:00,1.74,15.95,702.79,975.11,1021.39,0,0,0,0,999.0,18.5,0.7,149.6,1313.7,1.55,5.12,34693.88,20,1.5,SYNTHETIC_DEMO_DATA,0,0,0
3,2026-08-14 04:22:35.250415+00:00,0.46,15.83,688.26,974.99,1014.81,0,0,0,0,999.0,18.5,0.7,149.6,1313.7,1.55,5.12,34693.88,20,1.5,SYNTHETIC_DEMO_DATA,0,0,0
3,2026-08-14 05:22:35.250415+00:00,1.79,15.29,616.54,974.27,1013.59,0,0,0,0,999.0,18.5,0.7,149.6,1313.7,1.55,5.12,34693.88,20,1.5,SYNTHETIC_DEMO_DATA,0,0,0
3,2026-08-14 06:22:35.250415+00:00,0.04,12.91,559.9,970.4,1013.07,0,0,0,0,999.0,18.5,0.7,149.6,1313.7,1.55,5.12,34693.88,20,1.5,SYNTHETIC_DEMO_DATA,0,0,0
3,2026-08-14 07:22:35.250415+00:00,1.41,8.24,473.62,971.2,1014.29,0,0,0,0,999.0,18.5,0.7,149.6,1313.7,1.55,5.12,34693.88,20,1.5,SYNTHETIC_DEMO_DATA,0,0,0
3,2026-08-14 08:22:35.250415+00:00,3.23,8.67,420.99,973.83,1015.37,0,0,0,0,999.0,18.5,0.7,149.6,1313.7,1.55,5.12,34693.88,20,1.5,SYNTHETIC_DEMO_DATA,0,0,0
3,2026-08-14 09:22:35.250415+00:00,9.41,16.34,382.84,982.46,1020.11,0,0,0,0,999.0,18.5,0.7,149.6,1313.7,1.55,5.12,34693.88,20,1.5,SYNTHETIC_DEMO_DATA,0,0,0
3,2026-08-14 10:22:35.250415+00:00,1.05,16.93,307.11,977.39,1020.84,0,0,0,0,999.0,18.5,0.7,149.6,1313.7,1.55,5.12,34693.88,20,1.5,SYNTHETIC_DEMO_DATA,0,0,0
3,2026-08-14 11:22:35.250415+00:00,2.62,17.76,203.33,978.37,1018.36,0,0,0,0,999.0,18.5,0.7,149.6,1313.7,1.55,5.12,34693.88,20,1.5,SYNTHETIC_DEMO_DATA,0,0,0
3,2026-08-14 12:22:35.250415+00:00,6.54,24.26,174.88,980.28,1023.88,0,0,0,0,999.0,18.5,0.7,149.6,1313.7,1.55,5.12,34693.88,20,1.5,SYNTHETIC_DEMO_DATA,0,0,0
3,2026-08-14 13:22:35.250415+00:00,12.53,35.38,156.96,992.06,1034.5,0,0,0,0,999.0,18.5,0.7,149.6,1313.7,1.55,5.12,34693.88,20,1.5,SYNTHETIC_DEMO_DATA,0,0,0
3,2026-08-14 14:22:35.250415+00:00,3.5,35.65,134.97,994.8,1037.32,0,0,0,0,999.0,18.5,0.7,149.6,1313.7,1.55,5.12,34693.88,20,1.5,SYNTHETIC_DEMO_DATA,0,0,0
3,2026-08-14 15:22:35.250415+00:00,2.87,29.11,103.95,996.27,1039.4,0,0,0,0,999.0,18.5,0.7,149.6,1313.7,1.55,5.12,34693.88,20,1.5,SYNTHETIC_DEMO_DATA,0,0,0
3,2026-08-14 16:22:35.250415+00:00,16.83,44.89,90.7,1012.17,1055.74,0,0,0,0,999.0,18.5,0.7,149.6,1313.7,1.55,5.12,34693.88,20,1.5,SYNTHETIC_DEMO_DATA,0,0,0
3,2026-08-14 17:22:35.250415+00:00,3.08,45.35,83.9,984.6,1058.04,0,0,0,0,999.0,18.5,0.7,149.6,1313.7,1.55,5.12,34693.88,20,1.5,SYNTHETIC_DEMO_DATA,0,0,0
3,2026-08-14 18:22:35.250415+00:00,4.66,43.47,87.25,959.76,1060.59,0,0,0,0,999.0,18.5,0.7,149.6,1313.7,1.55,5.12,34693.88,20,1.5,SYNTHETIC_DEMO_DATA,0,0,0
3,2026-08-14 19:22:35.250415+00:00,0.38,31.32,87.56,941.49,1059.17,0,0,0,0,999.0,18.5,0.7,149.6,1313.7,1.55,5.12,34693.88,20,1.5,SYNTHETIC_DEMO_DATA,0,0,0
3,2026-08-14 20:22:35.250415+00:00,0.9,28.72,88.05,925.55,1057.76,0,0,0,0,999.0,18.5,0.7,149.6,1313.7,1.55,5.12,34693.88,20,1.5,SYNTHETIC_DEMO_DATA,0,0,0
3,2026-08-14 21:22:35.250415+00:00,2.83,28.68,90.08,907.89,1060.55,0,0,0,0,999.0,18.5,0.7,149.6,1313.7,1.55,5.12,34693.88,20,1.5,SYNTHETIC_DEMO_DATA,0,0,0
3,2026-08-14 22:22:35.250415+00:00,0.2,12.05,89.7,876.37,1060.64,0,0,0,0,999.0,18.5,0.7,149.6,1313.7,1.55,5.12,34693.88,20,1.5,SYNTHETIC_DEMO_DATA,0,0,0
3,2026-08-14 23:22:35.250415+00:00,1.63,10.6,89.0,862.99,1059.17,0,0,0,0,999.0,18.5,0.7,149.6,1313.7,1.55,5.12,34693.88,20,1.5,SYNTHETIC_DEMO_DATA,0,0,0
3,2026-08-15 00:22:35.250415+00:00,5.7,11.64,92.28,839.19,1064.56,0,0,0,0,999.0,18.5,0.7,149.6,1313.7,1.55,5.12,34693.88,20,1.5,SYNTHETIC_DEMO_DATA,0,0,0
3,2026-08-15 01:22:35.250415+00:00,1.86,13.12,88.06,830.22,1064.78,0,0,0,0,999.0,18.5,0.7,149.6,1313.7,1.55,5.12,34693.88,20,1.5,SYNTHETIC_DEMO_DATA,0,0,0
3,2026-08-15 02:22:35.250415+00:00,0.69,12.91,85.95,803.18,1059.38,0,0,0,0,999.0,18.5,0.7,149.6,1313.7,1.55,5.12,34693.88,20,1.5,SYNTHETIC_DEMO_DATA,0,0,0
3,2026-08-15 03:22:35.250415+00:00,5.18,15.26,89.39,792.18,1064.5,0,0,0,0,999.0,18.5,0.7,149.6,1313.7,1.55,5.12,34693.88,20,1.5,SYNTHETIC_DEMO_DATA,0,0,0
3,2026-08-15 04:22:35.250415+00:00,4.73,19.79,93.66,781.92,1068.65,0,0,0,0,999.0,18.5,0.7,149.6,1313.7,1.55,5.12,34693.88,20,1.5,SYNTHETIC_DEMO_DATA,0,0,0
3,2026-08-15 05:22:35.250415+00:00,4.88,23.04,96.75,713.29,1071.02,0,0,0,0,999.0,18.5,0.7,149.6,1313.7,1.55,5.12,34693.88,20,1.5,SYNTHETIC_DEMO_DATA,0,0,0
3,2026-08-15 06:22:35.250415+00:00,0.25,17.59,96.96,656.86,1067.36,0,0,0,0,999.0,18.5,0.7,149.6,1313.7,1.55,5.12,34693.88,20,1.5,SYNTHETIC_DEMO_DATA,0,0,0
3,2026-08-15 07:22:35.250415+00:00,3.73,19.46,99.28,572.9,1070.48,0,0,0,0,999.0,18.5,0.7,149.6,1313.7,1.55,5.12,34693.88,20,1.5,SYNTHETIC_DEMO_DATA,0,0,0
3,2026-08-15 08:22:35.250415+00:00,3.38,22.15,99.43,520.42,1073.26,0,0,0,0,999.0,18.5,0.7,149.6,1313.7,1.55,5.12,34693.88,20,1.5,SYNTHETIC_DEMO_DATA,0,0,0
3,2026-08-15 09:22:35.250415+00:00,3.18,20.15,93.2,476.04,1075.66,0,0,0,0,999.0,18.5,0.7,149.6,1313.7,1.55,5.12,34693.88,20,1.5,SYNTHETIC_DEMO_DATA,0,0,0
3,2026-08-15 10:22:35.250415+00:00,11.29,26.71,103.44,410.55,1080.83,0,0,0,0,999.0,18.5,0.7,149.6,1313.7,1.55,5.12,34693.88,20,1.5,SYNTHETIC_DEMO_DATA,0,0,0
3,2026-08-15 11:22:35.250415+00:00,5.31,27.14,106.13,309.46,1084.5,0,0,0,0,999.0,18.5,0.7,149.6,1313.7,1.55,5.12,34693.88,20,1.5,SYNTHETIC_DEMO_DATA,0,0,0
3,2026-08-15 12:22:35.250415+00:00,7.0,33.89,106.59,281.47,1086.87,0,0,0,0,999.0,18.5,0.7,149.6,1313.7,1.55,5.12,34693.88,20,1.5,SYNTHETIC_DEMO_DATA,0,0,0
3,2026-08-15 13:22:35.250415+00:00,2.74,32.9,96.8,253.76,1088.86,0,0,0,0,999.0,18.5,0.7,149.6,1313.7,1.55,5.12,34693.88,20,1.5,SYNTHETIC_DEMO_DATA,0,0,0
3,2026-08-15 14:22:35.250415+00:00,2.8,32.32,96.1,231.07,1090.9,0,0,0,0,999.0,18.5,0.7,149.6,1313.7,1.55,5.12,34693.88,20,1.5,SYNTHETIC_DEMO_DATA,0,0,0
3,2026-08-15 15:22:35.250415+00:00,0.88,30.02,94.11,198.06,1090.38,0,0,0,0,999.0,18.5,0.7,149.6,1313.7,1.55,5.12,34693.88,20,1.5,SYNTHETIC_DEMO_DATA,0,0,0
3,2026-08-15 16:22:35.250415+00:00,0.74,19.47,78.02,168.72,1090.19,0,0,0,0,999.0,18.5,0.7,149.6,1313.7,1.55,5.12,34693.88,20,1.5,SYNTHETIC_DEMO_DATA,0,0,0
3,2026-08-15 17:22:35.250415+00:00,2.04,16.2,76.98,160.88,1061.58,0,0,0,0,999.0,18.5,0.7,149.6,1313.7,1.55,5.12,34693.88,20,1.5,SYNTHETIC_DEMO_DATA,0,0,0
3,2026-08-15 18:22:35.250415+00:00,3.04,12.24,75.36,162.61,1035.12,0,0,0,0,999.0,18.5,0.7,149.6,1313.7,1.55,5.12,34693.88,20,1.5,SYNTHETIC_DEMO_DATA,0,0,0
3,2026-08-15 19:22:35.250415+00:00,8.53,18.03,83.51,171.07,1025.0,0,0,0,0,999.0,18.5,0.7,149.6,1313.7,1.55,5.12,34693.88,20,1.5,SYNTHETIC_DEMO_DATA,0,0,0
3,2026-08-15 20:22:35.250415+00:00,0.04,15.27,82.65,170.7,1008.2,0,0,0,0,999.0,18.5,0.7,149.6,1313.7,1.55,5.12,34693.88,20,1.5,SYNTHETIC_DEMO_DATA,0,0,0
3,2026-08-15 21:22:35.250415+00:00,1.1,15.49,80.92,171.0,988.81,0,0,0,0,999.0,18.5,0.7,149.6,1313.7,1.55,5.12,34693.88,20,1.5,SYNTHETIC_DEMO_DATA,0,0,0
3,2026-08-15 22:22:35.250415+00:00,1.69,16.44,82.41,172.11,958.78,0,0,0,0,999.0,18.5,0.7,149.6,1313.7,1.55,5.12,34693.88,20,1.5,SYNTHETIC_DEMO_DATA,0,0,0
3,2026-08-15 23:22:35.250415+00:00,13.28,27.68,94.06,183.06,957.05,0,0,0,0,999.0,18.5,0.7,149.6,1313.7,1.55,5.12,34693.88,20,1.5,SYNTHETIC_DEMO_DATA,0,0,0
3,2026-08-16 00:22:35.250415+00:00,1.02,25.66,89.38,181.66,928.57,0,0,0,0,999.0,18.5,0.7,149.6,1313.7,1.55,5.12,34693.88,20,1.5,SYNTHETIC_DEMO_DATA,0,0,0
3,2026-08-16 01:22:35.250415+00:00,2.42,19.55,89.94,178.0,920.16,0,0,0,0,999.0,18.5,0.7,149.6,1313.7,1.55,5.12,34693.88,20,1.5,SYNTHETIC_DEMO_DATA,0,0,0
3,2026-08-16 02:22:35.250415+00:00,1.76,21.27,91.01,176.96,894.19,0,0,0,0,999.0,18.5,0.7,149.6,1313.7,1.55,5.12,34693.88,20,1.5,SYNTHETIC_DEMO_DATA,0,0,0
3,2026-08-16 03:22:35.250415+00:00,7.21,27.38,93.04,182.43,885.22,0,0,0,0,999.0,18.5,0.7,149.6,1313.7,1.55,5.12,34693.88,20,1.5,SYNTHETIC_DEMO_DATA,0,0,0
3,2026-08-16 04:22:35.250415+00:00,2.67,28.36,90.98,184.64,872.9,0,0,0,0,999.0,18.5,0.7,149.6,1313.7,1.55,5.12,34693.88,20,1.5,SYNTHETIC_DEMO_DATA,0,0,0
3,2026-08-16 05:22:35.250415+00:00,0.67,15.75,86.77,183.52,800.06,0,0,0,0,999.0,18.5,0.7,149.6,1313.7,1.55,5.12,34693.88,20,1.5,SYNTHETIC_DEMO_DATA,0,0,0
3,2026-08-16 06:22:35.250415+00:00,3.54,18.27,90.06,187.02,746.92,0,0,0,0,999.0,18.5,0.7,149.6,1313.7,1.55,5.12,34693.88,20,1.5,SYNTHETIC_DEMO_DATA,0,0,0
3,2026-08-16 07:22:35.250415+00:00,4.05,19.9,90.38,189.66,663.28,0,0,0,0,999.0,18.5,0.7,149.6,1313.7,1.55,5.12,34693.88,20,1.5,SYNTHETIC_DEMO_DATA,0,0,0
3,2026-08-16 08:22:35.250415+00:00,4.95,23.09,91.95,191.38,612.37,0,0,0,0,999.0,18.5,0.7,149.6,1313.7,1.55,5.12,34693.88,20,1.5,SYNTHETIC_DEMO_DATA,0,0,0
3,2026-08-16 09:22:35.250415+00:00,4.88,20.76,93.65,186.85,569.69,0,0,0,0,999.0,18.5,0.7,149.6,1313.7,1.55,5.12,34693.88,20,1.5,SYNTHETIC_DEMO_DATA,0,0,0
3,2026-08-16 10:22:35.250415+00:00,2.64,20.73,85.0,188.44,495.55,0,0,0,0,999.0,18.5,0.7,149.6,1313.7,1.55,5.12,34693.88,20,1.5,SYNTHETIC_DEMO_DATA,0,0,0
3,2026-08-16 11:22:35.250415+00:00,2.98,23.04,82.67,188.8,392.13,0,0,0,0,999.0,18.5,0.7,149.6,1313.7,1.55,5.12,34693.88,20,1.5,SYNTHETIC_DEMO_DATA,0,0,0
3,2026-08-16 12:22:35.250415+00:00,1.34,20.84,77.01,183.6,358.48,0,0,0,0,999.0,18.5,0.7,149.6,1313.7,1.55,5.12,34693.88,20,1.5,SYNTHETIC_DEMO_DATA,0,0,0
3,2026-08-16 13:22:35.250415+00:00,0.01,16.8,74.28,171.08,328.04,0,0,0,0,999.0,18.5,0.7,149.6,1313.7,1.55,5.12,34693.88,20,1.5,SYNTHETIC_DEMO_DATA,0,0,0
3,2026-08-16 14:22:35.250415+00:00,1.7,13.55,73.18,169.28,304.25,0,0,0,0,999.0,18.5,0.7,149.6,1313.7,1.55,5.12,34693.88,20,1.5,SYNTHETIC_DEMO_DATA,0,0,0
3,2026-08-16 15:22:35.250415+00:00,2.81,11.48,75.11,169.22,273.17,0,0,0,0,999.0,18.5,0.7,149.6,1313.7,1.55,5.12,34693.88,20,1.5,SYNTHETIC_DEMO_DATA,0,0,0
3,2026-08-16 16:22:35.250415+00:00,0.93,9.77,75.3,153.32,244.02,0,0,0,0,999.0,18.5,0.7,149.6,1313.7,1.55,5.12,34693.88,20,1.5,SYNTHETIC_DEMO_DATA,0,0,0
4,2026-08-09 17:22:35.250415+00:00,5.36,5.36,5.36,5.36,5.36,0,0,0,0,999.0,2.1,0.3,144.9,933.2,2.73,7.36,53370.79,13,3.07,SYNTHETIC_DEMO_DATA,0,0,0
4,2026-08-09 18:22:35.250415+00:00,2.69,8.05,8.05,8.05,8.05,0,0,0,0,999.0,2.1,0.3,144.9,933.2,2.73,7.36,53370.79,13,3.07,SYNTHETIC_DEMO_DATA,0,0,1
4,2026-08-09 19:22:35.250415+00:00,0.9,8.95,8.95,8.95,8.95,0,0,0,0,999.0,2.1,0.3,144.9,933.2,2.73,7.36,53370.79,13,3.07,SYNTHETIC_DEMO_DATA,0,0,1
4,2026-08-09 20:22:35.250415+00:00,1.48,10.43,10.43,10.43,10.43,0,0,0,0,999.0,2.1,0.3,144.9,933.2,2.73,7.36,53370.79,13,3.07,SYNTHETIC_DEMO_DATA,0,0,1
4,2026-08-09 21:22:35.250415+00:00,4.43,14.86,14.86,14.86,14.86,0,0,0,0,999.0,2.1,0.3,144.9,933.2,2.73,7.36,53370.79,13,3.07,SYNTHETIC_DEMO_DATA,0,0,1
4,2026-08-09 22:22:35.250415+00:00,4.29,19.15,19.15,19.15,19.15,0,0,0,0,999.0,2.1,0.3,144.9,933.2,2.73,7.36,53370.79,13,3.07,SYNTHETIC_DEMO_DATA,0,0,1
4,2026-08-09 23:22:35.250415+00:00,0.78,14.57,19.93,19.93,19.93,0,0,0,0,999.0,2.1,0.3,144.9,933.2,2.73,7.36,53370.79,13,3.07,SYNTHETIC_DEMO_DATA,0,0,1
4,2026-08-10 00:22:35.250415+00:00,0.78,12.66,20.71,20.71,20.71,0,0,0,0,999.0,2.1,0.3,144.9,933.2,2.73,7.36,53370.79,13,3.07,SYNTHETIC_DEMO_DATA,0,0,1
4,2026-08-10 01:22:35.250415+00:00,9.85,21.61,30.56,30.56,30.56,0,0,0,0,999.0,2.1,0.3,144.9,933.2,2.73,7.36,53370.79,13,3.07,SYNTHETIC_DEMO_DATA,0,0,1
4,2026-08-10 02:22:35.250415+00:00,3.35,23.48,33.91,33.91,33.91,0,0,0,0,999.0,2.1,0.3,144.9,933.2,2.73,7.36,53370.79,13,3.07,SYNTHETIC_DEMO_DATA,0,0,1
4,2026-08-10 03:22:35.250415+00:00,2.15,21.2,36.06,36.06,36.06,0,0,0,0,999.0,2.1,0.3,144.9,933.2,2.73,7.36,53370.79,13,3.07,SYNTHETIC_DEMO_DATA,0,0,1
4,2026-08-10 04:22:35.250415+00:00,2.26,19.17,38.32,38.32,38.32,0,0,0,0,999.0,2.1,0.3,144.9,933.2,2.73,7.36,53370.79,13,3.07,SYNTHETIC_DEMO_DATA,0,0,1
4,2026-08-10 05:22:35.250415+00:00,2.8,21.19,41.12,41.12,41.12,0,0,0,0,999.0,2.1,0.3,144.9,933.2,2.73,7.36,53370.79,13,3.07,SYNTHETIC_DEMO_DATA,0,0,1
4,2026-08-10 06:22:35.250415+00:00,3.22,23.63,44.34,44.34,44.34,0,0,0,0,999.0,2.1,0.3,144.9,933.2,2.73,7.36,53370.79,13,3.07,SYNTHETIC_DEMO_DATA,0,0,1
4,2026-08-10 07:22:35.250415+00:00,0.99,14.77,45.33,45.33,45.33,0,0,0,0,999.0,2.1,0.3,144.9,933.2,2.73,7.36,53370.79,13,3.07,SYNTHETIC_DEMO_DATA,0,0,1
4,2026-08-10 08:22:35.250415+00:00,5.71,17.13,51.04,51.04,51.04,0,0,0,0,999.0,2.1,0.3,144.9,933.2,2.73,7.36,53370.79,13,3.07,SYNTHETIC_DEMO_DATA,0,0,1
4,2026-08-10 09:22:35.250415+00:00,1.34,16.32,52.38,52.38,52.38,0,0,0,0,999.0,2.1,0.3,144.9,933.2,2.73,7.36,53370.79,13,3.07,SYNTHETIC_DEMO_DATA,0,0,1
4,2026-08-10 10:22:35.250415+00:00,2.59,16.65,54.97,54.97,54.97,0,0,0,0,999.0,2.1,0.3,144.9,933.2,2.73,7.36,53370.79,13,3.07,SYNTHETIC_DEMO_DATA,0,0,1
4,2026-08-10 11:22:35.250415+00:00,0.16,14.01,55.13,55.13,55.13,0,0,0,0,999.0,2.1,0.3,144.9,933.2,2.73,7.36,53370.79,13,3.07,SYNTHETIC_DEMO_DATA,0,0,1
4,2026-08-10 12:22:35.250415+00:00,1.58,12.37,56.71,56.71,56.71,0,0,0,0,999.0,2.1,0.3,144.9,933.2,2.73,7.36,53370.79,13,3.07,SYNTHETIC_DEMO_DATA,0,0,1
4,2026-08-10 13:22:35.250415+00:00,0.04,11.42,56.75,56.75,56.75,0,0,0,0,999.0,2.1,0.3,144.9,933.2,2.73,7.36,53370.79,13,3.07,SYNTHETIC_DEMO_DATA,0,0,1
4,2026-08-10 14:22:35.250415+00:00,1.41,7.12,58.16,58.16,58.16,0,0,0,0,999.0,2.1,0.3,144.9,933.2,2.73,7.36,53370.79,13,3.07,SYNTHETIC_DEMO_DATA,0,0,1
4,2026-08-10 15:22:35.250415+00:00,8.51,14.29,66.67,66.67,66.67,0,0,0,0,999.0,2.1,0.3,144.9,933.2,2.73,7.36,53370.79,13,3.07,SYNTHETIC_DEMO_DATA,0,0,1
4,2026-08-10 16:22:35.250415+00:00,0.38,12.08,67.05,67.05,67.05,0,0,0,0,999.0,2.1,0.3,144.9,933.2,2.73,7.36,53370.79,13,3.07,SYNTHETIC_DEMO_DATA,0,0,1
4,2026-08-10 17:22:35.250415+00:00,5.86,17.78,67.55,72.91,72.91,0,0,0,0,999.0,2.1,0.3,144.9,933.2,2.73,7.36,53370.79,13,3.07,SYNTHETIC_DEMO_DATA,0,0,1
4,2026-08-10 18:22:35.250415+00:00,9.02,25.22,73.88,81.93,81.93,0,0,0,0,999.0,2.1,0.3,144.9,933.2,2.73,7.36,53370.79,13,3.07,SYNTHETIC_DEMO_DATA,0,1,1
4,2026-08-10 19:22:35.250415+00:00,1.3,26.48,74.28,83.23,83.23,0,0,0,0,999.0,2.1,0.3,144.9,933.2,2.73,7.36,53370.79,13,3.07,SYNTHETIC_DEMO_DATA,0,1,1
4,2026-08-10 20:22:35.250415+00:00,5.03,30.1,77.83,88.26,88.26,0,0,0,0,999.0,2.1,0.3,144.9,933.2,2.73,7.36,53370.79,13,3.07,SYNTHETIC_DEMO_DATA,0,1,1
4,2026-08-10 21:22:35.250415+00:00,0.38,21.97,73.78,88.64,88.64,0,0,0,0,999.0,2.1,0.3,144.9,933.2,2.73,7.36,53370.79,13,3.07,SYNTHETIC_DEMO_DATA,0,1,1
4,2026-08-10 22:22:35.250415+00:00,0.23,21.82,69.72,88.87,88.87,0,0,0,0,999.0,2.1,0.3,144.9,933.2,2.73,7.36,53370.79,13,3.07,SYNTHETIC_DEMO_DATA,0,1,1
4,2026-08-10 23:22:35.250415+00:00,0.97,16.93,69.91,89.84,89.84,0,0,0,0,999.0,2.1,0.3,144.9,933.2,2.73,7.36,53370.79,13,3.07,SYNTHETIC_DEMO_DATA,0,1,1
4,2026-08-11 00:22:35.250415+00:00,8.98,16.89,78.11,98.82,98.82,0,0,0,0,999.0,2.1,0.3,144.9,933.2,2.73,7.36,53370.79,13,3.07,SYNTHETIC_DEMO_DATA,0,1,1
4,2026-08-11 01:22:35.250415+00:00,5.47,21.06,73.73,104.29,104.29,0,0,0,0,999.0,2.1,0.3,144.9,933.2,2.73,7.36,53370.79,13,3.07,SYNTHETIC_DEMO_DATA,0,1,1
4,2026-08-11 02:22:35.250415+00:00,9.24,25.27,79.62,113.53,113.53,0,0,0,0,999.0,2.1,0.3,144.9,933.2,2.73,7.36,53370.79,13,3.07,SYNTHETIC_DEMO_DATA,0,1,1
4,2026-08-11 03:22:35.250415+00:00,0.43,25.32,77.9,113.96,113.96,0,0,0,0,999.0,2.1,0.3,144.9,933.2,2.73,7.36,53370.79,13,3.07,SYNTHETIC_DEMO_DATA,0,1,1
4,2026-08-11 04:22:35.250415+00:00,1.52,26.61,77.16,115.48,115.48,0,0,0,0,999.0,2.1,0.3,144.9,933.2,2.73,7.36,53370.79,13,3.07,SYNTHETIC_DEMO_DATA,0,1,1
4,2026-08-11 05:22:35.250415+00:00,0.41,26.05,74.77,115.89,115.89,0,0,0,0,999.0,2.1,0.3,144.9,933.2,2.73,7.36,53370.79,13,3.07,SYNTHETIC_DEMO_DATA,0,1,1
4,2026-08-11 06:22:35.250415+00:00,0.39,17.46,71.94,116.28,116.28,0,0,0,0,999.0,2.1,0.3,144.9,933.2,2.73,7.36,53370.79,13,3.07,SYNTHETIC_DEMO_DATA,0,1,1
4,2026-08-11 07:22:35.250415+00:00,0.61,12.6,71.56,116.89,116.89,0,0,0,0,999.0,2.1,0.3,144.9,933.2,2.73,7.36,53370.79,13,3.07,SYNTHETIC_DEMO_DATA,0,1,1
4,2026-08-11 08:22:35.250415+00:00,2.28,5.64,68.13,119.17,119.17,0,0,0,0,999.0,2.1,0.3,144.9,933.2,2.73,7.36,53370.79,13,3.07,SYNTHETIC_DEMO_DATA,0,1,1
4,2026-08-11 09:22:35.250415+00:00,2.65,7.86,69.44,121.82,121.82,0,0,0,0,999.0,2.1,0.3,144.9,933.2,2.73,7.36,53370.79,13,3.07,SYNTHETIC_DEMO_DATA,0,1,1
4,2026-08-11 10:22:35.250415+00:00,0.62,6.96,67.47,122.44,122.44,0,0,0,0,999.0,2.1,0.3,144.9,933.2,2.73,7.36,53370.79,13,3.07,SYNTHETIC_DEMO_DATA,0,1,1
4,2026-08-11 11:22:35.250415+00:00,7.95,14.5,75.26,130.39,130.39,0,0,0,0,999.0,2.1,0.3,144.9,933.2,2.73,7.36,53370.79,13,3.07,SYNTHETIC_DEMO_DATA,0,1,1
4,2026-08-11 12:22:35.250415+00:00,2.28,16.39,75.96,132.67,132.67,0,0,0,0,999.0,2.1,0.3,144.9,933.2,2.73,7.36,53370.79,13,3.07,SYNTHETIC_DEMO_DATA,0,1,1
4,2026-08-11 13:22:35.250415+00:00,5.33,21.11,81.25,138.0,138.0,0,0,0,0,999.0,2.1,0.3,144.9,933.2,2.73,7.36,53370.79,13,3.07,SYNTHETIC_DEMO_DATA,0,1,1
4,2026-08-11 14:22:35.250415+00:00,3.28,22.11,83.12,141.28,141.28,0,0,0,0,999.0,2.1,0.3,144.9,933.2,2.73,7.36,53370.79,13,3.07,SYNTHETIC_DEMO_DATA,0,1,1
4,2026-08-11 15:22:35.250415+00:00,7.11,26.57,81.72,148.39,148.39,0,0,0,0,999.0,2.1,0.3,144.9,933.2,2.73,7.36,53370.79,13,3.07,SYNTHETIC_DEMO_DATA,0,1,1
4,2026-08-11 16:22:35.250415+00:00,0.1,26.05,81.44,148.49,148.49,0,0,0,0,999.0,2.1,0.3,144.9,933.2,2.73,7.36,53370.79,13,3.07,SYNTHETIC_DEMO_DATA,0,1,1
4,2026-08-11 17:22:35.250415+00:00,3.55,21.65,79.13,146.68,152.04,0,0,0,0,999.0,2.1,0.3,144.9,933.2,2.73,7.36,53370.79,13,3.07,SYNTHETIC_DEMO_DATA,0,1,1
4,2026-08-11 18:22:35.250415+00:00,8.07,27.44,78.18,152.06,160.11,0,0,0,0,999.0,2.1,0.3,144.9,933.2,2.73,7.36,53370.79,13,3.07,SYNTHETIC_DEMO_DATA,1,1,1
4,2026-08-11 19:22:35.250415+00:00,0.4,22.51,77.28,151.56,160.51,0,0,0,0,999.0,2.1,0.3,144.9,933.2,2.73,7.36,53370.79,13,3.07,SYNTHETIC_DEMO_DATA,1,1,1
4,2026-08-11 20:22:35.250415+00:00,4.01,23.24,76.26,154.09,164.52,0,0,0,0,999.0,2.1,0.3,144.9,933.2,2.73,7.36,53370.79,13,3.07,SYNTHETIC_DEMO_DATA,1,1,1
4,2026-08-11 21:22:35.250415+00:00,0.48,16.61,76.36,150.14,165.0,0,0,0,0,999.0,2.1,0.3,144.9,933.2,2.73,7.36,53370.79,13,3.07,SYNTHETIC_DEMO_DATA,1,1,1
4,2026-08-11 22:22:35.250415+00:00,4.48,20.99,80.61,150.33,169.48,0,0,0,0,999.0,2.1,0.3,144.9,933.2,2.73,7.36,53370.79,13,3.07,SYNTHETIC_DEMO_DATA,1,1,1
4,2026-08-11 23:22:35.250415+00:00,3.78,21.22,83.42,153.33,173.26,0,0,0,0,999.0,2.1,0.3,144.9,933.2,2.73,7.36,53370.79,13,3.07,SYNTHETIC_DEMO_DATA,1,1,1
4,2026-08-12 00:22:35.250415+00:00,5.32,18.47,79.76,157.87,178.58,0,0,0,0,999.0,2.1,0.3,144.9,933.2,2.73,7.36,53370.79,13,3.07,SYNTHETIC_DEMO_DATA,1,1,1
4,2026-08-12 01:22:35.250415+00:00,0.9,18.97,75.19,148.92,179.48,0,0,0,0,999.0,2.1,0.3,144.9,933.2,2.73,7.36,53370.79,13,3.07,SYNTHETIC_DEMO_DATA,1,1,1
4,2026-08-12 02:22:35.250415+00:00,1.66,16.62,67.61,147.23,181.14,0,0,0,0,999.0,2.1,0.3,144.9,933.2,2.73,7.36,53370.79,13,3.07,SYNTHETIC_DEMO_DATA,1,1,1
4,2026-08-12 03:22:35.250415+00:00,0.96,17.1,68.14,146.04,182.1,0,0,0,0,999.0,2.1,0.3,144.9,933.2,2.73,7.36,53370.79,13,3.07,SYNTHETIC_DEMO_DATA,1,1,1
4,2026-08-12 04:22:35.250415+00:00,2.2,14.82,68.82,145.98,184.3,0,0,0,0,999.0,2.1,0.3,144.9,933.2,2.73,7.36,53370.79,13,3.07,SYNTHETIC_DEMO_DATA,1,1,1
4,2026-08-12 05:22:35.250415+00:00,3.96,15.0,72.37,147.14,188.26,0,0,0,0,999.0,2.1,0.3,144.9,933.2,2.73,7.36,53370.79,13,3.07,SYNTHETIC_DEMO_DATA,1,1,1
4,2026-08-12 06:22:35.250415+00:00,0.85,10.53,72.83,144.77,189.11,0,0,0,0,999.0,2.1,0.3,144.9,933.2,2.73,7.36,53370.79,13,3.07,SYNTHETIC_DEMO_DATA,1,1,1
4,2026-08-12 07:22:35.250415+00:00,4.93,14.56,77.15,148.71,194.04,0,0,0,0,999.0,2.1,0.3,144.9,933.2,2.73,7.36,53370.79,13,3.07,SYNTHETIC_DEMO_DATA,1,1,1
4,2026-08-12 08:22:35.250415+00:00,3.59,16.49,78.46,146.59,197.63,0,0,0,0,999.0,2.1,0.3,144.9,933.2,2.73,7.36,53370.79,13,3.07,SYNTHETIC_DEMO_DATA,1,1,1
4,2026-08-12 09:22:35.250415+00:00,1.25,16.78,77.06,146.5,198.88,0,0,0,0,999.0,2.1,0.3,144.9,933.2,2.73,7.36,53370.79,13,3.07,SYNTHETIC_DEMO_DATA,1,1,1
4,2026-08-12 10:22:35.250415+00:00,8.39,22.97,84.83,152.3,207.27,0,0,0,0,999.0,2.1,0.3,144.9,933.2,2.73,7.36,53370.79,13,3.07,SYNTHETIC_DEMO_DATA,1,1,1
4,2026-08-12 11:22:35.250415+00:00,1.31,20.32,78.19,153.45,208.58,0,0,0,0,999.0,2.1,0.3,144.9,933.2,2.73,7.36,53370.79,13,3.07,SYNTHETIC_DEMO_DATA,1,1,1
4,2026-08-12 12:22:35.250415+00:00,8.69,28.16,84.6,160.56,217.27,0,0,0,0,999.0,2.1,0.3,144.9,933.2,2.73,7.36,53370.79,13,3.07,SYNTHETIC_DEMO_DATA,1,1,1
4,2026-08-12 13:22:35.250415+00:00,0.18,23.41,79.45,160.7,217.45,0,0,0,0,999.0,2.1,0.3,144.9,933.2,2.73,7.36,53370.79,13,3.07,SYNTHETIC_DEMO_DATA,1,1,1
4,2026-08-12 14:22:35.250415+00:00,0.29,20.11,76.46,159.58,217.74,0,0,0,0,999.0,2.1,0.3,144.9,933.2,2.73,7.36,53370.79,13,3.07,SYNTHETIC_DEMO_DATA,1,1,1
4,2026-08-12 15:22:35.250415+00:00,0.25,19.11,69.6,151.32,217.99,0,0,0,0,999.0,2.1,0.3,144.9,933.2,2.73,7.36,53370.79,13,3.07,SYNTHETIC_DEMO_DATA,1,1,1
4,2026-08-12 16:22:35.250415+00:00,5.7,16.42,75.2,156.64,223.69,0,0,0,0,999.0,2.1,0.3,144.9,933.2,2.73,7.36,53370.79,13,3.07,SYNTHETIC_DEMO_DATA,1,1,1
4,2026-08-12 17:22:35.250415+00:00,14.02,29.13,85.67,164.8,232.35,0,0,0,0,999.0,2.1,0.3,144.9,933.2,2.73,7.36,53370.79,13,3.07,SYNTHETIC_DEMO_DATA,1,1,1
4,2026-08-12 18:22:35.250415+00:00,34.07,54.51,111.67,189.85,263.73,1,1,1,0,999.0,2.1,0.3,144.9,933.2,2.73,7.36,53370.79,13,3.07,SYNTHETIC_DEMO_DATA,1,1,1
4,2026-08-12 19:22:35.250415+00:00,34.34,88.67,145.61,222.89,297.17,2,2,2,1,0.04,2.1,0.3,144.9,933.2,2.73,7.36,53370.79,13,3.07,SYNTHETIC_DEMO_DATA,1,1,1
4,2026-08-12 20:22:35.250415+00:00,14.09,102.47,155.69,231.95,309.78,2,2,2,2,0.04,2.1,0.3,144.9,933.2,2.73,7.36,53370.79,13,3.07,SYNTHETIC_DEMO_DATA,1,1,1
4,2026-08-12 21:22:35.250415+00:00,34.6,136.82,189.81,266.17,339.95,3,3,3,2,0.08,2.1,0.3,144.9,933.2,2.73,7.36,53370.79,13,3.07,SYNTHETIC_DEMO_DATA,1,1,1
4,2026-08-12 22:22:35.250415+00:00,29.03,160.15,214.36,294.97,364.69,3,3,3,3,0.04,2.1,0.3,144.9,933.2,2.73,7.36,53370.79,13,3.07,SYNTHETIC_DEMO_DATA,1,1,1
4,2026-08-12 23:22:35.250415+00:00,16.72,162.85,227.3,310.72,380.63,3,3,3,3,0.08,2.1,0.3,144.9,933.2,2.73,7.36,53370.79,13,3.07,SYNTHETIC_DEMO_DATA,1,1,1
4,2026-08-13 00:22:35.250415+00:00,16.05,144.83,238.03,317.79,395.9,4,4,4,3,0.12,2.1,0.3,144.9,933.2,2.73,7.36,53370.79,13,3.07,SYNTHETIC_DEMO_DATA,1,1,1
4,2026-08-13 01:22:35.250415+00:00,24.19,134.68,261.32,336.51,410.24,4,4,4,3,0.04,2.1,0.3,144.9,933.2,2.73,7.36,53370.79,13,3.07,SYNTHETIC_DEMO_DATA,1,1,1
4,2026-08-13 02:22:35.250415+00:00,18.49,139.08,278.15,345.76,425.38,4,4,4,3,0.08,2.1,0.3,144.9,933.2,2.73,7.36,53370.79,13,3.07,SYNTHETIC_DEMO_DATA,1,1,1
4,2026-08-13 03:22:35.250415+00:00,34.4,138.88,311.59,379.73,457.63,4,4,4,3,0.12,2.1,0.3,144.9,933.2,2.73,7.36,53370.79,13,3.07,SYNTHETIC_DEMO_DATA,1,1,1
4,2026-08-13 04:22:35.250415+00:00,16.44,126.29,325.83,394.65,471.81,4,4,4,3,0.17,2.1,0.3,144.9,933.2,2.73,7.36,53370.79,13,3.07,SYNTHETIC_DEMO_DATA,1,1,1
4,2026-08-13 05:22:35.250415+00:00,103.55,213.12,425.42,497.79,572.56,5,5,5,3,0.21,2.1,0.3,144.9,933.2,2.73,7.36,53370.79,13,3.07,SYNTHETIC_DEMO_DATA,1,1,1
4,2026-08-13 06:22:35.250415+00:00,100.54,297.61,525.11,597.94,669.88,6,6,6,4,0.04,2.1,0.3,144.9,933.2,2.73,7.36,53370.79,13,3.07,SYNTHETIC_DEMO_DATA,1,1,1
4,2026-08-13 07:22:35.250415+00:00,108.04,381.46,628.22,705.37,776.93,7,7,7,5,0.04,2.1,0.3,144.9,933.2,2.73,7.36,53370.79,13,3.07,SYNTHETIC_DEMO_DATA,1,1,1
4,2026-08-13 08:22:35.250415+00:00,88.15,451.12,712.78,791.24,859.37,8,8,8,6,0.04,2.1,0.3,144.9,933.2,2.73,7.36,53370.79,13,3.07,SYNTHETIC_DEMO_DATA,1,1,1
4,2026-08-13 09:22:35.250415+00:00,65.55,482.27,777.08,854.14,923.58,9,9,9,7,0.04,2.1,0.3,144.9,933.2,2.73,7.36,53370.79,13,3.07,SYNTHETIC_DEMO_DATA,1,1,1
4,2026-08-13 10:22:35.250415+00:00,65.02,530.85,833.71,918.54,986.01,10,10,10,8,0.04,2.1,0.3,144.9,933.2,2.73,7.36,53370.79,13,3.07,SYNTHETIC_DEMO_DATA,1,1,1
4,2026-08-13 11:22:35.250415+00:00,101.48,528.78,933.88,1012.07,1087.33,11,11,11,9,0.04,2.1,0.3,144.9,933.2,2.73,7.36,53370.79,13,3.07,SYNTHETIC_DEMO_DATA,1,1,1
4,2026-08-13 12:22:35.250415+00:00,31.77,460.01,956.96,1041.56,1117.52,12,12,12,10,0.04,2.1,0.3,144.9,933.2,2.73,7.36,53370.79,13,3.07,SYNTHETIC_DEMO_DATA,1,1,1
4,2026-08-13 13:22:35.250415+00:00,18.11,370.08,974.89,1054.34,1135.59,12,12,12,11,0.04,2.1,0.3,144.9,933.2,2.73,7.36,53370.79,13,3.07,SYNTHETIC_DEMO_DATA,1,1,1
4,2026-08-13 14:22:35.250415+00:00,22.98,304.91,997.58,1074.04,1157.16,13,13,13,11,0.08,2.1,0.3,144.9,933.2,2.73,7.36,53370.79,13,3.07,SYNTHETIC_DEMO_DATA,1,1,1
4,2026-08-13 15:22:35.250415+00:00,26.19,265.55,1023.52,1093.12,1174.84,13,13,13,11,0.04,2.1,0.3,144.9,933.2,2.73,7.36,53370.79,13,3.07,SYNTHETIC_DEMO_DATA,1,1,1
4,2026-08-13 16:22:35.250415+00:00,27.9,228.43,1045.72,1120.92,1202.36,14,14,14,11,0.08,2.1,0.3,144.9,933.2,2.73,7.36,53370.79,13,3.07,SYNTHETIC_DEMO_DATA,1,1,1
4,2026-08-13 17:22:35.250415+00:00,0.13,127.08,1031.83,1117.5,1196.63,14,14,14,12,0.04,2.1,0.3,144.9,933.2,2.73,7.36,53370.79,13,3.07,SYNTHETIC_DEMO_DATA,0,0,0
4,2026-08-13 18:22:35.250415+00:00,5.19,100.5,1002.95,1114.62,1192.8,14,14,14,12,0.08,2.1,0.3,144.9,933.2,2.73,7.36,53370.79,13,3.07,SYNTHETIC_DEMO_DATA,0,0,0
4,2026-08-13 19:22:35.250415+00:00,0.79,83.18,969.4,1115.01,1192.29,14,14,14,12,0.12,2.1,0.3,144.9,933.2,2.73,7.36,53370.79,13,3.07,SYNTHETIC_DEMO_DATA,0,0,0
4,2026-08-13 20:22:35.250415+00:00,0.96,61.16,956.27,1111.96,1188.22,14,14,14,12,0.17,2.1,0.3,144.9,933.2,2.73,7.36,53370.79,13,3.07,SYNTHETIC_DEMO_DATA,0,0,0
4,2026-08-13 21:22:35.250415+00:00,2.28,37.25,923.95,1113.76,1190.12,14,14,14,12,0.21,2.1,0.3,144.9,933.2,2.73,7.36,53370.79,13,3.07,SYNTHETIC_DEMO_DATA,0,0,0
4,2026-08-13 22:22:35.250415+00:00,0.31,9.66,895.23,1109.59,1190.2,14,14,14,12,0.25,2.1,0.3,144.9,933.2,2.73,7.36,53370.79,13,3.07,SYNTHETIC_DEMO_DATA,0,0,0
4,2026-08-13 23:22:35.250415+00:00,0.28,9.81,878.79,1106.09,1189.51,14,14,14,12,0.29,2.1,0.3,144.9,933.2,2.73,7.36,53370.79,13,3.07,SYNTHETIC_DEMO_DATA,0,0,0
4,2026-08-14 00:22:35.250415+00:00,2.75,7.37,865.49,1103.52,1183.28,14,14,14,12,0.33,2.1,0.3,144.9,933.2,2.73,7.36,53370.79,13,3.07,SYNTHETIC_DEMO_DATA,0,0,0
4,2026-08-14 01:22:35.250415+00:00,0.25,6.83,841.55,1102.87,1178.06,14,14,14,12,0.38,2.1,0.3,144.9,933.2,2.73,7.36,53370.79,13,3.07,SYNTHETIC_DEMO_DATA,0,0,0
4,2026-08-14 02:22:35.250415+00:00,1.53,7.4,824.59,1102.74,1170.35,14,14,14,12,0.42,2.1,0.3,144.9,933.2,2.73,7.36,53370.79,13,3.07,SYNTHETIC_DEMO_DATA,0,0,0
4,2026-08-14 03:22:35.250415+00:00,2.9,8.02,793.09,1104.68,1172.82,14,14,14,12,0.46,2.1,0.3,144.9,933.2,2.73,7.36,53370.79,13,3.07,SYNTHETIC_DEMO_DATA,0,0,0
4,2026-08-14 04:22:35.250415+00:00,3.53,11.24,780.18,1106.01,1174.83,14,14,14,12,0.5,2.1,0.3,144.9,933.2,2.73,7.36,53370.79,13,3.07,SYNTHETIC_DEMO_DATA,0,0,0
4,2026-08-14 05:22:35.250415+00:00,5.27,16.23,681.9,1107.32,1179.69,14,14,14,12,0.54,2.1,0.3,144.9,933.2,2.73,7.36,53370.79,13,3.07,SYNTHETIC_DEMO_DATA,0,0,0
4,2026-08-14 06:22:35.250415+00:00,9.63,23.11,590.99,1116.1,1188.93,14,14,14,12,0.58,2.1,0.3,144.9,933.2,2.73,7.36,53370.79,13,3.07,SYNTHETIC_DEMO_DATA,0,0,0
4,2026-08-14 07:22:35.250415+00:00,6.68,29.54,489.63,1117.85,1195.0,14,14,14,12,0.62,2.1,0.3,144.9,933.2,2.73,7.36,53370.79,13,3.07,SYNTHETIC_DEMO_DATA,0,0,0
4,2026-08-14 08:22:35.250415+00:00,0.21,28.22,401.69,1114.47,1192.93,14,14,14,12,0.67,2.1,0.3,144.9,933.2,2.73,7.36,53370.79,13,3.07,SYNTHETIC_DEMO_DATA,0,0,0
4,2026-08-14 09:22:35.250415+00:00,1.29,26.61,337.43,1114.51,1191.57,14,14,14,12,0.71,2.1,0.3,144.9,933.2,2.73,7.36,53370.79,13,3.07,SYNTHETIC_DEMO_DATA,0,0,0
4,2026-08-14 10:22:35.250415+00:00,0.69,23.77,273.1,1106.81,1191.64,14,14,14,12,0.75,2.1,0.3,144.9,933.2,2.73,7.36,53370.79,13,3.07,SYNTHETIC_DEMO_DATA,0,0,0
4,2026-08-14 11:22:35.250415+00:00,0.41,18.91,172.03,1105.91,1184.1,14,14,14,12,0.79,2.1,0.3,144.9,933.2,2.73,7.36,53370.79,13,3.07,SYNTHETIC_DEMO_DATA,0,0,0
4,2026-08-14 12:22:35.250415+00:00,5.93,15.21,146.19,1103.15,1187.75,14,14,14,12,0.83,2.1,0.3,144.9,933.2,2.73,7.36,53370.79,13,3.07,SYNTHETIC_DEMO_DATA,0,0,0
4,2026-08-14 13:22:35.250415+00:00,0.42,8.95,128.5,1103.39,1182.84,14,14,14,12,0.88,2.1,0.3,144.9,933.2,2.73,7.36,53370.79,13,3.07,SYNTHETIC_DEMO_DATA,0,0,0
4,2026-08-14 14:22:35.250415+00:00,0.52,9.26,106.04,1103.62,1180.08,14,14,14,12,0.92,2.1,0.3,144.9,933.2,2.73,7.36,53370.79,13,3.07,SYNTHETIC_DEMO_DATA,0,0,0
4,2026-08-14 15:22:35.250415+00:00,2.42,10.39,82.27,1105.79,1175.39,14,14,14,12,0.96,2.1,0.3,144.9,933.2,2.73,7.36,53370.79,13,3.07,SYNTHETIC_DEMO_DATA,0,0,0
4,2026-08-14 16:22:35.250415+00:00,6.52,16.22,60.89,1106.61,1181.81,14,14,14,12,1.0,2.1,0.3,144.9,933.2,2.73,7.36,53370.79,13,3.07,SYNTHETIC_DEMO_DATA,0,0,0
4,2026-08-14 17:22:35.250415+00:00,2.47,18.28,63.23,1095.06,1180.73,14,14,14,12,1.04,2.1,0.3,144.9,933.2,2.73,7.36,53370.79,13,3.07,SYNTHETIC_DEMO_DATA,0,0,0
4,2026-08-14 18:22:35.250415+00:00,1.19,13.54,59.23,1062.18,1173.85,14,14,14,12,1.08,2.1,0.3,144.9,933.2,2.73,7.36,53370.79,13,3.07,SYNTHETIC_DEMO_DATA,0,0,0
4,2026-08-14 19:22:35.250415+00:00,2.55,15.67,60.99,1030.39,1176.0,14,14,14,12,1.12,2.1,0.3,144.9,933.2,2.73,7.36,53370.79,13,3.07,SYNTHETIC_DEMO_DATA,0,0,0
4,2026-08-14 20:22:35.250415+00:00,0.62,15.77,60.65,1016.92,1172.61,14,14,14,12,1.17,2.1,0.3,144.9,933.2,2.73,7.36,53370.79,13,3.07,SYNTHETIC_DEMO_DATA,0,0,0
4,2026-08-14 21:22:35.250415+00:00,9.41,22.76,67.78,991.73,1181.54,14,14,14,12,1.21,2.1,0.3,144.9,933.2,2.73,7.36,53370.79,13,3.07,SYNTHETIC_DEMO_DATA,0,0,0
4,2026-08-14 22:22:35.250415+00:00,7.11,23.35,74.58,969.81,1184.17,14,14,14,12,1.25,2.1,0.3,144.9,933.2,2.73,7.36,53370.79,13,3.07,SYNTHETIC_DEMO_DATA,0,0,0
4,2026-08-14 23:22:35.250415+00:00,0.89,21.77,75.19,953.98,1181.28,14,14,14,12,1.29,2.1,0.3,144.9,933.2,2.73,7.36,53370.79,13,3.07,SYNTHETIC_DEMO_DATA,0,0,0
4,2026-08-15 00:22:35.250415+00:00,5.9,26.48,78.34,943.83,1181.86,14,14,14,12,1.33,2.1,0.3,144.9,933.2,2.73,7.36,53370.79,13,3.07,SYNTHETIC_DEMO_DATA,0,0,0
4,2026-08-15 01:22:35.250415+00:00,0.19,24.12,78.28,919.83,1181.15,14,14,14,12,1.38,2.1,0.3,144.9,933.2,2.73,7.36,53370.79,13,3.07,SYNTHETIC_DEMO_DATA,0,0,0
4,2026-08-15 02:22:35.250415+00:00,0.82,24.32,77.57,902.16,1180.31,14,14,14,12,1.42,2.1,0.3,144.9,933.2,2.73,7.36,53370.79,13,3.07,SYNTHETIC_DEMO_DATA,0,0,0
4,2026-08-15 03:22:35.250415+00:00,0.68,15.59,75.35,868.44,1180.03,14,14,14,12,1.46,2.1,0.3,144.9,933.2,2.73,7.36,53370.79,13,3.07,SYNTHETIC_DEMO_DATA,0,0,0
4,2026-08-15 04:22:35.250415+00:00,0.97,9.45,72.79,852.97,1178.8,14,14,14,12,1.5,2.1,0.3,144.9,933.2,2.73,7.36,53370.79,13,3.07,SYNTHETIC_DEMO_DATA,0,0,0
4,2026-08-15 05:22:35.250415+00:00,12.43,20.99,79.95,761.85,1187.27,14,14,14,12,1.54,2.1,0.3,144.9,933.2,2.73,7.36,53370.79,13,3.07,SYNTHETIC_DEMO_DATA,0,0,0
4,2026-08-15 06:22:35.250415+00:00,5.13,20.22,75.45,666.44,1191.55,14,14,14,12,1.58,2.1,0.3,144.9,933.2,2.73,7.36,53370.79,13,3.07,SYNTHETIC_DEMO_DATA,0,0,0
4,2026-08-15 07:22:35.250415+00:00,0.46,20.49,69.23,558.86,1187.08,14,14,14,12,1.62,2.1,0.3,144.9,933.2,2.73,7.36,53370.79,13,3.07,SYNTHETIC_DEMO_DATA,0,0,0
4,2026-08-15 08:22:35.250415+00:00,0.58,20.25,69.6,471.29,1184.07,14,14,14,12,1.67,2.1,0.3,144.9,933.2,2.73,7.36,53370.79,13,3.07,SYNTHETIC_DEMO_DATA,0,0,0
4,2026-08-15 09:22:35.250415+00:00,4.66,24.23,72.97,410.4,1187.48,14,14,14,12,1.71,2.1,0.3,144.9,933.2,2.73,7.36,53370.79,13,3.07,SYNTHETIC_DEMO_DATA,0,0,0
4,2026-08-15 10:22:35.250415+00:00,4.04,27.3,76.32,349.42,1183.13,14,14,14,12,1.75,2.1,0.3,144.9,933.2,2.73,7.36,53370.79,13,3.07,SYNTHETIC_DEMO_DATA,0,0,0
4,2026-08-15 11:22:35.250415+00:00,3.65,18.52,79.56,251.59,1185.47,14,14,14,12,1.79,2.1,0.3,144.9,933.2,2.73,7.36,53370.79,13,3.07,SYNTHETIC_DEMO_DATA,0,0,0
4,2026-08-15 12:22:35.250415+00:00,6.69,20.08,80.32,226.51,1183.47,14,14,14,12,1.83,2.1,0.3,144.9,933.2,2.73,7.36,53370.79,13,3.07,SYNTHETIC_DEMO_DATA,0,0,0
4,2026-08-15 13:22:35.250415+00:00,3.32,22.94,83.22,211.72,1186.61,14,14,14,12,1.88,2.1,0.3,144.9,933.2,2.73,7.36,53370.79,13,3.07,SYNTHETIC_DEMO_DATA,0,0,0
4,2026-08-15 14:22:35.250415+00:00,0.81,23.17,83.51,189.55,1187.13,14,14,14,12,1.92,2.1,0.3,144.9,933.2,2.73,7.36,53370.79,13,3.07,SYNTHETIC_DEMO_DATA,0,0,0
4,2026-08-15 15:22:35.250415+00:00,0.45,18.96,81.54,163.81,1187.33,14,14,14,12,1.96,2.1,0.3,144.9,933.2,2.73,7.36,53370.79,13,3.07,SYNTHETIC_DEMO_DATA,0,0,0
4,2026-08-15 16:22:35.250415+00:00,4.87,19.79,79.89,140.78,1186.5,14,14,14,12,2.0,2.1,0.3,144.9,933.2,2.73,7.36,53370.79,13,3.07,SYNTHETIC_DEMO_DATA,0,0,0
4,2026-08-15 17:22:35.250415+00:00,0.96,17.1,78.38,141.61,1173.44,14,14,14,12,2.04,2.1,0.3,144.9,933.2,2.73,7.36,53370.79,13,3.07,SYNTHETIC_DEMO_DATA,0,0,0
4,2026-08-15 18:22:35.250415+00:00,2.78,13.19,79.97,139.2,1142.15,14,14,14,12,2.08,2.1,0.3,144.9,933.2,2.73,7.36,53370.79,13,3.07,SYNTHETIC_DEMO_DATA,0,0,0
4,2026-08-15 19:22:35.250415+00:00,2.7,12.57,80.12,141.11,1110.51,14,14,14,12,2.12,2.1,0.3,144.9,933.2,2.73,7.36,53370.79,13,3.07,SYNTHETIC_DEMO_DATA,0,0,0
4,2026-08-15 20:22:35.250415+00:00,2.58,14.34,82.08,142.73,1099.0,14,14,14,12,2.17,2.1,0.3,144.9,933.2,2.73,7.36,53370.79,13,3.07,SYNTHETIC_DEMO_DATA,0,0,0
4,2026-08-15 21:22:35.250415+00:00,5.19,19.08,77.86,145.64,1069.59,14,14,14,12,2.21,2.1,0.3,144.9,933.2,2.73,7.36,53370.79,13,3.07,SYNTHETIC_DEMO_DATA,0,0,0
4,2026-08-15 22:22:35.250415+00:00,0.5,14.71,71.25,145.83,1041.06,14,14,14,12,2.25,2.1,0.3,144.9,933.2,2.73,7.36,53370.79,13,3.07,SYNTHETIC_DEMO_DATA,0,0,0
4,2026-08-15 23:22:35.250415+00:00,1.99,15.74,72.35,147.54,1026.33,14,14,14,12,2.29,2.1,0.3,144.9,933.2,2.73,7.36,53370.79,13,3.07,SYNTHETIC_DEMO_DATA,0,0,0
4,2026-08-16 00:22:35.250415+00:00,1.13,14.09,67.58,145.92,1011.41,14,14,14,12,2.33,2.1,0.3,144.9,933.2,2.73,7.36,53370.79,13,3.07,SYNTHETIC_DEMO_DATA,0,0,0
4,2026-08-16 01:22:35.250415+00:00,1.74,13.13,69.13,147.41,988.96,14,14,14,12,2.38,2.1,0.3,144.9,933.2,2.73,7.36,53370.79,13,3.07,SYNTHETIC_DEMO_DATA,0,0,0
4,2026-08-16 02:22:35.250415+00:00,15.27,25.82,83.58,161.15,985.74,14,14,14,12,2.42,2.1,0.3,144.9,933.2,2.73,7.36,53370.79,13,3.07,SYNTHETIC_DEMO_DATA,0,0,0
4,2026-08-16 03:22:35.250415+00:00,0.42,21.05,83.32,158.67,951.76,14,14,14,12,2.46,2.1,0.3,144.9,933.2,2.73,7.36,53370.79,13,3.07,SYNTHETIC_DEMO_DATA,0,0,0
4,2026-08-16 04:22:35.250415+00:00,4.3,24.85,86.65,159.44,939.62,14,14,14,12,2.5,2.1,0.3,144.9,933.2,2.73,7.36,53370.79,13,3.07,SYNTHETIC_DEMO_DATA,0,0,0
4,2026-08-16 05:22:35.250415+00:00,5.63,28.49,79.85,159.8,841.7,14,14,14,12,2.54,2.1,0.3,144.9,933.2,2.73,7.36,53370.79,13,3.07,SYNTHETIC_DEMO_DATA,0,0,0
4,2026-08-16 06:22:35.250415+00:00,4.9,32.26,79.62,155.07,746.06,14,14,14,12,2.58,2.1,0.3,144.9,933.2,2.73,7.36,53370.79,13,3.07,SYNTHETIC_DEMO_DATA,0,0,0
4,2026-08-16 07:22:35.250415+00:00,3.22,33.74,82.38,151.61,641.24,14,14,14,12,2.62,2.1,0.3,144.9,933.2,2.73,7.36,53370.79,13,3.07,SYNTHETIC_DEMO_DATA,0,0,0
4,2026-08-16 08:22:35.250415+00:00,2.22,20.69,84.02,153.62,555.31,14,14,14,12,2.67,2.1,0.3,144.9,933.2,2.73,7.36,53370.79,13,3.07,SYNTHETIC_DEMO_DATA,0,0,0
4,2026-08-16 09:22:35.250415+00:00,1.16,21.43,80.52,153.49,490.92,14,14,14,12,2.71,2.1,0.3,144.9,933.2,2.73,7.36,53370.79,13,3.07,SYNTHETIC_DEMO_DATA,0,0,0
4,2026-08-16 10:22:35.250415+00:00,0.83,17.96,77.31,153.63,426.73,14,14,14,12,2.75,2.1,0.3,144.9,933.2,2.73,7.36,53370.79,13,3.07,SYNTHETIC_DEMO_DATA,0,0,0
4,2026-08-16 11:22:35.250415+00:00,0.0,12.33,73.66,153.22,325.25,14,14,14,12,2.79,2.1,0.3,144.9,933.2,2.73,7.36,53370.79,13,3.07,SYNTHETIC_DEMO_DATA,0,0,0
4,2026-08-16 12:22:35.250415+00:00,4.67,12.1,71.64,151.96,298.15,14,14,14,12,2.83,2.1,0.3,144.9,933.2,2.73,7.36,53370.79,13,3.07,SYNTHETIC_DEMO_DATA,0,0,0
4,2026-08-16 13:22:35.250415+00:00,10.15,19.03,78.47,161.69,290.19,14,14,14,12,2.88,2.1,0.3,144.9,933.2,2.73,7.36,53370.79,13,3.07,SYNTHETIC_DEMO_DATA,0,0,0
4,2026-08-16 14:22:35.250415+00:00,1.39,18.2,79.05,162.56,268.6,14,14,14,12,2.92,2.1,0.3,144.9,933.2,2.73,7.36,53370.79,13,3.07,SYNTHETIC_DEMO_DATA,0,0,0
4,2026-08-16 15:22:35.250415+00:00,4.03,21.07,82.63,164.17,246.44,14,14,14,12,2.96,2.1,0.3,144.9,933.2,2.73,7.36,53370.79,13,3.07,SYNTHETIC_DEMO_DATA,0,0,0
4,2026-08-16 16:22:35.250415+00:00,1.23,21.47,78.99,158.88,219.77,14,14,14,12,3.0,2.1,0.3,144.9,933.2,2.73,7.36,53370.79,13,3.07,SYNTHETIC_DEMO_DATA,0,0,0
